mx,my,mz
0.209396,-0.221151,0.0259264
-0.209393,0.221154,-0.0259278
0.209395,-0.221152,0.0259269
-0.209394,0.221153,-0.0259265
-0.209393,0.221155,-0.0259229
0.209396,-0.221152,0.0259226
-0.209393,0.221154,-0.0259232
0.209396,-0.221152,0.0259238
0.209395,-0.221152,0.0259269
-0.209394,0.221153,-0.0259265
0.209396,-0.221151,0.0259264
-0.209393,0.221154,-0.0259278
-0.209393,0.221154,-0.0259232
0.209396,-0.221152,0.0259237
-0.209392,0.221155,-0.0259228
0.209396,-0.221152,0.0259226
