mx,my,mz
0,0,-0.197836
0,0,0.197836
0,0,-0.197836
0,0,0.197836
0,0,0.197836
0,0,-0.197836
0,0,0.197836
0,0,-0.197836
0,0,-0.197836
0,0,0.197836
0,0,-0.197836
0,0,0.197836
0,0,0.197836
0,0,-0.197836
0,0,0.197836
0,0,-0.197836
