mx,my,mz
0,0,-0.261849
0,0,0.261849
0,0,-0.261849
0,0,0.261849
0,0,0.261849
0,0,-0.261849
0,0,0.261849
0,0,-0.261849
0,0,-0.261849
0,0,0.261849
0,0,-0.261849
0,0,0.261849
0,0,0.261849
0,0,-0.261849
0,0,0.261849
0,0,-0.261849
