mx,my,mz
0,0,-0.282473
0,0,0.282473
0,0,-0.282473
0,0,0.282473
0,0,0.282473
0,0,-0.282473
0,0,0.282473
0,0,-0.282473
0,0,-0.282473
0,0,0.282473
0,0,-0.282473
0,0,0.282473
0,0,0.282473
0,0,-0.282473
0,0,0.282473
0,0,-0.282473
