mx,my,mz
0,0,0.231073
0,0,-0.231073
0,0,-0.22873
0,0,0.22873
0,0,0.228731
0,0,-0.228731
0,0,0.228731
0,0,-0.228731
0,0,-0.228731
0,0,0.228731
0,0,0.231069
0,0,-0.231068
0,0,0.22873
0,0,-0.228731
0,0,0.228731
0,0,-0.228731
