mx,my,mz
0,0,-0.305387
0,0,0.305387
0,0,-0.305387
0,0,0.305387
0,0,0.305387
0,0,-0.305387
0,0,0.305387
0,0,-0.305387
0,0,-0.305387
0,0,0.305387
0,0,-0.305387
0,0,0.305387
0,0,0.305387
0,0,-0.305387
0,0,0.305387
0,0,-0.305387
