mx,my,mz
0.265994,-0.126892,-0.0810628
-0.265992,0.126896,0.0810617
0.265993,-0.126892,-0.0810642
-0.265992,0.126895,0.081064
-0.26599,0.126897,0.0810672
0.265993,-0.126892,-0.0810654
-0.265992,0.126894,0.0810655
0.265993,-0.126892,-0.0810656
0.265993,-0.126892,-0.0810642
-0.265992,0.126895,0.081064
0.265994,-0.126892,-0.0810628
-0.265992,0.126896,0.0810617
-0.265992,0.126894,0.0810655
0.265993,-0.126892,-0.0810656
-0.26599,0.126897,0.0810672
0.265993,-0.126892,-0.0810654
