mx,my,mz
-0.15365,0.0765805,0.251761
0.153649,-0.07658,-0.251762
-0.153645,0.0765823,0.251763
0.15365,-0.0765794,-0.251761
0.153653,-0.0765805,-0.251759
-0.153643,0.076586,0.251763
0.153654,-0.0765745,-0.25176
-0.153651,0.0765881,0.251758
-0.153645,0.0765822,0.251763
0.15365,-0.0765794,-0.251761
-0.15365,0.0765804,0.251761
0.153649,-0.0765799,-0.251762
0.153654,-0.0765746,-0.25176
-0.153651,0.0765884,0.251758
0.153653,-0.0765806,-0.251759
-0.153643,0.0765861,0.251763
