mx,my,mz
0,0,-0.21017
0,0,0.21017
0,0,-0.21017
0,0,0.21017
0,0,0.21017
0,0,-0.21017
0,0,0.21017
0,0,-0.21017
0,0,-0.21017
0,0,0.21017
0,0,-0.21017
0,0,0.21017
0,0,0.21017
0,0,-0.21017
0,0,0.21017
0,0,-0.21017
