mx,my,mz
-0.155215,0.220676,-0.0619073
0.155219,-0.220674,0.061906
-0.155216,0.220676,-0.0619072
0.155218,-0.220675,0.0619066
0.155218,-0.220674,0.061911
-0.155216,0.220675,-0.0619106
0.155218,-0.220673,0.061912
-0.155217,0.220674,-0.0619094
-0.155216,0.220676,-0.0619071
0.155218,-0.220675,0.0619066
-0.155215,0.220676,-0.0619073
0.155219,-0.220674,0.061906
0.155218,-0.220673,0.061912
-0.155217,0.220674,-0.0619094
0.155218,-0.220674,0.061911
-0.155216,0.220675,-0.0619106
