mx,my,mz
0,0,5.96282e-06
0,0,-5.96746e-06
0,0,5.97456e-06
0,0,-5.96316e-06
0,0,-5.96658e-06
0,0,5.966e-06
0,0,-5.97324e-06
0,0,5.96705e-06
0,0,5.97521e-06
0,0,-5.96348e-06
0,0,5.96297e-06
0,0,-5.96793e-06
0,0,-5.97343e-06
0,0,5.96692e-06
0,0,-5.96626e-06
0,0,5.966e-06
