mx,my,mz
0.108413,0.00234435,0.22826
-0.108413,-0.00234306,-0.22826
0.108414,0.00234328,0.228259
-0.108411,-0.00234578,-0.228261
-0.108413,-0.00234253,-0.22826
0.108414,0.00234527,0.228259
-0.108414,-0.00234385,-0.228259
0.108413,0.00234663,0.22826
0.108414,0.00234329,0.228259
-0.108411,-0.00234581,-0.228261
0.108413,0.00234432,0.22826
-0.108413,-0.00234301,-0.22826
-0.108414,-0.00234387,-0.228259
0.108413,0.00234668,0.22826
-0.108413,-0.00234252,-0.22826
0.108414,0.00234523,0.228259
