mx,my,mz
0,0,5.51285e-07
0,0,-1.4428e-07
0,0,1.8629e-08
0,0,-6.15439e-07
0,0,8.84587e-08
0,0,-5.58097e-07
0,0,8.30011e-08
0,0,-5.6211e-07
0,0,2.39763e-07
0,0,-4.9127e-07
0,0,1.30409e-08
0,0,-5.77566e-07
0,0,2.57916e-07
0,0,-4.59249e-07
0,0,2.78391e-07
0,0,-3.10903e-07
