mx,my,mz
0,0,-0.293749
0,0,0.293749
0,0,-0.293749
0,0,0.293749
0,0,0.293749
0,0,-0.293749
0,0,0.293749
0,0,-0.293749
0,0,-0.293749
0,0,0.293749
0,0,-0.293749
0,0,0.293749
0,0,0.293749
0,0,-0.293749
0,0,0.293749
0,0,-0.293749
