mx,my,mz
0,0,3.9906e-07
0,0,-3.88493e-07
0,0,9.2354e-08
0,0,-2.79915e-07
0,0,6.04268e-07
0,0,-3.62285e-07
0,0,2.26623e-07
0,0,-4.05112e-07
0,0,3.12543e-07
0,0,-8.8251e-08
0,0,3.37096e-07
0,0,-4.26323e-07
0,0,3.46833e-08
0,0,-2.23164e-09
0,0,7.05019e-07
0,0,-2.28107e-07
