mx,my,mz
0.156114,-0.262713,-0.0056155
-0.156112,0.262714,0.00561796
0.156114,-0.262713,-0.0056169
-0.156112,0.262714,0.00561801
-0.156112,0.262714,0.00561832
0.156114,-0.262713,-0.00561878
-0.156112,0.262714,0.00561865
0.156116,-0.262712,-0.00562119
0.156114,-0.262713,-0.0056169
-0.156112,0.262714,0.00561801
0.156114,-0.262713,-0.0056155
-0.156112,0.262714,0.00561796
-0.156112,0.262714,0.00561865
0.156116,-0.262712,-0.00562119
-0.156112,0.262714,0.00561832
0.156114,-0.262713,-0.00561878
