mx,my,mz
0,0,-0.271226
0,0,0.271226
0,0,-0.271226
0,0,0.271226
0,0,0.271226
0,0,-0.271226
0,0,0.271226
0,0,-0.271226
0,0,-0.271226
0,0,0.271226
0,0,-0.271226
0,0,0.271226
0,0,0.271226
0,0,-0.271226
0,0,0.271226
0,0,-0.271226
