mx,my,mz
0,0,4.39726e-06
0,0,-4.40202e-06
0,0,4.40534e-06
0,0,-4.39486e-06
0,0,-4.38045e-06
0,0,4.38023e-06
0,0,-4.38675e-06
0,0,4.38168e-06
0,0,4.39787e-06
0,0,-4.39743e-06
0,0,4.40532e-06
0,0,-4.40041e-06
0,0,-4.3905e-06
0,0,4.39463e-06
0,0,-4.39797e-06
0,0,4.38803e-06
