mx,my,mz
0,0,4.65565e-07
0,0,-4.79864e-07
0,0,5.04044e-07
0,0,-1.89168e-07
0,0,1.28404e-07
0,0,-2.31154e-07
0,0,6.08753e-08
0,0,-2.28768e-07
0,0,2.33347e-07
0,0,-4.46315e-07
0,0,2.07713e-07
0,0,-6.16664e-07
0,0,5.50149e-07
0,0,-4.95078e-08
0,0,4.62144e-07
0,0,-4.56554e-07
