mx,my,mz
0,0,0.238887
0,0,-0.209055
0,0,0.0332161
0,0,-0.192884
0,0,0.0200818
0,0,-0.0273099
0,0,0.291398
0,0,-0.289708
0,0,0.337633
0,0,-0.208038
0,0,0.299328
0,0,-0.0545148
0,0,0.158338
0,0,-0.111895
0,0,0.309094
0,0,-0.138994
