mx,my,mz
0,0,0.239566
0,0,-0.209649
0,0,0.0333104
0,0,-0.193432
0,0,0.0201388
0,0,-0.0273875
0,0,0.292225
0,0,-0.290531
0,0,0.338592
0,0,-0.20863
0,0,0.300178
0,0,-0.0546698
0,0,0.158788
0,0,-0.112213
0,0,0.309972
0,0,-0.139389
