mx,my,mz
-0.233805,0.148837,-0.0770683
0.233807,-0.148834,0.0770686
-0.233804,0.148837,-0.077068
0.233807,-0.148833,0.0770681
0.233806,-0.148833,0.0770714
-0.233805,0.148836,-0.0770705
0.233805,-0.148834,0.0770718
-0.233804,0.148835,-0.0770728
-0.233804,0.148837,-0.0770681
0.233807,-0.148833,0.0770681
-0.233805,0.148837,-0.0770684
0.233807,-0.148834,0.0770686
0.233805,-0.148834,0.0770719
-0.233804,0.148835,-0.0770728
0.233806,-0.148833,0.0770714
-0.233805,0.148836,-0.0770706
