mx,my,mz
0,0,0.213985
0,0,-0.213985
0,0,0.213985
0,0,-0.213985
0,0,-0.213985
0,0,0.213985
0,0,-0.213985
0,0,0.213985
0,0,0.213985
0,0,-0.213985
0,0,0.213985
0,0,-0.213985
0,0,-0.213985
0,0,0.213985
0,0,-0.213985
0,0,0.213985
