mx,my,mz
0,0,8.57215e-06
0,0,-8.57201e-06
0,0,8.58361e-06
0,0,-8.57345e-06
0,0,-8.58381e-06
0,0,8.56705e-06
0,0,-8.57615e-06
0,0,8.58261e-06
0,0,8.58361e-06
0,0,-8.57345e-06
0,0,8.57215e-06
0,0,-8.57201e-06
0,0,-8.57614e-06
0,0,8.58261e-06
0,0,-8.58381e-06
0,0,8.56705e-06
