mx,my,mz
-0.138824,0.185465,0.199325
0.138829,-0.185459,-0.199327
-0.138823,0.185465,0.199326
0.138827,-0.185462,-0.199326
0.138829,-0.185462,-0.199325
-0.138822,0.185468,0.199324
0.13883,-0.185465,-0.199321
-0.138825,0.185467,0.199322
-0.138823,0.185465,0.199326
0.138827,-0.185462,-0.199326
-0.138824,0.185465,0.199325
0.138829,-0.185459,-0.199327
0.13883,-0.185465,-0.199321
-0.138825,0.185467,0.199322
0.138829,-0.185462,-0.199325
-0.138821,0.185468,0.199324
