mx,my,mz
0,0,-1.13218e-05
0,0,1.1316e-05
0,0,-1.13243e-05
0,0,1.13265e-05
0,0,1.13212e-05
0,0,-1.13289e-05
0,0,1.13283e-05
0,0,-1.13171e-05
0,0,-1.13243e-05
0,0,1.13265e-05
0,0,-1.13218e-05
0,0,1.1316e-05
0,0,1.13283e-05
0,0,-1.13171e-05
0,0,1.13212e-05
0,0,-1.13289e-05
