mx,my,mz
-0.15525,0.191812,0.180367
0.155252,-0.191809,-0.180368
-0.155252,0.191813,0.180365
0.155253,-0.191811,-0.180366
0.155254,-0.191813,-0.180363
-0.155252,0.191814,0.180363
0.155255,-0.191811,-0.180364
-0.15525,0.191814,0.180365
-0.155252,0.191812,0.180365
0.155253,-0.191811,-0.180366
-0.15525,0.191812,0.180367
0.155252,-0.191809,-0.180368
0.155255,-0.191811,-0.180364
-0.15525,0.191814,0.180365
0.155254,-0.191813,-0.180363
-0.155252,0.191814,0.180363
