mx,my,mz
0,0,3.96526e-07
0,0,-3.85737e-07
0,0,9.17853e-08
0,0,-2.77846e-07
0,0,6.00142e-07
0,0,-3.59885e-07
0,0,2.24819e-07
0,0,-4.02536e-07
0,0,3.1048e-07
0,0,-8.74829e-08
0,0,3.34983e-07
0,0,-4.2331e-07
0,0,3.41834e-08
0,0,-2.3908e-09
0,0,7.00209e-07
0,0,-2.26618e-07
