mx,my,mz
0,0,-0.175329
0,0,-0.175326
0,0,0.275938
0,0,-0.175327
0,0,-0.175328
0,0,-0.175326
0,0,0.275938
0,0,-0.175326
0,0,0.27594
0,0,-0.175329
0,0,-0.175326
0,0,-0.17533
0,0,0.27594
0,0,-0.175329
0,0,-0.175325
0,0,-0.175329
