mx,my,mz
0.0876156,0.0338895,0.165085
-0.0876156,-0.0338895,-0.165085
0.0876156,0.0338895,0.165085
-0.0876156,-0.0338895,-0.165085
-0.0876155,-0.0338895,-0.165085
0.0876156,0.0338895,0.165085
-0.0876156,-0.0338895,-0.165085
0.0876156,0.0338895,0.165085
0.0876156,0.0338895,0.165085
-0.0876156,-0.0338895,-0.165085
0.0876156,0.0338895,0.165085
-0.0876156,-0.0338895,-0.165085
-0.0876156,-0.0338895,-0.165085
0.0876156,0.0338895,0.165085
-0.0876155,-0.0338895,-0.165085
0.0876156,0.0338895,0.165085
