mx,my,mz
0.118865,-0.0513124,0.100366
-0.118865,0.0513124,-0.100366
0.118865,-0.0513124,0.100366
-0.118865,0.0513124,-0.100366
-0.118865,0.0513124,-0.100366
0.118865,-0.0513124,0.100366
-0.118865,0.0513124,-0.100366
0.118865,-0.0513124,0.100366
0.118865,-0.0513124,0.100366
-0.118865,0.0513124,-0.100366
0.118865,-0.0513124,0.100366
-0.118865,0.0513124,-0.100366
-0.118865,0.0513124,-0.100366
0.118865,-0.0513124,0.100366
-0.118865,0.0513124,-0.100366
0.118865,-0.0513124,0.100366
