mx,my,mz
0,0,-0.181466
0,0,0.181466
0,0,-0.181466
0,0,0.181466
0,0,0.181466
0,0,-0.181466
0,0,0.181466
0,0,-0.181466
0,0,-0.181466
0,0,0.181466
0,0,-0.181466
0,0,0.181466
0,0,0.181466
0,0,-0.181466
0,0,0.181466
0,0,-0.181466
