mx,my,mz
-0.164446,0.248192,0.0689359
0.164449,-0.24819,-0.0689359
-0.164447,0.248192,0.0689361
0.16445,-0.248189,-0.0689375
0.16445,-0.248191,-0.0689323
-0.164447,0.248193,0.0689312
0.16445,-0.248191,-0.0689327
-0.164447,0.248193,0.0689345
-0.164447,0.248192,0.068936
0.16445,-0.248189,-0.0689374
-0.164446,0.248192,0.0689358
0.164449,-0.24819,-0.0689359
0.16445,-0.248191,-0.0689327
-0.164446,0.248193,0.0689345
0.16445,-0.248191,-0.0689323
-0.164447,0.248193,0.0689312
