mx,my,mz
0.172539,-0.138196,0.211089
-0.172534,0.138197,-0.211092
0.172539,-0.138195,0.211089
-0.172536,0.138198,-0.21109
-0.17253,0.138204,-0.211091
0.17254,-0.138195,0.211089
-0.172536,0.138201,-0.211087
0.17254,-0.138197,0.211088
0.172539,-0.138195,0.211089
-0.172536,0.138198,-0.21109
0.172539,-0.138196,0.211089
-0.172534,0.138197,-0.211092
-0.172536,0.138201,-0.211087
0.17254,-0.138197,0.211088
-0.17253,0.138204,-0.211091
0.17254,-0.138195,0.211089
