mx,my,mz
0,0,5.39946e-07
0,0,-5.56477e-07
0,0,5.84498e-07
0,0,-2.19276e-07
0,0,1.48925e-07
0,0,-2.68133e-07
0,0,7.06275e-08
0,0,-2.65387e-07
0,0,2.70537e-07
0,0,-5.17504e-07
0,0,2.40842e-07
0,0,-7.15229e-07
0,0,6.38024e-07
0,0,-5.74178e-08
0,0,5.35954e-07
0,0,-5.2943e-07
