mx,my,mz
0,0,0.238915
0,0,-0.209079
0,0,0.0332199
0,0,-0.192906
0,0,0.0200841
0,0,-0.0273131
0,0,0.291431
0,0,-0.289742
0,0,0.337672
0,0,-0.208063
0,0,0.299362
0,0,-0.0545211
0,0,0.158357
0,0,-0.111908
0,0,0.30913
0,0,-0.13901
