mx,my,mz
0.108808,0.00150162,0.229419
-0.108807,-0.0015,-0.229419
0.108808,0.00150031,0.229418
-0.108805,-0.00150331,-0.22942
-0.108807,-0.00149933,-0.229419
0.108809,0.00150272,0.229418
-0.108809,-0.00150092,-0.229418
0.108808,0.00150439,0.229418
0.108808,0.00150032,0.229418
-0.108805,-0.00150335,-0.22942
0.108808,0.00150158,0.229419
-0.108807,-0.00149994,-0.229419
-0.108809,-0.00150095,-0.229418
0.108808,0.00150445,0.229418
-0.108807,-0.00149931,-0.229419
0.108809,0.00150268,0.229418
