mx,my,mz
-0.205497,0.0962025,-0.132808
0.205496,-0.0962023,0.13281
-0.205494,0.0962041,-0.132811
0.205497,-0.096201,0.132809
0.205495,-0.0962,0.132812
-0.205494,0.0962006,-0.132813
0.205495,-0.0961996,0.132812
-0.205494,0.0962021,-0.132813
-0.205494,0.0962041,-0.132811
0.205496,-0.0962011,0.132809
-0.205497,0.0962026,-0.132808
0.205496,-0.0962023,0.13281
0.205495,-0.0961994,0.132812
-0.205494,0.0962021,-0.132813
0.205495,-0.0961999,0.132813
-0.205494,0.0962004,-0.132813
