mx,my,mz
0,0,-0.299456
0,0,0.299456
0,0,-0.299456
0,0,0.299456
0,0,0.299456
0,0,-0.299456
0,0,0.299456
0,0,-0.299456
0,0,-0.299456
0,0,0.299456
0,0,-0.299456
0,0,0.299456
0,0,0.299456
0,0,-0.299456
0,0,0.299456
0,0,-0.299456
