mx,my,mz
0,0,0.286451
0,0,-0.286451
0,0,0.286451
0,0,-0.286451
0,0,-0.286451
0,0,0.286451
0,0,-0.286451
0,0,0.286451
0,0,0.286451
0,0,-0.286451
0,0,0.286451
0,0,-0.286451
0,0,-0.286451
0,0,0.286451
0,0,-0.286451
0,0,0.286451
