mx,my,mz
0,0,0.247011
0,0,-0.247011
0,0,0.247011
0,0,-0.247011
0,0,-0.247011
0,0,0.247011
0,0,-0.247011
0,0,0.247011
0,0,0.247011
0,0,-0.247011
0,0,0.247011
0,0,-0.247011
0,0,-0.247011
0,0,0.247011
0,0,-0.247011
0,0,0.247011
