mx,my,mz
0.110634,-0.172211,0.140582
-0.110635,0.172211,-0.140582
0.110635,-0.17221,0.140583
-0.110634,0.17221,-0.140583
-0.110635,0.172212,-0.14058
0.110637,-0.17221,0.140581
-0.110634,0.172212,-0.140581
0.110636,-0.172212,0.14058
0.110635,-0.17221,0.140583
-0.110634,0.17221,-0.140584
0.110634,-0.172211,0.140582
-0.110635,0.172211,-0.140581
-0.110634,0.172212,-0.140581
0.110636,-0.172211,0.14058
-0.110635,0.172212,-0.14058
0.110637,-0.17221,0.140581
