mx,my,mz
0,0,0.238973
0,0,-0.209131
0,0,0.0332281
0,0,-0.192954
0,0,0.020089
0,0,-0.0273198
0,0,0.291503
0,0,-0.289813
0,0,0.337754
0,0,-0.208114
0,0,0.299436
0,0,-0.0545345
0,0,0.158396
0,0,-0.111936
0,0,0.309205
0,0,-0.139044
