mx,my,mz
0,0,3.26842e-06
0,0,-3.44234e-06
0,0,3.50205e-06
0,0,-3.38503e-06
0,0,-3.23241e-06
0,0,3.43653e-06
0,0,-3.50221e-06
0,0,3.36099e-06
0,0,3.31477e-06
0,0,-3.49616e-06
0,0,3.57444e-06
0,0,-3.45166e-06
0,0,-3.15769e-06
0,0,3.30353e-06
0,0,-3.38081e-06
0,0,3.29121e-06
