mx,my,mz
0,0,0.0743956
0,0,-0.0743956
0,0,0.0743956
0,0,-0.0743956
0,0,-0.0743956
0,0,0.0743956
0,0,-0.0743956
0,0,0.0743956
0,0,0.0743956
0,0,-0.0743956
0,0,0.0743956
0,0,-0.0743956
0,0,-0.0743956
0,0,0.0743956
0,0,-0.0743956
0,0,0.0743956
