mx,my,mz
0,0,0.300987
0,0,-0.300987
0,0,0.300987
0,0,-0.300987
0,0,-0.300987
0,0,0.300987
0,0,-0.300987
0,0,0.300987
0,0,0.300987
0,0,-0.300987
0,0,0.300987
0,0,-0.300987
0,0,-0.300987
0,0,0.300987
0,0,-0.300987
0,0,0.300987
