mx,my,mz
0.213734,-0.149818,0.120234
-0.213733,0.149819,-0.120233
0.213734,-0.149817,0.120233
-0.213731,0.14982,-0.120235
-0.213735,0.149819,-0.12023
0.213735,-0.149819,0.120231
-0.213733,0.14982,-0.120231
0.213735,-0.149817,0.120232
0.213734,-0.149817,0.120233
-0.213731,0.14982,-0.120235
0.213734,-0.149817,0.120234
-0.213733,0.149819,-0.120233
-0.213733,0.14982,-0.120231
0.213735,-0.149817,0.120232
-0.213735,0.149819,-0.12023
0.213735,-0.149818,0.120231
