mx,my,mz
0,0,7.03706e-06
0,0,-7.03763e-06
0,0,7.03262e-06
0,0,-7.03384e-06
0,0,-7.04011e-06
0,0,7.04326e-06
0,0,-7.04231e-06
0,0,7.04095e-06
0,0,7.03257e-06
0,0,-7.0338e-06
0,0,7.03706e-06
0,0,-7.03762e-06
0,0,-7.04227e-06
0,0,7.04092e-06
0,0,-7.04013e-06
0,0,7.04326e-06
