mx,my,mz
0,0,-4.61349e-06
0,0,4.61283e-06
0,0,-4.60719e-06
0,0,4.60871e-06
0,0,4.62211e-06
0,0,-4.6212e-06
0,0,4.61934e-06
0,0,-4.62098e-06
0,0,-4.61511e-06
0,0,4.61382e-06
0,0,-4.6167e-06
0,0,4.61879e-06
0,0,4.62184e-06
0,0,-4.62077e-06
0,0,4.61987e-06
0,0,-4.62173e-06
