mx,my,mz
0,0,0.230088
0,0,-0.230088
0,0,-0.228839
0,0,0.228839
0,0,0.22884
0,0,-0.22884
0,0,0.22884
0,0,-0.22884
0,0,-0.22884
0,0,0.22884
0,0,0.230083
0,0,-0.230083
0,0,0.22884
0,0,-0.22884
0,0,0.22884
0,0,-0.22884
