mx,my,mz
0,0,9.16284e-05
0,0,-9.16248e-05
0,0,9.16134e-05
0,0,-9.16153e-05
0,0,-9.16233e-05
0,0,9.16224e-05
0,0,-9.16274e-05
0,0,9.16266e-05
0,0,9.16134e-05
0,0,-9.16153e-05
0,0,9.16284e-05
0,0,-9.16248e-05
0,0,-9.16274e-05
0,0,9.16266e-05
0,0,-9.16233e-05
0,0,9.16224e-05
