mx,my,mz
0,0,0.238523
0,0,-0.208736
0,0,0.0331654
0,0,-0.19259
0,0,0.0200512
0,0,-0.0272682
0,0,0.290953
0,0,-0.289266
0,0,0.337117
0,0,-0.207721
0,0,0.298871
0,0,-0.0544316
0,0,0.158097
0,0,-0.111724
0,0,0.308622
0,0,-0.138782
