mx,my,mz
-0.112553,0.16002,-0.120139
0.112553,-0.160019,0.120139
-0.112553,0.16002,-0.120139
0.112553,-0.160019,0.120139
0.112553,-0.160019,0.120139
-0.112553,0.160019,-0.120139
0.112553,-0.160019,0.120139
-0.112552,0.160019,-0.120139
-0.112553,0.16002,-0.120139
0.112553,-0.160019,0.120139
-0.112553,0.160019,-0.120139
0.112553,-0.160019,0.120139
0.112553,-0.160019,0.120139
-0.112552,0.160019,-0.12014
0.112553,-0.160019,0.120139
-0.112552,0.160019,-0.120139
