mx,my,mz
0,0,-0.305404
0,0,0.305404
0,0,-0.305404
0,0,0.305404
0,0,0.305404
0,0,-0.305404
0,0,0.305404
0,0,-0.305404
0,0,-0.305404
0,0,0.305404
0,0,-0.305404
0,0,0.305404
0,0,0.305404
0,0,-0.305404
0,0,0.305404
0,0,-0.305404
