mx,my,mz
0,0,0.238659
0,0,-0.208855
0,0,0.0331844
0,0,-0.1927
0,0,0.0200626
0,0,-0.0272838
0,0,0.291119
0,0,-0.289431
0,0,0.33731
0,0,-0.20784
0,0,0.299042
0,0,-0.0544627
0,0,0.158187
0,0,-0.111788
0,0,0.308798
0,0,-0.138861
