mx,my,mz
0,0,0.283512
0,0,-0.283512
0,0,0.283512
0,0,-0.283512
0,0,-0.283512
0,0,0.283512
0,0,-0.283512
0,0,0.283512
0,0,0.283512
0,0,-0.283512
0,0,0.283512
0,0,-0.283512
0,0,-0.283512
0,0,0.283512
0,0,-0.283512
0,0,0.283512
