mx,my,mz
-0.250465,0.170361,0.0408776
0.250467,-0.170359,-0.0408759
-0.250465,0.170362,0.0408761
0.250467,-0.17036,-0.0408759
0.250467,-0.17036,-0.0408717
-0.250465,0.170362,0.0408734
0.250467,-0.17036,-0.0408747
-0.250464,0.170364,0.0408728
-0.250465,0.170362,0.0408761
0.250467,-0.17036,-0.0408759
-0.250465,0.170361,0.0408776
0.250467,-0.170359,-0.0408759
0.250467,-0.17036,-0.0408747
-0.250464,0.170364,0.0408728
0.250467,-0.17036,-0.0408717
-0.250465,0.170362,0.0408734
