mx,my,mz
0,0,-0.300326
0,0,0.300326
0,0,-0.300326
0,0,0.300326
0,0,0.300326
0,0,-0.300326
0,0,0.300326
0,0,-0.300326
0,0,-0.300326
0,0,0.300326
0,0,-0.300326
0,0,0.300326
0,0,0.300326
0,0,-0.300326
0,0,0.300326
0,0,-0.300326
