mx,my,mz
0,0,-0.305522
0,0,0.305522
0,0,-0.305522
0,0,0.305522
0,0,0.305522
0,0,-0.305522
0,0,0.305522
0,0,-0.305522
0,0,-0.305522
0,0,0.305522
0,0,-0.305522
0,0,0.305522
0,0,0.305522
0,0,-0.305522
0,0,0.305522
0,0,-0.305522
