mx,my,mz
0,0,3.77475e-07
0,0,-9.87662e-08
0,0,1.28116e-08
0,0,-4.21293e-07
0,0,6.05653e-08
0,0,-3.82207e-07
0,0,5.67341e-08
0,0,-3.84847e-07
0,0,1.64211e-07
0,0,-3.36281e-07
0,0,8.96458e-09
0,0,-3.95418e-07
0,0,1.76493e-07
0,0,-3.1442e-07
0,0,1.90602e-07
0,0,-2.12965e-07
