mx,my,mz
0,0,0.228376
0,0,-0.228376
0,0,0.228376
0,0,-0.228376
0,0,0.234179
0,0,0.228375
0,0,-0.228376
0,0,-0.234178
0,0,0.228376
0,0,-0.228376
0,0,0.228376
0,0,-0.228375
0,0,-0.228376
0,0,-0.234183
0,0,0.234182
0,0,0.228374
