mx,my,mz
0,0,-4.88202e-06
0,0,4.87775e-06
0,0,-4.88632e-06
0,0,4.88613e-06
0,0,4.89117e-06
0,0,-4.88754e-06
0,0,4.88287e-06
0,0,-4.88203e-06
0,0,-4.88514e-06
0,0,4.88753e-06
0,0,-4.88594e-06
0,0,4.87915e-06
0,0,4.88188e-06
0,0,-4.88356e-06
0,0,4.89522e-06
0,0,-4.88909e-06
