mx,my,mz
0,0,-0.300462
0,0,0.300462
0,0,-0.300463
0,0,0.300462
0,0,0.300463
0,0,-0.300463
0,0,0.300463
0,0,-0.300463
0,0,-0.300463
0,0,0.300462
0,0,-0.300462
0,0,0.300462
0,0,0.300463
0,0,-0.300463
0,0,0.300463
0,0,-0.300463
