mx,my,mz
0.0168772,0.157544,0.156847
-0.0168771,-0.157544,-0.156847
0.0168772,0.157544,0.156847
-0.0168772,-0.157544,-0.156847
-0.0168772,-0.157544,-0.156847
0.0168772,0.157544,0.156847
-0.0168772,-0.157544,-0.156847
0.0168772,0.157544,0.156847
0.0168772,0.157544,0.156847
-0.0168772,-0.157544,-0.156847
0.0168772,0.157544,0.156847
-0.0168771,-0.157544,-0.156847
-0.0168772,-0.157544,-0.156847
0.0168772,0.157544,0.156847
-0.0168772,-0.157544,-0.156847
0.0168772,0.157544,0.156847
