mx,my,mz
-0.195294,0.151317,0.163246
0.195296,-0.151315,-0.163245
-0.195293,0.151318,0.163246
0.195297,-0.151315,-0.163244
0.195298,-0.151316,-0.163242
-0.195297,0.151318,0.163241
0.195299,-0.151313,-0.163243
-0.195296,0.151318,0.163242
-0.195293,0.151318,0.163246
0.195297,-0.151315,-0.163244
-0.195294,0.151317,0.163246
0.195296,-0.151315,-0.163245
0.195299,-0.151313,-0.163243
-0.195296,0.151318,0.163242
0.195298,-0.151316,-0.163242
-0.195297,0.151318,0.163241
