mx,my,mz
0,0,-7.42654e-06
0,0,7.41456e-06
0,0,-7.41705e-06
0,0,7.42104e-06
0,0,7.41807e-06
0,0,-7.4105e-06
0,0,7.41102e-06
0,0,-7.41059e-06
0,0,-7.41704e-06
0,0,7.42107e-06
0,0,-7.42656e-06
0,0,7.41453e-06
0,0,7.411e-06
0,0,-7.41061e-06
0,0,7.41807e-06
0,0,-7.41046e-06
