mx,my,mz
0,0,0.14114
0,0,-0.14114
0,0,0.14114
0,0,-0.14114
0,0,-0.14114
0,0,0.14114
0,0,-0.14114
0,0,0.14114
0,0,0.14114
0,0,-0.14114
0,0,0.14114
0,0,-0.14114
0,0,-0.14114
0,0,0.14114
0,0,-0.14114
0,0,0.14114
