mx,my,mz
0,0,9.77516e-06
0,0,-9.76242e-06
0,0,9.77017e-06
0,0,-9.78198e-06
0,0,-9.7621e-06
0,0,9.76758e-06
0,0,-9.76974e-06
0,0,9.76333e-06
0,0,9.77017e-06
0,0,-9.78198e-06
0,0,9.77516e-06
0,0,-9.76242e-06
0,0,-9.76974e-06
0,0,9.76333e-06
0,0,-9.7621e-06
0,0,9.76759e-06
