mx,my,mz
0,0,-1.03079e-05
0,0,1.03116e-05
0,0,-1.03099e-05
0,0,1.03127e-05
0,0,1.03206e-05
0,0,-1.03131e-05
0,0,1.03067e-05
0,0,-1.03206e-05
0,0,-1.03099e-05
0,0,1.03127e-05
0,0,-1.03079e-05
0,0,1.03116e-05
0,0,1.03067e-05
0,0,-1.03206e-05
0,0,1.03206e-05
0,0,-1.03131e-05
