mx,my,mz
0,0,0.238277
0,0,-0.208522
0,0,0.0331314
0,0,-0.192392
0,0,0.0200306
0,0,-0.0272402
0,0,0.290654
0,0,-0.288969
0,0,0.336771
0,0,-0.207507
0,0,0.298564
0,0,-0.0543757
0,0,0.157934
0,0,-0.11161
0,0,0.308305
0,0,-0.138639
