mx,my,mz
0,0,8.69947e-06
0,0,-8.70236e-06
0,0,8.70623e-06
0,0,-8.70653e-06
0,0,-8.70803e-06
0,0,8.7102e-06
0,0,-8.70187e-06
0,0,8.70289e-06
0,0,8.70623e-06
0,0,-8.70653e-06
0,0,8.69947e-06
0,0,-8.70236e-06
0,0,-8.70187e-06
0,0,8.70289e-06
0,0,-8.70803e-06
0,0,8.7102e-06
