mx,my,mz
0,0,0.240878
0,0,-0.240878
0,0,0.240878
0,0,-0.240878
0,0,-0.240878
0,0,0.240878
0,0,-0.240878
0,0,0.240878
0,0,0.240878
0,0,-0.240878
0,0,0.240878
0,0,-0.240878
0,0,-0.240878
0,0,0.240878
0,0,-0.240878
0,0,0.240878
