mx,my,mz
0,0,-0.270769
0,0,0.270769
0,0,-0.270769
0,0,0.270769
0,0,0.270769
0,0,-0.270769
0,0,0.270769
0,0,-0.270769
0,0,-0.270769
0,0,0.270769
0,0,-0.270769
0,0,0.270769
0,0,0.270769
0,0,-0.270769
0,0,0.270769
0,0,-0.270769
