mx,my,mz
0.272343,-0.105239,0.041242
-0.272341,0.105244,-0.0412429
0.272343,-0.105238,0.0412431
-0.272343,0.105239,-0.0412435
-0.272343,0.105242,-0.0412385
0.272343,-0.105239,0.0412404
-0.272342,0.105242,-0.04124
0.272343,-0.105241,0.0412383
0.272343,-0.105238,0.0412432
-0.272343,0.105239,-0.0412435
0.272343,-0.105239,0.0412421
-0.272341,0.105244,-0.041243
-0.272342,0.105242,-0.04124
0.272343,-0.105241,0.0412383
-0.272343,0.105241,-0.0412386
0.272343,-0.105239,0.0412404
