mx,my,mz
0,0,-4.98532e-06
0,0,4.99307e-06
0,0,-5.00063e-06
0,0,4.9891e-06
0,0,4.99432e-06
0,0,-4.99257e-06
0,0,5.00343e-06
0,0,-5.00131e-06
0,0,-4.99289e-06
0,0,4.98499e-06
0,0,-4.9845e-06
0,0,4.98855e-06
0,0,4.99688e-06
0,0,-4.99848e-06
0,0,4.99473e-06
0,0,-4.98919e-06
