mx,my,mz
0,0,0.304882
0,0,-0.304882
0,0,0.304882
0,0,-0.304882
0,0,-0.304882
0,0,0.304882
0,0,-0.304882
0,0,0.304882
0,0,0.304882
0,0,-0.304882
0,0,0.304882
0,0,-0.304882
0,0,-0.304882
0,0,0.304882
0,0,-0.304882
0,0,0.304882
