mx,my,mz
0,0,-1.57831e-06
0,0,1.24497e-06
0,0,-1.3934e-06
0,0,1.20024e-06
0,0,2.75245e-06
0,0,-2.63892e-06
0,0,2.46855e-06
0,0,-2.37662e-06
0,0,-1.713e-06
0,0,1.56792e-06
0,0,-1.19021e-06
0,0,1.01761e-06
0,0,2.07413e-06
0,0,-1.78277e-06
0,0,1.70215e-06
0,0,-1.66264e-06
