mx,my,mz
0,0,-3.70176e-06
0,0,3.72412e-06
0,0,-3.73274e-06
0,0,3.67759e-06
0,0,3.81021e-06
0,0,-3.81643e-06
0,0,3.77226e-06
0,0,-3.73632e-06
0,0,-3.78927e-06
0,0,3.77373e-06
0,0,-3.75657e-06
0,0,3.73859e-06
0,0,3.81095e-06
0,0,-3.81197e-06
0,0,3.84159e-06
0,0,-3.80719e-06
