mx,my,mz
0.077305,-0.143519,0.192298
-0.0773032,0.143521,-0.192298
0.0773044,-0.143519,0.192298
-0.0773031,0.143521,-0.192297
-0.0773047,0.143522,-0.192296
0.0773072,-0.143522,0.192296
-0.0773056,0.143521,-0.192296
0.0773066,-0.143521,0.192296
0.0773043,-0.143519,0.192298
-0.0773031,0.143521,-0.192297
0.0773052,-0.143519,0.192298
-0.0773033,0.143521,-0.192298
-0.0773057,0.143521,-0.192296
0.0773068,-0.143521,0.192296
-0.077305,0.143522,-0.192296
0.0773074,-0.143521,0.192295
