mx,my,mz
0,0,0.280301
0,0,-0.280301
0,0,0.280301
0,0,-0.280301
0,0,-0.280301
0,0,0.280301
0,0,-0.280301
0,0,0.280301
0,0,0.280301
0,0,-0.280301
0,0,0.280301
0,0,-0.280301
0,0,-0.280301
0,0,0.280301
0,0,-0.280301
0,0,0.280301
