mx,my,mz
0.133623,-0.101305,0.222232
-0.133622,0.101306,-0.222232
0.133621,-0.101303,0.222235
-0.13362,0.101307,-0.222233
-0.13362,0.101311,-0.222231
0.133628,-0.101303,0.222229
-0.133622,0.101312,-0.222229
0.133625,-0.101306,0.22223
0.13362,-0.101303,0.222235
-0.13362,0.101307,-0.222233
0.133623,-0.101305,0.222232
-0.133622,0.101306,-0.222232
-0.133622,0.101312,-0.222229
0.133625,-0.101306,0.22223
-0.13362,0.101311,-0.222231
0.133629,-0.101304,0.222229
