mx,my,mz
0,0,-0.294866
0,0,0.294866
0,0,-0.294866
0,0,0.294866
0,0,0.294866
0,0,-0.294866
0,0,0.294866
0,0,-0.294866
0,0,-0.294866
0,0,0.294866
0,0,-0.294866
0,0,0.294866
0,0,0.294866
0,0,-0.294866
0,0,0.294866
0,0,-0.294866
