mx,my,mz
-0.196389,0.192062,0.130042
0.196389,-0.19206,-0.130044
-0.196388,0.192062,0.130042
0.19639,-0.19206,-0.130043
0.196392,-0.19206,-0.13004
-0.196388,0.192064,0.13004
0.196392,-0.19206,-0.130039
-0.196386,0.192065,0.130041
-0.196388,0.192062,0.130042
0.19639,-0.19206,-0.130043
-0.196389,0.192062,0.130042
0.196389,-0.19206,-0.130044
0.196392,-0.19206,-0.130039
-0.196386,0.192065,0.130041
0.196392,-0.19206,-0.13004
-0.196388,0.192064,0.13004
