mx,my,mz
0,0,-0.292066
0,0,0.292066
0,0,-0.292066
0,0,0.292066
0,0,0.292066
0,0,-0.292066
0,0,0.292066
0,0,-0.292066
0,0,-0.292066
0,0,0.292066
0,0,-0.292066
0,0,0.292066
0,0,0.292066
0,0,-0.292066
0,0,0.292066
0,0,-0.292066
