mx,my,mz
0,0,-1.38921e-05
0,0,1.38979e-05
0,0,-1.39006e-05
0,0,1.38854e-05
0,0,1.3892e-05
0,0,-1.38942e-05
0,0,1.39001e-05
0,0,-1.38886e-05
0,0,-1.39006e-05
0,0,1.38854e-05
0,0,-1.38921e-05
0,0,1.38979e-05
0,0,1.39001e-05
0,0,-1.38886e-05
0,0,1.3892e-05
0,0,-1.38942e-05
