mx,my,mz
0,0,0.305331
0,0,-0.305331
0,0,0.305331
0,0,-0.305331
0,0,-0.305331
0,0,0.305331
0,0,-0.305331
0,0,0.305331
0,0,0.305331
0,0,-0.305331
0,0,0.305331
0,0,-0.305331
0,0,-0.305331
0,0,0.305331
0,0,-0.305331
0,0,0.305331
