mx,my,mz
0.0405724,0.170121,-0.0969905
-0.0405724,-0.170121,0.0969905
0.0405724,0.170121,-0.0969905
-0.0405724,-0.170121,0.0969905
-0.0405724,-0.170121,0.0969905
0.0405724,0.170121,-0.0969905
-0.0405724,-0.170121,0.0969905
0.0405724,0.170121,-0.0969905
0.0405724,0.170121,-0.0969905
-0.0405724,-0.170121,0.0969905
0.0405724,0.170121,-0.0969905
-0.0405724,-0.170121,0.0969905
-0.0405724,-0.170121,0.0969905
0.0405724,0.170121,-0.0969905
-0.0405724,-0.170121,0.0969905
0.0405724,0.170121,-0.0969905
