mx,my,mz
0.0269339,-0.216501,-0.0127378
-0.0269324,0.216501,0.0127382
0.0269331,-0.216501,-0.0127379
-0.0269325,0.216501,0.0127386
-0.0269331,0.216501,0.0127395
0.0269318,-0.216501,-0.0127411
-0.0269331,0.216501,0.0127401
0.0269345,-0.216501,-0.0127397
0.0269333,-0.216501,-0.0127379
-0.0269325,0.216501,0.0127384
0.0269338,-0.216501,-0.0127377
-0.0269324,0.216501,0.0127382
-0.0269331,0.216501,0.0127402
0.0269344,-0.216501,-0.0127397
-0.0269328,0.216501,0.0127395
0.0269317,-0.216501,-0.0127412
