mx,my,mz
0.00292451,-0.209568,0.165372
-0.00292328,0.209569,-0.16537
0.00292331,-0.209567,0.165373
-0.00292128,0.209569,-0.165371
-0.00291972,0.209571,-0.165368
0.00292319,-0.20957,0.16537
-0.00291905,0.209571,-0.165369
0.00292557,-0.20957,0.16537
0.0029233,-0.209567,0.165373
-0.00292134,0.209569,-0.165371
0.00292445,-0.209568,0.165372
-0.00292315,0.209569,-0.16537
-0.00291902,0.209571,-0.165369
0.00292561,-0.20957,0.16537
-0.00291964,0.209571,-0.165368
0.00292304,-0.20957,0.16537
