mx,my,mz
0,0,-0.0780536
0,0,0.0780536
0,0,-0.0780536
0,0,0.0780536
0,0,0.0780536
0,0,-0.0780536
0,0,0.0780536
0,0,-0.0780536
0,0,-0.0780536
0,0,0.0780536
0,0,-0.0780536
0,0,0.0780536
0,0,0.0780536
0,0,-0.0780536
0,0,0.0780536
0,0,-0.0780536
