mx,my,mz
0,0,0.279927
0,0,-0.279927
0,0,0.279927
0,0,-0.279927
0,0,-0.279927
0,0,0.279927
0,0,-0.279927
0,0,0.279927
0,0,0.279927
0,0,-0.279927
0,0,0.279927
0,0,-0.279927
0,0,-0.279927
0,0,0.279927
0,0,-0.279927
0,0,0.279927
