mx,my,mz
0,0,-3.2079e-06
0,0,3.08199e-06
0,0,-3.03664e-06
0,0,3.11726e-06
0,0,3.28236e-06
0,0,-3.12274e-06
0,0,3.11343e-06
0,0,-3.21431e-06
0,0,-3.32943e-06
0,0,3.18876e-06
0,0,-3.23162e-06
0,0,3.30921e-06
0,0,3.52005e-06
0,0,-3.42049e-06
0,0,3.421e-06
0,0,-3.47399e-06
