mx,my,mz
0,0,0.238465
0,0,-0.208686
0,0,0.0331575
0,0,-0.192544
0,0,0.0200464
0,0,-0.0272617
0,0,0.290883
0,0,-0.289197
0,0,0.337036
0,0,-0.207671
0,0,0.298799
0,0,-0.0544185
0,0,0.158059
0,0,-0.111698
0,0,0.308548
0,0,-0.138749
