mx,my,mz
0.17235,-0.138093,0.21131
-0.172345,0.138095,-0.211314
0.17235,-0.138093,0.211311
-0.172348,0.138095,-0.211311
-0.172342,0.138101,-0.211312
0.172351,-0.138092,0.21131
-0.172348,0.138099,-0.211309
0.172351,-0.138094,0.211309
0.17235,-0.138092,0.211311
-0.172348,0.138095,-0.211311
0.17235,-0.138093,0.21131
-0.172345,0.138095,-0.211314
-0.172348,0.138099,-0.211309
0.172351,-0.138094,0.211309
-0.172342,0.138101,-0.211312
0.172351,-0.138092,0.21131
