mx,my,mz
0,0,-5.12429e-06
0,0,5.11932e-06
0,0,-5.12209e-06
0,0,5.12418e-06
0,0,5.1217e-06
0,0,-5.11292e-06
0,0,5.11485e-06
0,0,-5.12074e-06
0,0,-5.1208e-06
0,0,5.12246e-06
0,0,-5.12344e-06
0,0,5.11891e-06
0,0,5.11556e-06
0,0,-5.12102e-06
0,0,5.12284e-06
0,0,-5.11451e-06
