mx,my,mz
0,0,0.238698
0,0,-0.20889
0,0,0.0331899
0,0,-0.192732
0,0,0.020066
0,0,-0.0272884
0,0,0.291168
0,0,-0.289479
0,0,0.337366
0,0,-0.207874
0,0,0.299092
0,0,-0.0544718
0,0,0.158213
0,0,-0.111807
0,0,0.30885
0,0,-0.138884
