mx,my,mz
0,0,0.214918
0,0,-0.214918
0,0,0.214918
0,0,-0.214918
0,0,-0.214918
0,0,0.214918
0,0,-0.214918
0,0,0.214918
0,0,0.214918
0,0,-0.214918
0,0,0.214918
0,0,-0.214918
0,0,-0.214918
0,0,0.214918
0,0,-0.214918
0,0,0.214918
