mx,my,mz
0,0,-0.264975
0,0,0.264975
0,0,-0.264975
0,0,0.264975
0,0,0.264975
0,0,-0.264975
0,0,0.264975
0,0,-0.264975
0,0,-0.264975
0,0,0.264975
0,0,-0.264975
0,0,0.264975
0,0,0.264975
0,0,-0.264975
0,0,0.264975
0,0,-0.264975
