mx,my,mz
0.207957,-0.161786,-0.0537514
-0.207957,0.161787,0.0537501
0.207957,-0.161786,-0.0537501
-0.207955,0.161789,0.05375
-0.207955,0.161788,0.0537537
0.207958,-0.161785,-0.0537544
-0.207956,0.161787,0.0537556
0.207957,-0.161785,-0.0537533
0.207957,-0.161786,-0.0537502
-0.207955,0.161789,0.0537501
0.207957,-0.161787,-0.0537515
-0.207957,0.161787,0.0537501
-0.207956,0.161787,0.0537555
0.207957,-0.161785,-0.0537532
-0.207955,0.161788,0.0537536
0.207958,-0.161784,-0.0537542
