mx,my,mz
-0.0574986,-0.249737,0.0673634
0.0575003,0.249737,-0.0673627
-0.0575016,-0.249736,0.067366
0.0574983,0.249738,-0.0673617
0.0575011,0.249738,-0.06736
-0.057498,-0.249739,0.067358
0.0575003,0.249738,-0.0673594
-0.0574974,-0.249739,0.067358
-0.0575015,-0.249736,0.0673659
0.0574982,0.249738,-0.0673616
-0.0574984,-0.249737,0.0673633
0.0575003,0.249737,-0.0673626
0.0575003,0.249738,-0.0673594
-0.0574972,-0.249739,0.067358
0.0575009,0.249738,-0.0673599
-0.057498,-0.249739,0.067358
