mx,my,mz
-0.0560262,0.0648132,0.151047
0.0560262,-0.0648132,-0.151047
-0.0560262,0.0648132,0.151047
0.0560262,-0.0648132,-0.151047
0.0560262,-0.0648132,-0.151047
-0.0560262,0.0648132,0.151047
0.0560262,-0.0648132,-0.151047
-0.0560262,0.0648132,0.151047
-0.0560262,0.0648132,0.151047
0.0560262,-0.0648132,-0.151047
-0.0560262,0.0648132,0.151047
0.0560262,-0.0648132,-0.151047
0.0560262,-0.0648132,-0.151047
-0.0560262,0.0648132,0.151047
0.0560262,-0.0648132,-0.151047
-0.0560262,0.0648132,0.151047
