mx,my,mz
0,0,7.98412e-08
0,0,-8.22038e-08
0,0,2.6018e-07
0,0,-1.89541e-07
0,0,5.96293e-09
0,0,-5.17469e-07
0,0,1.1217e-07
0,0,-5.32482e-07
0,0,2.21624e-07
0,0,-5.10853e-07
0,0,2.19322e-07
0,0,-4.35789e-07
0,0,2.59088e-07
0,0,-2.30156e-08
0,0,4.71187e-07
0,0,-1.16867e-08
