mx,my,mz
0.126332,-0.114505,0.00255773
-0.126332,0.114505,-0.00255773
0.126332,-0.114505,0.00255773
-0.126332,0.114505,-0.00255774
-0.126332,0.114505,-0.0025577
0.126332,-0.114505,0.00255772
-0.126332,0.114505,-0.00255772
0.126332,-0.114505,0.00255772
0.126332,-0.114505,0.00255773
-0.126332,0.114505,-0.00255774
0.126332,-0.114505,0.00255774
-0.126332,0.114505,-0.00255773
-0.126332,0.114505,-0.00255772
0.126332,-0.114505,0.00255772
-0.126332,0.114505,-0.0025577
0.126332,-0.114505,0.00255772
