mx,my,mz
0,0,0.182717
0,0,-0.182717
0,0,0.182717
0,0,-0.182717
0,0,-0.182717
0,0,0.182717
0,0,-0.182717
0,0,0.182717
0,0,0.182717
0,0,-0.182717
0,0,0.182717
0,0,-0.182717
0,0,-0.182717
0,0,0.182717
0,0,-0.182717
0,0,0.182717
