mx,my,mz
0,0,-0.162342
0,0,0.162342
0,0,-0.162342
0,0,0.162342
0,0,0.162342
0,0,-0.162342
0,0,0.162342
0,0,-0.162342
0,0,-0.162342
0,0,0.162342
0,0,-0.162342
0,0,0.162342
0,0,0.162342
0,0,-0.162342
0,0,0.162342
0,0,-0.162342
