mx,my,mz
0,0,3.02908e-05
0,0,-3.02865e-05
0,0,3.02942e-05
0,0,-3.03012e-05
0,0,-3.02962e-05
0,0,3.02973e-05
0,0,-3.02942e-05
0,0,3.0296e-05
0,0,3.02942e-05
0,0,-3.03012e-05
0,0,3.02908e-05
0,0,-3.02865e-05
0,0,-3.02942e-05
0,0,3.0296e-05
0,0,-3.02962e-05
0,0,3.02973e-05
