mx,my,mz
0,0,0.238546
0,0,0.227821
0,0,-0.227821
0,0,-0.238546
0,0,0.227821
0,0,-0.227821
0,0,0.227821
0,0,-0.227821
0,0,-0.227821
0,0,-0.23855
0,0,0.238551
0,0,0.227821
0,0,0.227821
0,0,-0.227821
0,0,0.227821
0,0,-0.227821
