mx,my,mz
0,0,0.299303
0,0,-0.299303
0,0,0.299303
0,0,-0.299303
0,0,-0.299303
0,0,0.299303
0,0,-0.299303
0,0,0.299303
0,0,0.299303
0,0,-0.299303
0,0,0.299303
0,0,-0.299303
0,0,-0.299303
0,0,0.299303
0,0,-0.299303
0,0,0.299303
