mx,my,mz
0.204267,-0.207849,-0.00899655
-0.204264,0.207852,0.00899372
0.204267,-0.207849,-0.00899452
-0.204265,0.207851,0.00899527
-0.204267,0.207849,0.00899995
0.204267,-0.207849,-0.00899778
-0.204265,0.207851,0.00899813
0.204268,-0.207848,-0.00899821
0.204267,-0.207849,-0.00899461
-0.204266,0.207851,0.00899537
0.204267,-0.207849,-0.00899658
-0.204264,0.207852,0.00899375
-0.204265,0.207851,0.00899818
0.204267,-0.207848,-0.00899827
-0.204267,0.207849,0.00899994
0.204267,-0.207849,-0.00899776
