mx,my,mz
0,0,-1.27687e-05
0,0,1.2777e-05
0,0,-1.27745e-05
0,0,1.27654e-05
0,0,1.27594e-05
0,0,-1.27599e-05
0,0,1.2769e-05
0,0,-1.27677e-05
0,0,-1.27745e-05
0,0,1.27654e-05
0,0,-1.27687e-05
0,0,1.2777e-05
0,0,1.2769e-05
0,0,-1.27677e-05
0,0,1.27594e-05
0,0,-1.27599e-05
