mx,my,mz
-0.0579817,-0.249195,0.0669514
0.0579834,0.249195,-0.0669506
-0.0579846,-0.249194,0.0669539
0.0579814,0.249196,-0.0669497
0.0579841,0.249195,-0.0669479
-0.0579811,-0.249197,0.0669459
0.0579834,0.249196,-0.0669474
-0.0579804,-0.249197,0.066946
-0.0579846,-0.249194,0.0669538
0.0579813,0.249196,-0.0669496
-0.0579815,-0.249195,0.0669512
0.0579833,0.249195,-0.0669506
0.0579833,0.249196,-0.0669474
-0.0579803,-0.249197,0.0669459
0.057984,0.249196,-0.0669479
-0.057981,-0.249197,0.0669459
