mx,my,mz
0,0,0.22824
0,0,-0.22824
0,0,0.22824
0,0,-0.22824
0,0,-0.228239
0,0,0.22824
0,0,0.23532
0,0,-0.23532
0,0,0.22824
0,0,-0.22824
0,0,0.22824
0,0,-0.22824
0,0,0.235315
0,0,-0.235315
0,0,-0.22824
0,0,0.22824
