mx,my,mz
0,0,0.238227
0,0,-0.208477
0,0,0.0331243
0,0,-0.192351
0,0,0.0200263
0,0,-0.0272344
0,0,0.290592
0,0,-0.288907
0,0,0.336699
0,0,-0.207463
0,0,0.298501
0,0,-0.0543641
0,0,0.157901
0,0,-0.111586
0,0,0.308239
0,0,-0.13861
