mx,my,mz
0,0,0.244341
0,0,-0.244341
0,0,0.244341
0,0,-0.244341
0,0,-0.244341
0,0,0.244341
0,0,-0.244341
0,0,0.244341
0,0,0.244341
0,0,-0.244341
0,0,0.244341
0,0,-0.244341
0,0,-0.244341
0,0,0.244341
0,0,-0.244341
0,0,0.244341
