mx,my,mz
0,0,0.241924
0,0,-0.211713
0,0,0.0336374
0,0,-0.195335
0,0,0.0203358
0,0,-0.0276566
0,0,0.2951
0,0,-0.29339
0,0,0.341922
0,0,-0.210685
0,0,0.303129
0,0,-0.055209
0,0,0.16035
0,0,-0.113318
0,0,0.313021
0,0,-0.140762
