mx,my,mz
0,0,0.239907
0,0,-0.209948
0,0,0.0333577
0,0,-0.193707
0,0,0.0201673
0,0,-0.0274264
0,0,0.292641
0,0,-0.290945
0,0,0.339073
0,0,-0.208927
0,0,0.300605
0,0,-0.0547477
0,0,0.159014
0,0,-0.112373
0,0,0.310413
0,0,-0.139588
