mx,my,mz
-0.177479,0.0744483,-0.191109
0.177485,-0.0744429,0.191106
-0.177483,0.074445,-0.191108
0.177483,-0.074444,0.191108
0.177482,-0.0744425,0.191109
-0.177481,0.0744448,-0.191109
0.177481,-0.0744415,0.191111
-0.177479,0.074445,-0.191111
-0.177482,0.0744451,-0.191108
0.177483,-0.0744441,0.191108
-0.177479,0.0744484,-0.191109
0.177485,-0.0744429,0.191106
0.17748,-0.0744418,0.191111
-0.177479,0.0744452,-0.191111
0.177482,-0.0744428,0.191109
-0.177481,0.074445,-0.191109
