mx,my,mz
0,0,-0.160846
0,0,0.160846
0,0,-0.160846
0,0,0.160846
0,0,0.160846
0,0,-0.160846
0,0,0.160846
0,0,-0.160846
0,0,-0.160846
0,0,0.160846
0,0,-0.160846
0,0,0.160846
0,0,0.160846
0,0,-0.160846
0,0,0.160846
0,0,-0.160846
