mx,my,mz
0,0,-6.92547e-06
0,0,6.90959e-06
0,0,-6.91445e-06
0,0,6.92922e-06
0,0,6.92425e-06
0,0,-6.91829e-06
0,0,6.92433e-06
0,0,-6.92917e-06
0,0,-6.91423e-06
0,0,6.92911e-06
0,0,-6.92558e-06
0,0,6.90959e-06
0,0,6.92417e-06
0,0,-6.92912e-06
0,0,6.92442e-06
0,0,-6.91836e-06
