mx,my,mz
0,0,0.274311
0,0,-0.274311
0,0,0.274311
0,0,-0.274311
0,0,-0.274311
0,0,0.274311
0,0,-0.274311
0,0,0.274311
0,0,0.274311
0,0,-0.274311
0,0,0.274311
0,0,-0.274311
0,0,-0.274311
0,0,0.274311
0,0,-0.274311
0,0,0.274311
