mx,my,mz
0,0,-3.36725e-06
0,0,3.36934e-06
0,0,-3.38341e-06
0,0,3.38594e-06
0,0,3.42224e-06
0,0,-3.42171e-06
0,0,3.42773e-06
0,0,-3.43402e-06
0,0,-3.44317e-06
0,0,3.44593e-06
0,0,-3.45264e-06
0,0,3.45529e-06
0,0,3.43683e-06
0,0,-3.44346e-06
0,0,3.45736e-06
0,0,-3.45678e-06
