mx,my,mz
0,0,0.23857
0,0,-0.208778
0,0,0.033172
0,0,-0.192628
0,0,0.0200552
0,0,-0.0272737
0,0,0.291011
0,0,-0.289323
0,0,0.337184
0,0,-0.207762
0,0,0.29893
0,0,-0.0544424
0,0,0.158128
0,0,-0.111747
0,0,0.308683
0,0,-0.13881
