mx,my,mz
0,0,-0.269845
0,0,0.269845
0,0,-0.269845
0,0,0.269845
0,0,0.269845
0,0,-0.269845
0,0,0.269845
0,0,-0.269845
0,0,-0.269845
0,0,0.269845
0,0,-0.269845
0,0,0.269845
0,0,0.269845
0,0,-0.269845
0,0,0.269845
0,0,-0.269845
