mx,my,mz
0,0,0.238426
0,0,-0.208652
0,0,0.033152
0,0,-0.192512
0,0,0.0200431
0,0,-0.0272572
0,0,0.290836
0,0,-0.289149
0,0,0.336981
0,0,-0.207637
0,0,0.29875
0,0,-0.0544096
0,0,0.158033
0,0,-0.111679
0,0,0.308497
0,0,-0.138726
