mx,my,mz
0,0,2.90928e-05
0,0,-2.91002e-05
0,0,2.90882e-05
0,0,-2.90878e-05
0,0,-2.90916e-05
0,0,2.90959e-05
0,0,-2.90963e-05
0,0,2.90989e-05
0,0,2.90882e-05
0,0,-2.90878e-05
0,0,2.90928e-05
0,0,-2.91002e-05
0,0,-2.90963e-05
0,0,2.90989e-05
0,0,-2.90916e-05
0,0,2.90959e-05
