mx,my,mz
-0.132046,0.194829,-0.188947
0.132052,-0.194827,0.188945
-0.132046,0.194829,-0.188946
0.132051,-0.194826,0.188946
0.132049,-0.194825,0.188948
-0.132048,0.194827,-0.188947
0.132047,-0.194824,0.18895
-0.132046,0.194827,-0.188949
-0.132046,0.194829,-0.188946
0.132051,-0.194826,0.188946
-0.132046,0.194829,-0.188947
0.132052,-0.194827,0.188945
0.132047,-0.194824,0.18895
-0.132046,0.194827,-0.188949
0.132049,-0.194825,0.188948
-0.132048,0.194827,-0.188947
