mx,my,mz
0,0,-0.268904
0,0,0.268904
0,0,-0.268904
0,0,0.268904
0,0,0.268904
0,0,-0.268904
0,0,0.268904
0,0,-0.268904
0,0,-0.268904
0,0,0.268904
0,0,-0.268904
0,0,0.268904
0,0,0.268904
0,0,-0.268904
0,0,0.268904
0,0,-0.268904
