mx,my,mz
0.184502,-0.109272,0.03158
-0.184502,0.109272,-0.0315799
0.184502,-0.109272,0.0315799
-0.184502,0.109272,-0.0315798
-0.184502,0.109272,-0.0315794
0.184502,-0.109272,0.0315789
-0.184502,0.109272,-0.0315786
0.184502,-0.109272,0.0315789
0.184502,-0.109272,0.03158
-0.184502,0.109272,-0.0315799
0.184502,-0.109271,0.03158
-0.184502,0.109272,-0.0315799
-0.184502,0.109272,-0.0315786
0.184502,-0.109272,0.0315789
-0.184502,0.109272,-0.0315793
0.184502,-0.109272,0.0315789
