mx,my,mz
0,0,1.46004e-07
0,0,-3.21824e-07
0,0,3.64337e-07
0,0,-1.03987e-08
0,0,5.01648e-07
0,0,-2.38634e-07
0,0,1.2539e-07
0,0,-2.58383e-07
0,0,2.15449e-07
0,0,-5.22789e-07
0,0,4.30517e-08
0,0,-3.78833e-07
0,0,5.26811e-07
0,0,-3.68931e-07
0,0,2.90907e-07
0,0,-4.15612e-07
