mx,my,mz
0,0,1.18128e-05
0,0,-1.18131e-05
0,0,1.1816e-05
0,0,-1.18118e-05
0,0,-1.18086e-05
0,0,1.18047e-05
0,0,-1.18018e-05
0,0,1.18018e-05
0,0,1.1816e-05
0,0,-1.18118e-05
0,0,1.18128e-05
0,0,-1.18131e-05
0,0,-1.18018e-05
0,0,1.18018e-05
0,0,-1.18086e-05
0,0,1.18047e-05
