mx,my,mz
0,0,2.31962e-05
0,0,-2.31891e-05
0,0,2.31902e-05
0,0,-2.32017e-05
0,0,-2.31938e-05
0,0,2.31968e-05
0,0,-2.31868e-05
0,0,2.31882e-05
0,0,2.31902e-05
0,0,-2.32017e-05
0,0,2.31962e-05
0,0,-2.31891e-05
0,0,-2.31868e-05
0,0,2.31882e-05
0,0,-2.31938e-05
0,0,2.31968e-05
