mx,my,mz
0,0,0.29104
0,0,-0.29104
0,0,0.29104
0,0,-0.29104
0,0,-0.29104
0,0,0.29104
0,0,-0.29104
0,0,0.29104
0,0,0.29104
0,0,-0.29104
0,0,0.29104
0,0,-0.29104
0,0,-0.29104
0,0,0.29104
0,0,-0.29104
0,0,0.29104
