mx,my,mz
0,0,-0.261312
0,0,0.261312
0,0,-0.261312
0,0,0.261312
0,0,0.261312
0,0,-0.261312
0,0,0.261312
0,0,-0.261312
0,0,-0.261312
0,0,0.261312
0,0,-0.261312
0,0,0.261312
0,0,0.261312
0,0,-0.261312
0,0,0.261312
0,0,-0.261312
