mx,my,mz
0,0,1.66979e-05
0,0,-1.66993e-05
0,0,1.66925e-05
0,0,-1.66934e-05
0,0,-1.66865e-05
0,0,1.66899e-05
0,0,-1.6693e-05
0,0,1.66919e-05
0,0,1.66925e-05
0,0,-1.66934e-05
0,0,1.66979e-05
0,0,-1.66993e-05
0,0,-1.6693e-05
0,0,1.66919e-05
0,0,-1.66865e-05
0,0,1.66899e-05
