mx,my,mz
0,0,0.194523
0,0,-0.194523
0,0,0.194523
0,0,-0.194523
0,0,-0.194523
0,0,0.194523
0,0,-0.194523
0,0,0.194523
0,0,0.194523
0,0,-0.194523
0,0,0.194523
0,0,-0.194523
0,0,-0.194523
0,0,0.194523
0,0,-0.194523
0,0,0.194523
