mx,my,mz
0,0,6.97521e-09
0,0,-3.98419e-07
0,0,1.43773e-07
0,0,-3.82681e-07
0,0,4.39079e-08
0,0,-2.37531e-07
0,0,9.66545e-08
0,0,-2.47168e-07
0,0,2.25834e-07
0,0,-4.92332e-07
0,0,4.0909e-07
0,0,-4.9316e-07
0,0,5.42855e-07
0,0,-2.23983e-07
0,0,8.42938e-08
0,0,-1.49629e-07
