mx,my,mz
0,0,-5.72212e-06
0,0,5.88427e-06
0,0,-5.9119e-06
0,0,5.81223e-06
0,0,5.96734e-06
0,0,-6.09098e-06
0,0,6.0973e-06
0,0,-6.04118e-06
0,0,-5.88751e-06
0,0,6.02013e-06
0,0,-6.06764e-06
0,0,6.004e-06
0,0,5.9831e-06
0,0,-6.15642e-06
0,0,6.2186e-06
0,0,-6.118e-06
