mx,my,mz
0,0,0.286137
0,0,-0.286137
0,0,0.286137
0,0,-0.286137
0,0,-0.286137
0,0,0.286137
0,0,-0.286137
0,0,0.286137
0,0,0.286137
0,0,-0.286137
0,0,0.286137
0,0,-0.286137
0,0,-0.286137
0,0,0.286137
0,0,-0.286137
0,0,0.286137
