mx,my,mz
-0.172149,0.244439,-0.0253364
0.172153,-0.244437,0.0253357
-0.17215,0.244439,-0.0253371
0.172152,-0.244437,0.0253371
0.17215,-0.244438,0.0253401
-0.17215,0.244438,-0.0253412
0.172152,-0.244437,0.0253411
-0.172148,0.24444,-0.0253397
-0.17215,0.244439,-0.0253371
0.172152,-0.244437,0.0253371
-0.172149,0.244439,-0.0253364
0.172153,-0.244437,0.0253357
0.172152,-0.244437,0.0253411
-0.172148,0.24444,-0.0253396
0.17215,-0.244438,0.02534
-0.17215,0.244438,-0.0253412
