mx,my,mz
0,0,0.275853
0,0,-0.175324
0,0,-0.175325
0,0,-0.175324
0,0,-0.175324
0,0,-0.175326
0,0,0.275853
0,0,-0.175326
0,0,-0.175323
0,0,-0.175325
0,0,0.275853
0,0,-0.175325
0,0,0.275853
0,0,-0.175324
0,0,-0.175325
0,0,-0.175324
