mx,my,mz
0.238621,-0.187449,0.0356036
-0.238618,0.187452,-0.0356044
0.23862,-0.18745,0.0356026
-0.238618,0.187452,-0.0356035
-0.238618,0.187453,-0.0355992
0.23862,-0.18745,0.0356011
-0.238619,0.187452,-0.0355997
0.238619,-0.187451,0.0355987
0.23862,-0.18745,0.0356025
-0.238618,0.187452,-0.0356035
0.238621,-0.187449,0.0356036
-0.238618,0.187452,-0.0356044
-0.238619,0.187452,-0.0355997
0.238619,-0.187451,0.0355987
-0.238618,0.187453,-0.0355992
0.23862,-0.18745,0.0356011
