mx,my,mz
0,0,0.257998
0,0,-0.257998
0,0,0.257998
0,0,-0.257998
0,0,-0.257998
0,0,0.257998
0,0,-0.257998
0,0,0.257998
0,0,0.257998
0,0,-0.257998
0,0,0.257998
0,0,-0.257998
0,0,-0.257998
0,0,0.257998
0,0,-0.257998
0,0,0.257998
