mx,my,mz
0.219507,-0.208946,0.0245554
-0.219505,0.208949,-0.0245541
0.219507,-0.208946,0.0245542
-0.219505,0.208948,-0.0245556
-0.219505,0.208948,-0.0245524
0.219507,-0.208947,0.0245525
-0.219504,0.20895,-0.0245514
0.219507,-0.208946,0.0245504
0.219507,-0.208946,0.0245542
-0.219505,0.208948,-0.0245556
0.219507,-0.208946,0.0245554
-0.219504,0.208949,-0.0245541
-0.219504,0.20895,-0.0245515
0.219507,-0.208946,0.0245504
-0.219505,0.208948,-0.0245524
0.219507,-0.208947,0.0245525
