mx,my,mz
-0.179017,0.196076,0.0984522
0.17902,-0.196072,-0.0984525
-0.179017,0.196075,0.098453
0.179019,-0.196073,-0.0984543
0.17902,-0.196074,-0.0984492
-0.179017,0.196077,0.09845
0.17902,-0.196074,-0.0984498
-0.179016,0.196077,0.0984499
-0.179017,0.196075,0.0984531
0.179019,-0.196073,-0.0984543
-0.179017,0.196076,0.0984522
0.17902,-0.196072,-0.0984525
0.17902,-0.196074,-0.0984499
-0.179016,0.196077,0.09845
0.17902,-0.196074,-0.0984492
-0.179017,0.196077,0.09845
