mx,my,mz
0.15823,-0.184144,-0.0274668
-0.158229,0.184145,0.0274673
0.15823,-0.184144,-0.0274671
-0.158229,0.184145,0.0274664
-0.158228,0.184145,0.0274701
0.15823,-0.184144,-0.0274695
-0.158228,0.184145,0.0274698
0.158229,-0.184144,-0.0274705
0.15823,-0.184144,-0.0274671
-0.158229,0.184145,0.0274665
0.15823,-0.184144,-0.0274668
-0.158229,0.184145,0.0274673
-0.158228,0.184145,0.0274698
0.158229,-0.184145,-0.0274705
-0.158228,0.184145,0.0274701
0.15823,-0.184144,-0.0274694
