mx,my,mz
-0.165945,0.153583,-0.0788132
0.165945,-0.153583,0.078813
-0.165945,0.153583,-0.0788123
0.165946,-0.153582,0.0788127
0.165945,-0.153582,0.0788151
-0.165945,0.153582,-0.078815
0.165945,-0.153582,0.0788148
-0.165944,0.153583,-0.0788152
-0.165945,0.153583,-0.0788124
0.165946,-0.153582,0.0788127
-0.165945,0.153583,-0.0788131
0.165945,-0.153583,0.078813
0.165945,-0.153582,0.0788149
-0.165944,0.153583,-0.0788152
0.165945,-0.153582,0.078815
-0.165945,0.153582,-0.0788151
