mx,my,mz
0,0,0.109998
0,0,-0.109998
0,0,0.109998
0,0,-0.109998
0,0,-0.109998
0,0,0.109998
0,0,-0.109998
0,0,0.109998
0,0,0.109998
0,0,-0.109998
0,0,0.109998
0,0,-0.109998
0,0,-0.109998
0,0,0.109998
0,0,-0.109998
0,0,0.109998
