mx,my,mz
0,0,9.49258e-06
0,0,-9.49103e-06
0,0,9.47998e-06
0,0,-9.48145e-06
0,0,-9.49007e-06
0,0,9.48539e-06
0,0,-9.48249e-06
0,0,9.48707e-06
0,0,9.47998e-06
0,0,-9.48145e-06
0,0,9.49258e-06
0,0,-9.49103e-06
0,0,-9.48249e-06
0,0,9.48707e-06
0,0,-9.49007e-06
0,0,9.48539e-06
