mx,my,mz
0.0876997,-0.113628,0.102395
-0.0876997,0.113628,-0.102395
0.0876997,-0.113628,0.102395
-0.0876997,0.113628,-0.102395
-0.0876997,0.113628,-0.102395
0.0876997,-0.113628,0.102395
-0.0876997,0.113628,-0.102395
0.0876997,-0.113628,0.102395
0.0876997,-0.113628,0.102395
-0.0876997,0.113628,-0.102395
0.0876997,-0.113628,0.102395
-0.0876997,0.113628,-0.102395
-0.0876997,0.113628,-0.102395
0.0876997,-0.113628,0.102395
-0.0876997,0.113628,-0.102395
0.0876997,-0.113628,0.102395
