mx,my,mz
0,0,0.127764
0,0,-0.127764
0,0,0.127764
0,0,-0.127764
0,0,-0.127764
0,0,0.127764
0,0,-0.127764
0,0,0.127764
0,0,0.127764
0,0,-0.127764
0,0,0.127764
0,0,-0.127764
0,0,-0.127764
0,0,0.127764
0,0,-0.127764
0,0,0.127764
