mx,my,mz
0,0,-4.43049e-06
0,0,4.42812e-06
0,0,-4.42685e-06
0,0,4.42405e-06
0,0,4.45478e-06
0,0,-4.45474e-06
0,0,4.45257e-06
0,0,-4.44805e-06
0,0,-4.44302e-06
0,0,4.44948e-06
0,0,-4.4422e-06
0,0,4.43053e-06
0,0,4.43947e-06
0,0,-4.44427e-06
0,0,4.43806e-06
0,0,-4.42807e-06
