mx,my,mz
0.194973,-0.222161,0.074569
-0.19497,0.222164,-0.0745686
0.194972,-0.222162,0.0745673
-0.194971,0.222163,-0.0745673
-0.19497,0.222165,-0.0745649
0.194973,-0.222162,0.0745651
-0.19497,0.222164,-0.0745649
0.194974,-0.222161,0.0745634
0.194972,-0.222162,0.0745673
-0.194971,0.222163,-0.0745673
0.194973,-0.222161,0.074569
-0.194969,0.222164,-0.0745686
-0.19497,0.222164,-0.074565
0.194974,-0.222161,0.0745635
-0.19497,0.222165,-0.0745649
0.194973,-0.222162,0.0745651
