mx,my,mz
-0.0344605,0.173596,-0.235298
0.0344664,-0.173596,0.235298
-0.0344606,0.173596,-0.235298
0.0344656,-0.173593,0.2353
0.0344605,-0.173593,0.235301
-0.0344605,0.173594,-0.2353
0.0344593,-0.173591,0.235302
-0.0344593,0.173594,-0.2353
-0.0344606,0.173596,-0.235298
0.0344656,-0.173593,0.2353
-0.0344605,0.173596,-0.235298
0.0344664,-0.173596,0.235298
0.0344593,-0.173591,0.235302
-0.0344593,0.173594,-0.2353
0.0344606,-0.173593,0.235301
-0.0344604,0.173594,-0.2353
