mx,my,mz
0,0,-0.270309
0,0,0.270309
0,0,-0.270309
0,0,0.270309
0,0,0.270309
0,0,-0.270309
0,0,0.270309
0,0,-0.270309
0,0,-0.270309
0,0,0.270309
0,0,-0.270309
0,0,0.270309
0,0,0.270309
0,0,-0.270309
0,0,0.270309
0,0,-0.270309
