mx,my,mz
0,0,-0.305464
0,0,0.305464
0,0,-0.305464
0,0,0.305463
0,0,0.305464
0,0,-0.305464
0,0,0.305464
0,0,-0.305464
0,0,-0.305464
0,0,0.305463
0,0,-0.305464
0,0,0.305464
0,0,0.305464
0,0,-0.305464
0,0,0.305464
0,0,-0.305464
