mx,my,mz
0.159175,-0.164913,0.202216
-0.159171,0.164917,-0.202215
0.159175,-0.164913,0.202216
-0.15917,0.164917,-0.202216
-0.159172,0.164919,-0.202212
0.159177,-0.164914,0.202213
-0.159174,0.16492,-0.202211
0.159177,-0.164916,0.202211
0.159175,-0.164913,0.202216
-0.15917,0.164917,-0.202216
0.159175,-0.164913,0.202216
-0.159171,0.164917,-0.202215
-0.159174,0.16492,-0.202211
0.159177,-0.164916,0.202211
-0.159172,0.164919,-0.202212
0.159177,-0.164914,0.202213
