mx,my,mz
0,0,0.241455
0,0,-0.211302
0,0,0.0335724
0,0,-0.194957
0,0,0.0202967
0,0,-0.0276031
0,0,0.294529
0,0,-0.292821
0,0,0.34126
0,0,-0.210276
0,0,0.302543
0,0,-0.0551016
0,0,0.160039
0,0,-0.113098
0,0,0.312414
0,0,-0.140489
