mx,my,mz
0,0,1.51564e-05
0,0,-1.51513e-05
0,0,1.51493e-05
0,0,-1.51434e-05
0,0,-1.51654e-05
0,0,1.51426e-05
0,0,-1.51443e-05
0,0,1.51561e-05
0,0,1.51493e-05
0,0,-1.51434e-05
0,0,1.51564e-05
0,0,-1.51513e-05
0,0,-1.51443e-05
0,0,1.51561e-05
0,0,-1.51654e-05
0,0,1.51426e-05
