mx,my,mz
0.0619647,0.0833438,0.235552
-0.0619644,-0.0833414,-0.235553
0.0619649,0.0833422,0.235552
-0.0619649,-0.0833399,-0.235553
-0.0619612,-0.0833437,-0.235553
0.0619661,0.0833459,0.235551
-0.0619663,-0.0833423,-0.235552
0.0619694,0.0833419,0.235551
0.0619653,0.083342,0.235552
-0.0619653,-0.0833398,-0.235553
0.0619651,0.0833438,0.235552
-0.0619647,-0.0833413,-0.235553
-0.0619663,-0.083342,-0.235552
0.0619695,0.0833418,0.235551
-0.0619613,-0.0833437,-0.235553
0.0619662,0.0833458,0.235551
