mx,my,mz
0,0,-0.165278
0,0,0.165278
0,0,-0.165278
0,0,0.165278
0,0,0.165278
0,0,-0.165278
0,0,0.165278
0,0,-0.165278
0,0,-0.165278
0,0,0.165278
0,0,-0.165278
0,0,0.165278
0,0,0.165278
0,0,-0.165278
0,0,0.165278
0,0,-0.165278
