mx,my,mz
0,0,0.300597
0,0,-0.300597
0,0,0.300597
0,0,-0.300597
0,0,-0.300597
0,0,0.300597
0,0,-0.300597
0,0,0.300597
0,0,0.300597
0,0,-0.300597
0,0,0.300597
0,0,-0.300597
0,0,-0.300597
0,0,0.300597
0,0,-0.300597
0,0,0.300597
