mx,my,mz
0,0,-0.305168
0,0,0.305168
0,0,-0.305168
0,0,0.305168
0,0,0.305168
0,0,-0.305168
0,0,0.305168
0,0,-0.305168
0,0,-0.305168
0,0,0.305168
0,0,-0.305168
0,0,0.305168
0,0,0.305168
0,0,-0.305168
0,0,0.305168
0,0,-0.305168
