mx,my,mz
-0.236074,0.167897,0.0932791
0.236076,-0.167895,-0.0932776
-0.236074,0.167897,0.0932785
0.236076,-0.167895,-0.0932794
0.236076,-0.167896,-0.0932746
-0.236074,0.1679,0.0932749
0.236078,-0.167894,-0.093274
-0.236075,0.167898,0.0932742
-0.236074,0.167897,0.0932785
0.236076,-0.167895,-0.0932795
-0.236074,0.167897,0.0932792
0.236076,-0.167895,-0.0932776
0.236078,-0.167894,-0.0932739
-0.236075,0.167898,0.0932742
0.236076,-0.167896,-0.0932746
-0.236074,0.1679,0.0932748
