mx,my,mz
0,0,0.290509
0,0,-0.290509
0,0,0.290509
0,0,-0.290509
0,0,-0.290509
0,0,0.290509
0,0,-0.290509
0,0,0.290509
0,0,0.290509
0,0,-0.290509
0,0,0.290509
0,0,-0.290509
0,0,-0.290509
0,0,0.290509
0,0,-0.290509
0,0,0.290509
