mx,my,mz
0,0,9.84862e-06
0,0,-9.84597e-06
0,0,9.8453e-06
0,0,-9.83837e-06
0,0,-9.85515e-06
0,0,9.84313e-06
0,0,-9.84375e-06
0,0,9.84618e-06
0,0,9.8453e-06
0,0,-9.83837e-06
0,0,9.84862e-06
0,0,-9.84597e-06
0,0,-9.84375e-06
0,0,9.84618e-06
0,0,-9.85515e-06
0,0,9.84313e-06
