mx,my,mz
0,0,0.238719
0,0,-0.208908
0,0,0.0331928
0,0,-0.192749
0,0,0.0200677
0,0,-0.0272907
0,0,0.291193
0,0,-0.289505
0,0,0.337396
0,0,-0.207892
0,0,0.299118
0,0,-0.0544765
0,0,0.158227
0,0,-0.111817
0,0,0.308877
0,0,-0.138896
