mx,my,mz
-0.2379,0.179798,0.0645796
0.237902,-0.179796,-0.0645791
-0.237901,0.179797,0.0645796
0.237902,-0.179796,-0.0645789
0.237903,-0.179795,-0.0645766
-0.237901,0.179798,0.0645761
0.237902,-0.179796,-0.0645765
-0.2379,0.1798,0.0645746
-0.2379,0.179798,0.0645796
0.237902,-0.179796,-0.0645789
-0.2379,0.179798,0.0645796
0.237902,-0.179796,-0.0645791
0.237902,-0.179796,-0.0645765
-0.2379,0.1798,0.0645746
0.237903,-0.179795,-0.0645766
-0.237901,0.179798,0.0645761
