mx,my,mz
0,0,4.15389e-07
0,0,-2.10505e-07
0,0,3.98742e-07
0,0,-4.19769e-07
0,0,1.83501e-07
0,0,-5.72479e-07
0,0,4.30659e-08
0,0,-5.6338e-07
0,0,2.47211e-07
0,0,-4.37404e-07
0,0,4.35614e-07
0,0,-4.06994e-08
0,0,2.41189e-07
0,0,-2.85574e-07
0,0,2.85664e-08
0,0,-6.53188e-07
