mx,my,mz
0.0955732,0.202344,0.0610295
-0.0955732,-0.202344,-0.0610298
0.0955728,0.202345,0.0610294
-0.0955724,-0.202345,-0.0610301
-0.0955726,-0.202345,-0.0610283
0.0955725,0.202345,0.061029
-0.0955726,-0.202345,-0.0610289
0.0955728,0.202345,0.0610289
0.0955728,0.202345,0.0610294
-0.0955724,-0.202345,-0.06103
0.0955732,0.202344,0.0610295
-0.0955732,-0.202344,-0.0610298
-0.0955726,-0.202345,-0.0610289
0.0955728,0.202345,0.0610288
-0.0955726,-0.202345,-0.0610282
0.0955725,0.202345,0.061029
