mx,my,mz
0,0,-0.249595
0,0,0.249595
0,0,-0.249595
0,0,0.249595
0,0,0.249595
0,0,-0.249595
0,0,0.249595
0,0,-0.249595
0,0,-0.249595
0,0,0.249595
0,0,-0.249595
0,0,0.249595
0,0,0.249595
0,0,-0.249595
0,0,0.249595
0,0,-0.249595
