mx,my,mz
0,0,0.229004
0,0,-0.229004
0,0,-0.228958
0,0,0.228958
0,0,0.228958
0,0,-0.228958
0,0,0.228958
0,0,-0.228958
0,0,-0.228958
0,0,0.228958
0,0,0.228999
0,0,-0.228999
0,0,0.228958
0,0,-0.228958
0,0,0.228958
0,0,-0.228958
