mx,my,mz
0,0,0.20337
0,0,-0.0502421
0,0,0.325464
0,0,-0.323096
0,0,0.0454555
0,0,-0.207573
0,0,0.294833
0,0,-0.108975
0,0,0.353599
0,0,-0.194845
0,0,0.0607187
0,0,-0.0834627
0,0,0.34305
0,0,-0.246884
0,0,0.0657047
0,0,-0.235212
