mx,my,mz
0,0,0.262381
0,0,-0.262381
0,0,0.262381
0,0,-0.262381
0,0,-0.262381
0,0,0.262381
0,0,-0.262381
0,0,0.262381
0,0,0.262381
0,0,-0.262381
0,0,0.262381
0,0,-0.262381
0,0,-0.262381
0,0,0.262381
0,0,-0.262381
0,0,0.262381
