mx,my,mz
0,0,0.23503
0,0,-0.23503
0,0,0.23503
0,0,-0.23503
0,0,-0.23503
0,0,0.23503
0,0,-0.23503
0,0,0.23503
0,0,0.23503
0,0,-0.23503
0,0,0.23503
0,0,-0.23503
0,0,-0.23503
0,0,0.23503
0,0,-0.23503
0,0,0.23503
