mx,my,mz
0,0,0.242518
0,0,-0.212232
0,0,0.0337195
0,0,-0.195814
0,0,0.0203851
0,0,-0.0277242
0,0,0.295823
0,0,-0.294109
0,0,0.34276
0,0,-0.211203
0,0,0.303871
0,0,-0.055345
0,0,0.160742
0,0,-0.113596
0,0,0.313787
0,0,-0.141108
