mx,my,mz
0,0,0.239758
0,0,-0.209817
0,0,0.0333371
0,0,-0.193587
0,0,0.0201549
0,0,-0.0274094
0,0,0.29246
0,0,-0.290764
0,0,0.338863
0,0,-0.208797
0,0,0.300419
0,0,-0.0547137
0,0,0.158916
0,0,-0.112303
0,0,0.31022
0,0,-0.139501
