mx,my,mz
0,0,-0.0463367
0,0,0.0463367
0,0,-0.0463367
0,0,0.0463367
0,0,0.0463367
0,0,-0.0463367
0,0,0.0463367
0,0,-0.0463367
0,0,-0.0463367
0,0,0.0463367
0,0,-0.0463367
0,0,0.0463367
0,0,0.0463367
0,0,-0.0463367
0,0,0.0463367
0,0,-0.0463367
