mx,my,mz
0,0,-0.252708
0,0,0.252708
0,0,-0.252708
0,0,0.252708
0,0,0.252708
0,0,-0.252708
0,0,0.252708
0,0,-0.252708
0,0,-0.252708
0,0,0.252708
0,0,-0.252708
0,0,0.252708
0,0,0.252708
0,0,-0.252708
0,0,0.252708
0,0,-0.252708
