mx,my,mz
0,0,0.238678
0,0,-0.208872
0,0,0.0331871
0,0,-0.192716
0,0,0.0200643
0,0,-0.027286
0,0,0.291143
0,0,-0.289455
0,0,0.337338
0,0,-0.207857
0,0,0.299066
0,0,-0.0544672
0,0,0.1582
0,0,-0.111797
0,0,0.308824
0,0,-0.138873
