mx,my,mz
0,0,0.222594
0,0,0.22965
0,0,-0.22965
0,0,-0.222594
0,0,0.22965
0,0,-0.22965
0,0,0.22965
0,0,-0.22965
0,0,-0.22965
0,0,-0.222592
0,0,0.222591
0,0,0.22965
0,0,0.22965
0,0,-0.22965
0,0,0.22965
0,0,-0.22965
