mx,my,mz
0,0,0.213044
0,0,-0.213044
0,0,0.213044
0,0,-0.213044
0,0,-0.213044
0,0,0.213044
0,0,-0.213044
0,0,0.213044
0,0,0.213044
0,0,-0.213044
0,0,0.213044
0,0,-0.213044
0,0,-0.213044
0,0,0.213044
0,0,-0.213044
0,0,0.213044
