mx,my,mz
0,0,0.302247
0,0,-0.302247
0,0,0.302247
0,0,-0.302247
0,0,-0.302247
0,0,0.302247
0,0,-0.302247
0,0,0.302247
0,0,0.302247
0,0,-0.302247
0,0,0.302247
0,0,-0.302247
0,0,-0.302247
0,0,0.302247
0,0,-0.302247
0,0,0.302247
