mx,my,mz
0,0,0.273881
0,0,-0.273881
0,0,0.273881
0,0,-0.273881
0,0,-0.273881
0,0,0.273881
0,0,-0.273881
0,0,0.273881
0,0,0.273881
0,0,-0.273881
0,0,0.273881
0,0,-0.273881
0,0,-0.273881
0,0,0.273881
0,0,-0.273881
0,0,0.273881
