mx,my,mz
-0.138755,0.185397,0.199443
0.13876,-0.185391,-0.199445
-0.138753,0.185397,0.199444
0.138757,-0.185394,-0.199444
0.138759,-0.185394,-0.199443
-0.138752,0.1854,0.199442
0.13876,-0.185397,-0.199439
-0.138756,0.185399,0.19944
-0.138753,0.185397,0.199444
0.138757,-0.185394,-0.199444
-0.138755,0.185397,0.199443
0.13876,-0.185391,-0.199445
0.13876,-0.185397,-0.199439
-0.138756,0.185399,0.19944
0.138759,-0.185394,-0.199443
-0.138752,0.1854,0.199442
