mx,my,mz
0,0,0.23826
0,0,-0.208506
0,0,0.0331289
0,0,-0.192378
0,0,0.0200291
0,0,-0.0272382
0,0,0.290633
0,0,-0.288947
0,0,0.336746
0,0,-0.207492
0,0,0.298542
0,0,-0.0543716
0,0,0.157923
0,0,-0.111601
0,0,0.308282
0,0,-0.138629
