mx,my,mz
0,0,3.72847e-07
0,0,-1.89033e-07
0,0,3.57587e-07
0,0,-3.77375e-07
0,0,1.64361e-07
0,0,-5.14528e-07
0,0,3.84256e-08
0,0,-5.06133e-07
0,0,2.21956e-07
0,0,-3.93007e-07
0,0,3.90897e-07
0,0,-3.69766e-08
0,0,2.1635e-07
0,0,-2.56836e-07
0,0,2.55549e-08
0,0,-5.86829e-07
