mx,my,mz
0,0,0.238305
0,0,-0.208546
0,0,0.0331352
0,0,-0.192414
0,0,0.0200329
0,0,-0.0272434
0,0,0.290688
0,0,-0.289003
0,0,0.336811
0,0,-0.207532
0,0,0.298599
0,0,-0.054382
0,0,0.157953
0,0,-0.111623
0,0,0.308341
0,0,-0.138656
