mx,my,mz
-0.236109,0.167935,0.0932969
0.236112,-0.167932,-0.0932953
-0.23611,0.167934,0.0932963
0.236111,-0.167932,-0.0932972
0.236112,-0.167934,-0.0932923
-0.236109,0.167937,0.0932926
0.236113,-0.167931,-0.0932917
-0.236111,0.167935,0.0932919
-0.23611,0.167934,0.0932962
0.236111,-0.167932,-0.0932972
-0.236109,0.167935,0.0932969
0.236112,-0.167932,-0.0932953
0.236113,-0.167931,-0.0932917
-0.236111,0.167935,0.0932919
0.236112,-0.167934,-0.0932924
-0.236109,0.167937,0.0932925
