mx,my,mz
0,0,0.290239
0,0,-0.290239
0,0,0.290239
0,0,-0.290239
0,0,-0.290239
0,0,0.290239
0,0,-0.290239
0,0,0.290239
0,0,0.290239
0,0,-0.290239
0,0,0.290239
0,0,-0.290239
0,0,-0.290239
0,0,0.290239
0,0,-0.290239
0,0,0.290239
