mx,my,mz
0,0,0.24017
0,0,-0.210178
0,0,0.0333943
0,0,-0.19392
0,0,0.0201894
0,0,-0.0274564
0,0,0.292962
0,0,-0.291263
0,0,0.339445
0,0,-0.209156
0,0,0.300934
0,0,-0.0548078
0,0,0.159188
0,0,-0.112496
0,0,0.310753
0,0,-0.139741
