mx,my,mz
0,0,5.55895e-07
0,0,-1.45522e-07
0,0,1.88022e-08
0,0,-6.206e-07
0,0,8.92034e-08
0,0,-5.62775e-07
0,0,8.37177e-08
0,0,-5.66839e-07
0,0,2.41796e-07
0,0,-4.95387e-07
0,0,1.3128e-08
0,0,-5.8245e-07
0,0,2.60101e-07
0,0,-4.63114e-07
0,0,2.80733e-07
0,0,-3.13503e-07
