mx,my,mz
0,0,5.02644e-07
0,0,-5.18035e-07
0,0,5.44167e-07
0,0,-2.04145e-07
0,0,1.38653e-07
0,0,-2.49664e-07
0,0,6.5755e-08
0,0,-2.47047e-07
0,0,2.51873e-07
0,0,-4.81789e-07
0,0,2.24173e-07
0,0,-6.65849e-07
0,0,5.9398e-07
0,0,-5.34187e-08
0,0,4.98963e-07
0,0,-4.92904e-07
