mx,my,mz
0,0,4.26297e-06
0,0,-4.26665e-06
0,0,4.2674e-06
0,0,-4.25857e-06
0,0,-4.24652e-06
0,0,4.24475e-06
0,0,-4.24938e-06
0,0,4.24643e-06
0,0,4.26001e-06
0,0,-4.26111e-06
0,0,4.27094e-06
0,0,-4.26506e-06
0,0,-4.25309e-06
0,0,4.25923e-06
0,0,-4.26384e-06
0,0,4.25245e-06
