mx,my,mz
0,0,-1.72111e-05
0,0,1.7209e-05
0,0,-1.72163e-05
0,0,1.72206e-05
0,0,1.72162e-05
0,0,-1.72212e-05
0,0,1.72221e-05
0,0,-1.72193e-05
0,0,-1.72163e-05
0,0,1.72206e-05
0,0,-1.72111e-05
0,0,1.7209e-05
0,0,1.72221e-05
0,0,-1.72193e-05
0,0,1.72162e-05
0,0,-1.72212e-05
