mx,my,mz
0,0,0.275705
0,0,-0.175311
0,0,-0.175311
0,0,-0.175311
0,0,-0.175311
0,0,-0.175313
0,0,0.275705
0,0,-0.175313
0,0,-0.175309
0,0,-0.175312
0,0,0.275705
0,0,-0.175312
0,0,0.275705
0,0,-0.175311
0,0,-0.175312
0,0,-0.175311
