mx,my,mz
0,0,0.169544
0,0,-0.169544
0,0,0.169544
0,0,-0.169544
0,0,-0.169544
0,0,0.169544
0,0,-0.169544
0,0,0.169544
0,0,0.169544
0,0,-0.169544
0,0,0.169544
0,0,-0.169544
0,0,-0.169544
0,0,0.169544
0,0,-0.169544
0,0,0.169544
