mx,my,mz
0,0,0.30439
0,0,-0.30439
0,0,0.30439
0,0,-0.30439
0,0,-0.30439
0,0,0.30439
0,0,-0.30439
0,0,0.30439
0,0,0.30439
0,0,-0.30439
0,0,0.30439
0,0,-0.30439
0,0,-0.30439
0,0,0.30439
0,0,-0.30439
0,0,0.30439
