mx,my,mz
0.236905,-0.183006,-0.0300233
-0.236903,0.183009,0.0300235
0.236905,-0.183006,-0.030025
-0.236903,0.183009,0.0300234
-0.236902,0.18301,0.0300286
0.236904,-0.183007,-0.030026
-0.236901,0.183011,0.0300282
0.236904,-0.183007,-0.0300278
0.236905,-0.183006,-0.030025
-0.236903,0.183009,0.0300234
0.236905,-0.183006,-0.0300233
-0.236903,0.183009,0.0300234
-0.236901,0.183011,0.0300282
0.236904,-0.183007,-0.0300278
-0.236902,0.18301,0.0300286
0.236904,-0.183007,-0.030026
