mx,my,mz
0.0395621,0.197291,-0.0450404
-0.0395621,-0.197291,0.0450404
0.0395621,0.197291,-0.0450404
-0.0395621,-0.197291,0.0450403
-0.0395621,-0.197291,0.0450405
0.0395621,0.197291,-0.0450404
-0.0395621,-0.197291,0.0450405
0.0395621,0.197291,-0.0450404
0.0395621,0.197291,-0.0450404
-0.0395621,-0.197291,0.0450403
0.0395621,0.197291,-0.0450404
-0.0395621,-0.197291,0.0450404
-0.0395621,-0.197291,0.0450405
0.0395621,0.197291,-0.0450404
-0.0395621,-0.197291,0.0450405
0.0395621,0.197291,-0.0450404
