mx,my,mz
0.191343,-0.158804,-0.171823
-0.191338,0.158811,0.171822
0.191341,-0.158808,-0.171821
-0.191338,0.158811,0.171822
-0.191337,0.158809,0.171825
0.191339,-0.158807,-0.171825
-0.191337,0.158808,0.171826
0.19134,-0.158804,-0.171826
0.191341,-0.158808,-0.171821
-0.191338,0.158811,0.171822
0.191343,-0.158804,-0.171823
-0.191337,0.158811,0.171822
-0.191337,0.158808,0.171826
0.19134,-0.158804,-0.171826
-0.191337,0.158809,0.171825
0.191339,-0.158807,-0.171825
