mx,my,mz
0,0,0.0521237
0,0,-0.0521237
0,0,0.0521237
0,0,-0.0521237
0,0,-0.0521237
0,0,0.0521237
0,0,-0.0521237
0,0,0.0521237
0,0,0.0521237
0,0,-0.0521237
0,0,0.0521237
0,0,-0.0521237
0,0,-0.0521237
0,0,0.0521237
0,0,-0.0521237
0,0,0.0521237
