mx,my,mz
0,0,0.245854
0,0,-0.215152
0,0,0.034178
0,0,-0.1985
0,0,0.0206584
0,0,-0.0281027
0,0,0.299881
0,0,-0.298145
0,0,0.347459
0,0,-0.214118
0,0,0.30803
0,0,-0.0561121
0,0,0.162943
0,0,-0.11516
0,0,0.318088
0,0,-0.143054
