mx,my,mz
0,0,-0.292561
0,0,0.292561
0,0,-0.292561
0,0,0.292561
0,0,0.292561
0,0,-0.292561
0,0,0.292561
0,0,-0.292561
0,0,-0.292561
0,0,0.292561
0,0,-0.292561
0,0,0.292561
0,0,0.292561
0,0,-0.292561
0,0,0.292561
0,0,-0.292561
