mx,my,mz
0,0,4.26835e-06
0,0,-4.27551e-06
0,0,4.2743e-06
0,0,-4.27179e-06
0,0,-4.24884e-06
0,0,4.25304e-06
0,0,-4.25628e-06
0,0,4.25721e-06
0,0,4.26613e-06
0,0,-4.27459e-06
0,0,4.27716e-06
0,0,-4.27377e-06
0,0,-4.26038e-06
0,0,4.27132e-06
0,0,-4.26791e-06
0,0,4.26151e-06
