mx,my,mz
0,0,3.1394e-06
0,0,-3.17095e-06
0,0,3.25551e-06
0,0,-3.28293e-06
0,0,-2.8534e-06
0,0,2.92966e-06
0,0,-3.0103e-06
0,0,2.99178e-06
0,0,2.78674e-06
0,0,-2.8913e-06
0,0,3.0096e-06
0,0,-2.94561e-06
0,0,-2.79882e-06
0,0,2.8844e-06
0,0,-3.00039e-06
0,0,2.97211e-06
