mx,my,mz
0,0,0.301357
0,0,-0.301357
0,0,0.301357
0,0,-0.301357
0,0,-0.301356
0,0,0.301357
0,0,-0.301356
0,0,0.301356
0,0,0.301357
0,0,-0.301357
0,0,0.301357
0,0,-0.301357
0,0,-0.301356
0,0,0.301356
0,0,-0.301356
0,0,0.301357
