mx,my,mz
0.178129,-0.237372,-0.072338
-0.178127,0.237374,0.0723376
0.17813,-0.237372,-0.0723382
-0.178125,0.237375,0.0723387
-0.178125,0.237374,0.0723425
0.178128,-0.237372,-0.0723427
-0.178126,0.237374,0.072341
0.17813,-0.23737,-0.0723426
0.17813,-0.237372,-0.0723382
-0.178125,0.237375,0.0723387
0.178129,-0.237372,-0.072338
-0.178127,0.237374,0.0723376
-0.178126,0.237374,0.072341
0.17813,-0.23737,-0.0723426
-0.178125,0.237374,0.0723425
0.178128,-0.237372,-0.0723427
