mx,my,mz
-0.169555,0.0839411,-0.0577894
0.169555,-0.0839411,0.0577894
-0.169555,0.0839411,-0.0577894
0.169555,-0.0839411,0.0577894
0.169555,-0.0839411,0.0577894
-0.169555,0.0839411,-0.0577894
0.169555,-0.0839411,0.0577894
-0.169555,0.0839411,-0.0577894
-0.169555,0.0839411,-0.0577894
0.169555,-0.0839411,0.0577894
-0.169555,0.0839411,-0.0577894
0.169555,-0.0839411,0.0577894
0.169555,-0.0839411,0.0577894
-0.169555,0.0839411,-0.0577894
0.169555,-0.0839411,0.0577894
-0.169555,0.0839411,-0.0577894
