mx,my,mz
0,0,0.17632
0,0,-0.17632
0,0,0.17632
0,0,-0.17632
0,0,-0.17632
0,0,0.17632
0,0,-0.17632
0,0,0.17632
0,0,0.17632
0,0,-0.17632
0,0,0.17632
0,0,-0.17632
0,0,-0.17632
0,0,0.17632
0,0,-0.17632
0,0,0.17632
