mx,my,mz
0,0,-0.217666
0,0,0.217666
0,0,-0.217666
0,0,0.217666
0,0,0.217666
0,0,-0.217666
0,0,0.217666
0,0,-0.217666
0,0,-0.217666
0,0,0.217666
0,0,-0.217666
0,0,0.217666
0,0,0.217666
0,0,-0.217666
0,0,0.217666
0,0,-0.217666
