mx,my,mz
0,0,0.242878
0,0,-0.212547
0,0,0.0337691
0,0,-0.196104
0,0,0.0204148
0,0,-0.0277651
0,0,0.296261
0,0,-0.294544
0,0,0.343267
0,0,-0.211517
0,0,0.304321
0,0,-0.0554275
0,0,0.16098
0,0,-0.113765
0,0,0.314252
0,0,-0.141318
