mx,my,mz
0,0,4.2537e-07
0,0,-4.38416e-07
0,0,4.60486e-07
0,0,-1.72763e-07
0,0,1.17328e-07
0,0,-2.11222e-07
0,0,5.56105e-08
0,0,-2.09041e-07
0,0,2.13157e-07
0,0,-4.07704e-07
0,0,1.8976e-07
0,0,-5.63444e-07
0,0,5.02615e-07
0,0,-4.52308e-08
0,0,4.22236e-07
0,0,-4.1711e-07
