mx,my,mz
0,0,0.175194
0,0,-0.275004
0,0,0.175194
0,0,0.175195
0,0,0.175194
0,0,0.175192
0,0,0.175194
0,0,-0.275005
0,0,0.175195
0,0,0.175194
0,0,0.175195
0,0,-0.275005
0,0,0.175193
0,0,-0.275004
0,0,0.175193
0,0,0.175193
