mx,my,mz
0,0,-0.137485
0,0,0.137485
0,0,-0.137485
0,0,0.137485
0,0,0.137485
0,0,-0.137485
0,0,0.137485
0,0,-0.137485
0,0,-0.137485
0,0,0.137485
0,0,-0.137485
0,0,0.137485
0,0,0.137485
0,0,-0.137485
0,0,0.137485
0,0,-0.137485
