mx,my,mz
0.204141,-0.207612,-0.00896681
-0.204138,0.207615,0.00896399
0.204141,-0.207613,-0.00896478
-0.204139,0.207614,0.00896553
-0.20414,0.207613,0.00897021
0.204141,-0.207613,-0.00896805
-0.204138,0.207615,0.00896839
0.204141,-0.207612,-0.00896847
0.204141,-0.207613,-0.00896487
-0.204139,0.207614,0.00896563
0.204141,-0.207612,-0.00896684
-0.204138,0.207615,0.00896401
-0.204138,0.207615,0.00896844
0.204141,-0.207612,-0.00896853
-0.20414,0.207613,0.0089702
0.204141,-0.207613,-0.00896802
