mx,my,mz
0,0,-1.53099e-06
0,0,1.23708e-06
0,0,-1.36407e-06
0,0,1.19623e-06
0,0,2.57632e-06
0,0,-2.47425e-06
0,0,2.32128e-06
0,0,-2.23844e-06
0,0,-1.65144e-06
0,0,1.52182e-06
0,0,-1.18561e-06
0,0,1.03356e-06
0,0,1.96727e-06
0,0,-1.7092e-06
0,0,1.63425e-06
0,0,-1.59923e-06
