mx,my,mz
0,0,-0.297635
0,0,0.297635
0,0,-0.297635
0,0,0.297635
0,0,0.297635
0,0,-0.297635
0,0,0.297635
0,0,-0.297635
0,0,-0.297635
0,0,0.297635
0,0,-0.297635
0,0,0.297635
0,0,0.297635
0,0,-0.297635
0,0,0.297635
0,0,-0.297635
