mx,my,mz
0,0,0.298332
0,0,-0.298332
0,0,0.298332
0,0,-0.298332
0,0,-0.298332
0,0,0.298332
0,0,-0.298332
0,0,0.298332
0,0,0.298332
0,0,-0.298332
0,0,0.298332
0,0,-0.298332
0,0,-0.298332
0,0,0.298332
0,0,-0.298332
0,0,0.298332
