mx,my,mz
-0.191285,0.117729,-0.205798
0.19129,-0.117721,0.205798
-0.19128,0.117733,-0.2058
0.19129,-0.117718,0.2058
0.191285,-0.117722,0.205802
-0.191281,0.117726,-0.205803
0.191286,-0.117719,0.205803
-0.191283,0.117725,-0.205802
-0.19128,0.117733,-0.2058
0.19129,-0.117718,0.2058
-0.191285,0.117729,-0.205798
0.19129,-0.117721,0.205798
0.191286,-0.117719,0.205803
-0.191283,0.117725,-0.205802
0.191285,-0.117722,0.205802
-0.191281,0.117726,-0.205803
