mx,my,mz
0,0,-0.000814478
0,0,0.00081449
0,0,-0.000814484
0,0,0.000814491
0,0,0.00081448
0,0,-0.000814495
0,0,0.000814491
0,0,-0.000814495
0,0,-0.000814484
0,0,0.000814491
0,0,-0.000814478
0,0,0.00081449
0,0,0.000814491
0,0,-0.000814495
0,0,0.00081448
0,0,-0.000814495
