mx,my,mz
0.0768457,-0.143187,0.191921
-0.076844,0.143188,-0.191921
0.0768451,-0.143187,0.191922
-0.0768439,0.143189,-0.191921
-0.0768455,0.143189,-0.19192
0.0768477,-0.143189,0.191919
-0.0768462,0.143189,-0.19192
0.0768471,-0.143188,0.19192
0.076845,-0.143187,0.191922
-0.076844,0.143189,-0.191921
0.0768459,-0.143187,0.191921
-0.0768441,0.143188,-0.191921
-0.0768463,0.143189,-0.19192
0.0768473,-0.143188,0.19192
-0.0768457,0.143189,-0.19192
0.0768479,-0.143189,0.191919
