mx,my,mz
0.202651,-0.221623,0.056945
-0.202648,0.221625,-0.0569447
0.202651,-0.221623,0.0569429
-0.20265,0.221624,-0.056945
-0.202649,0.221625,-0.0569405
0.202652,-0.221623,0.056941
-0.202649,0.221626,-0.0569389
0.202652,-0.221623,0.0569396
0.202651,-0.221623,0.0569429
-0.202649,0.221624,-0.0569449
0.202651,-0.221623,0.056945
-0.202649,0.221625,-0.0569447
-0.202649,0.221626,-0.0569389
0.202652,-0.221623,0.0569395
-0.202649,0.221626,-0.0569405
0.202652,-0.221623,0.056941
