mx,my,mz
0,0,3.9693e-07
0,0,-3.86302e-07
0,0,9.18731e-08
0,0,-2.7834e-07
0,0,6.00941e-07
0,0,-3.60314e-07
0,0,2.25291e-07
0,0,-4.02957e-07
0,0,3.10853e-07
0,0,-8.77278e-08
0,0,3.35306e-07
0,0,-4.23924e-07
0,0,3.44054e-08
0,0,-2.28898e-09
0,0,7.01139e-07
0,0,-2.26873e-07
