mx,my,mz
0,0,3.26077e-06
0,0,-3.29548e-06
0,0,3.38906e-06
0,0,-3.42082e-06
0,0,-2.94086e-06
0,0,3.026e-06
0,0,-3.11518e-06
0,0,3.09505e-06
0,0,2.86802e-06
0,0,-2.98475e-06
0,0,3.1164e-06
0,0,-3.04483e-06
0,0,-2.87969e-06
0,0,2.97572e-06
0,0,-3.1046e-06
0,0,3.07306e-06
