mx,my,mz
0,0,1.1579e-05
0,0,-1.15781e-05
0,0,1.15825e-05
0,0,-1.15857e-05
0,0,-1.15756e-05
0,0,1.15785e-05
0,0,-1.15875e-05
0,0,1.1587e-05
0,0,1.15825e-05
0,0,-1.15857e-05
0,0,1.1579e-05
0,0,-1.15781e-05
0,0,-1.15875e-05
0,0,1.1587e-05
0,0,-1.15756e-05
0,0,1.15785e-05
