mx,my,mz
0,0,5.49507e-07
0,0,-5.66333e-07
0,0,5.94881e-07
0,0,-2.23179e-07
0,0,1.51557e-07
0,0,-2.72908e-07
0,0,7.18796e-08
0,0,-2.70066e-07
0,0,2.75354e-07
0,0,-5.26695e-07
0,0,2.45103e-07
0,0,-7.27894e-07
0,0,6.49339e-07
0,0,-5.84143e-08
0,0,5.45451e-07
0,0,-5.38846e-07
