mx,my,mz
0,0,-3.80087e-06
0,0,3.82369e-06
0,0,-3.83189e-06
0,0,3.77624e-06
0,0,3.9108e-06
0,0,-3.91698e-06
0,0,3.8719e-06
0,0,-3.83599e-06
0,0,-3.88903e-06
0,0,3.8734e-06
0,0,-3.85626e-06
0,0,3.83832e-06
0,0,3.911e-06
0,0,-3.91244e-06
0,0,3.94251e-06
0,0,-3.90766e-06
