mx,my,mz
-0.14336,0.144581,0.0593709
0.14336,-0.144581,-0.059371
-0.14336,0.144581,0.0593711
0.14336,-0.144581,-0.0593712
0.14336,-0.144581,-0.0593706
-0.14336,0.144581,0.0593706
0.14336,-0.144581,-0.0593706
-0.14336,0.144581,0.0593707
-0.14336,0.144581,0.0593711
0.14336,-0.144581,-0.0593712
-0.14336,0.144581,0.0593709
0.14336,-0.144581,-0.059371
0.14336,-0.144581,-0.0593706
-0.14336,0.144581,0.0593707
0.14336,-0.144581,-0.0593706
-0.14336,0.144581,0.0593706
