mx,my,mz
0,0,4.34406e-07
0,0,-2.2034e-07
0,0,4.16489e-07
0,0,-4.39736e-07
0,0,1.9141e-07
0,0,-5.99645e-07
0,0,4.46936e-08
0,0,-5.8977e-07
0,0,2.58581e-07
0,0,-4.57894e-07
0,0,4.55407e-07
0,0,-4.32897e-08
0,0,2.52004e-07
0,0,-2.9935e-07
0,0,2.97702e-08
0,0,-6.83838e-07
