mx,my,mz
0,0,-4.77887e-06
0,0,4.78853e-06
0,0,-4.79319e-06
0,0,4.78615e-06
0,0,4.78468e-06
0,0,-4.78722e-06
0,0,4.7825e-06
0,0,-4.78257e-06
0,0,-4.79214e-06
0,0,4.78741e-06
0,0,-4.78241e-06
0,0,4.78979e-06
0,0,4.78161e-06
0,0,-4.78394e-06
0,0,4.78833e-06
0,0,-4.78862e-06
