mx,my,mz
0,0,-0.228126
0,0,-0.236227
0,0,0.236227
0,0,0.228128
0,0,0.228128
0,0,-0.228128
0,0,0.228128
0,0,-0.228128
0,0,0.236225
0,0,0.228128
0,0,-0.228127
0,0,-0.236225
0,0,0.228128
0,0,-0.228128
0,0,0.228128
0,0,-0.228129
