mx,my,mz
0,0,0.238315
0,0,-0.208555
0,0,0.0331366
0,0,-0.192422
0,0,0.0200338
0,0,-0.0272445
0,0,0.2907
0,0,-0.289015
0,0,0.336824
0,0,-0.20754
0,0,0.298611
0,0,-0.0543843
0,0,0.157959
0,0,-0.111627
0,0,0.308354
0,0,-0.138661
