mx,my,mz
-0.201603,0.199296,0.0388994
0.201606,-0.199292,-0.038898
-0.201604,0.199294,0.038899
0.201606,-0.199293,-0.0388989
0.201606,-0.199293,-0.0388947
-0.201604,0.199295,0.0388944
0.201606,-0.199293,-0.0388955
-0.201602,0.199297,0.0388938
-0.201604,0.199294,0.0388989
0.201606,-0.199293,-0.0388989
-0.201603,0.199296,0.0388993
0.201606,-0.199292,-0.038898
0.201606,-0.199293,-0.0388955
-0.201602,0.199297,0.0388938
0.201606,-0.199293,-0.0388947
-0.201604,0.199295,0.0388944
