mx,my,mz
0,0,0.262909
0,0,-0.262909
0,0,0.262909
0,0,-0.262909
0,0,-0.262909
0,0,0.262909
0,0,-0.262909
0,0,0.262909
0,0,0.262909
0,0,-0.262909
0,0,0.262909
0,0,-0.262909
0,0,-0.262909
0,0,0.262909
0,0,-0.262909
0,0,0.262909
