mx,my,mz
0,0,0.183954
0,0,-0.183954
0,0,0.183954
0,0,-0.183954
0,0,-0.183954
0,0,0.183954
0,0,-0.183954
0,0,0.183954
0,0,0.183954
0,0,-0.183954
0,0,0.183954
0,0,-0.183954
0,0,-0.183954
0,0,0.183954
0,0,-0.183954
0,0,0.183954
