mx,my,mz
0,0,0.239143
0,0,-0.209279
0,0,0.0332516
0,0,-0.19309
0,0,0.0201033
0,0,-0.0273391
0,0,0.291709
0,0,-0.290018
0,0,0.337994
0,0,-0.208261
0,0,0.299648
0,0,-0.0545732
0,0,0.158508
0,0,-0.112015
0,0,0.309424
0,0,-0.139143
