mx,my,mz
0,0,-2.65522e-06
0,0,2.57605e-06
0,0,-2.53038e-06
0,0,2.67204e-06
0,0,2.84076e-06
0,0,-2.71876e-06
0,0,2.66118e-06
0,0,-2.8231e-06
0,0,-2.95968e-06
0,0,2.80208e-06
0,0,-2.70056e-06
0,0,2.91587e-06
0,0,3.11694e-06
0,0,-2.98802e-06
0,0,2.92122e-06
0,0,-3.09589e-06
