mx,my,mz
0,0,8.85264e-06
0,0,-8.86122e-06
0,0,8.86339e-06
0,0,-8.85481e-06
0,0,-8.85462e-06
0,0,8.85651e-06
0,0,-8.85829e-06
0,0,8.85641e-06
0,0,8.86339e-06
0,0,-8.85481e-06
0,0,8.85264e-06
0,0,-8.86122e-06
0,0,-8.85829e-06
0,0,8.85641e-06
0,0,-8.85462e-06
0,0,8.85651e-06
