mx,my,mz
0.19524,-0.221982,0.0748514
-0.195237,0.221985,-0.074851
0.195239,-0.221983,0.0748496
-0.195238,0.221984,-0.0748497
-0.195237,0.221986,-0.0748472
0.19524,-0.221983,0.0748474
-0.195238,0.221985,-0.0748473
0.195242,-0.221982,0.0748458
0.195239,-0.221983,0.0748496
-0.195238,0.221984,-0.0748497
0.19524,-0.221982,0.0748514
-0.195237,0.221985,-0.074851
-0.195238,0.221985,-0.0748473
0.195242,-0.221982,0.0748458
-0.195237,0.221986,-0.0748472
0.19524,-0.221983,0.0748474
