mx,my,mz
0,0,0.228584
0,0,-0.228583
0,0,0.228584
0,0,-0.228583
0,0,0.232381
0,0,0.228583
0,0,-0.228583
0,0,-0.23238
0,0,0.228584
0,0,-0.228583
0,0,0.228584
0,0,-0.228583
0,0,-0.228583
0,0,-0.232385
0,0,0.232384
0,0,0.228582
