mx,my,mz
0,0,0.175224
0,0,-0.275154
0,0,0.175224
0,0,0.175225
0,0,0.175225
0,0,0.175222
0,0,0.175225
0,0,-0.275155
0,0,0.175225
0,0,0.175223
0,0,0.175225
0,0,-0.275155
0,0,0.175223
0,0,-0.275154
0,0,0.175223
0,0,0.175224
