mx,my,mz
-0.0232176,-0.0422461,0.301833
0.0232385,0.0422471,-0.301831
-0.0232341,-0.0422246,0.301834
0.0232434,0.0422403,-0.301832
0.0232434,0.0422484,-0.30183
-0.0232189,-0.0422294,0.301835
0.0232469,0.0422504,-0.30183
-0.0232235,-0.0422246,0.301835
-0.023234,-0.0422245,0.301835
0.0232431,0.04224,-0.301832
-0.0232176,-0.0422461,0.301833
0.0232388,0.0422473,-0.301831
0.0232468,0.0422503,-0.30183
-0.0232231,-0.0422244,0.301835
0.0232433,0.0422484,-0.30183
-0.0232192,-0.0422296,0.301835
