mx,my,mz
0,0,0.239221
0,0,-0.209348
0,0,0.0332625
0,0,-0.193154
0,0,0.0201099
0,0,-0.0273481
0,0,0.291805
0,0,-0.290113
0,0,0.338105
0,0,-0.20833
0,0,0.299747
0,0,-0.0545911
0,0,0.15856
0,0,-0.112052
0,0,0.309526
0,0,-0.139189
