mx,my,mz
0,0,0.256278
0,0,-0.256278
0,0,0.256278
0,0,-0.256278
0,0,-0.256278
0,0,0.256278
0,0,-0.256278
0,0,0.256278
0,0,0.256278
0,0,-0.256278
0,0,0.256278
0,0,-0.256278
0,0,-0.256278
0,0,0.256278
0,0,-0.256278
0,0,0.256278
