mx,my,mz
0,0,0.212004
0,0,0.230831
0,0,-0.230831
0,0,-0.212004
0,0,0.230831
0,0,-0.230831
0,0,0.230831
0,0,-0.230831
0,0,-0.23083
0,0,-0.212007
0,0,0.212007
0,0,0.23083
0,0,0.230831
0,0,-0.23083
0,0,0.230831
0,0,-0.230831
