mx,my,mz
0,0,0.239989
0,0,-0.210019
0,0,0.0333691
0,0,-0.193773
0,0,0.0201742
0,0,-0.0274358
0,0,0.292741
0,0,-0.291044
0,0,0.339189
0,0,-0.208998
0,0,0.300707
0,0,-0.0547664
0,0,0.159068
0,0,-0.112411
0,0,0.310519
0,0,-0.139635
