mx,my,mz
0,0,0.304108
0,0,-0.304108
0,0,0.304108
0,0,-0.304108
0,0,-0.304108
0,0,0.304107
0,0,-0.304107
0,0,0.304108
0,0,0.304108
0,0,-0.304108
0,0,0.304108
0,0,-0.304108
0,0,-0.304107
0,0,0.304108
0,0,-0.304108
0,0,0.304107
