mx,my,mz
0,0,7.892e-08
0,0,-8.12024e-08
0,0,2.57005e-07
0,0,-1.87242e-07
0,0,5.89745e-09
0,0,-5.1121e-07
0,0,1.10793e-07
0,0,-5.26054e-07
0,0,2.18914e-07
0,0,-5.04666e-07
0,0,2.16713e-07
0,0,-4.30509e-07
0,0,2.55935e-07
0,0,-2.27529e-08
0,0,4.65492e-07
0,0,-1.15471e-08
