mx,my,mz
-0.194297,0.117708,-0.204475
0.1943,-0.1177,0.204477
-0.194295,0.117703,-0.20448
0.194299,-0.117702,0.204476
0.194298,-0.117701,0.204479
-0.194295,0.117702,-0.20448
0.194298,-0.1177,0.204479
-0.194297,0.117701,-0.204479
-0.194295,0.117703,-0.20448
0.194299,-0.117702,0.204476
-0.194297,0.117708,-0.204475
0.194299,-0.1177,0.204477
0.194298,-0.117699,0.204479
-0.194297,0.117701,-0.204479
0.194298,-0.117701,0.204479
-0.194295,0.117702,-0.20448
