mx,my,mz
0,0,0.240496
0,0,-0.210463
0,0,0.0334395
0,0,-0.194183
0,0,0.0202166
0,0,-0.0274937
0,0,0.293359
0,0,-0.291658
0,0,0.339905
0,0,-0.20944
0,0,0.301342
0,0,-0.0548822
0,0,0.159404
0,0,-0.112649
0,0,0.311174
0,0,-0.13993
