mx,my,mz
0,0,5.34642e-06
0,0,-5.35653e-06
0,0,5.34212e-06
0,0,-5.33813e-06
0,0,-5.339e-06
0,0,5.3571e-06
0,0,-5.34828e-06
0,0,5.33629e-06
0,0,5.3419e-06
0,0,-5.33775e-06
0,0,5.34607e-06
0,0,-5.35633e-06
0,0,-5.3483e-06
0,0,5.33616e-06
0,0,-5.3389e-06
0,0,5.35715e-06
