mx,my,mz
0.0142378,-0.0596864,0.28655
-0.0142394,0.0596845,-0.28655
0.0142398,-0.0596824,0.286551
-0.0142401,0.0596887,-0.286549
-0.0142438,0.0596999,-0.286547
0.0142556,-0.0596836,0.286549
-0.0142345,0.0596924,-0.286549
0.0142488,-0.0596777,0.286551
0.0142399,-0.0596817,0.286551
-0.0142402,0.0596885,-0.286549
0.014238,-0.0596865,0.28655
-0.0142397,0.0596842,-0.28655
-0.0142344,0.059692,-0.286549
0.0142487,-0.0596778,0.286551
-0.0142439,0.0597002,-0.286547
0.0142558,-0.0596835,0.286549
