mx,my,mz
0,0,7.72413e-06
0,0,-7.7128e-06
0,0,7.71241e-06
0,0,-7.72603e-06
0,0,-7.72523e-06
0,0,7.72875e-06
0,0,-7.72252e-06
0,0,7.72129e-06
0,0,7.71246e-06
0,0,-7.7261e-06
0,0,7.72429e-06
0,0,-7.71295e-06
0,0,-7.72257e-06
0,0,7.72136e-06
0,0,-7.72538e-06
0,0,7.7289e-06
