mx,my,mz
0,0,3.20261e-07
0,0,-4.8757e-07
0,0,3.73185e-07
0,0,-4.62264e-07
0,0,4.05988e-07
0,0,-1.39351e-07
0,0,5.84871e-07
0,0,-4.45084e-07
0,0,1.34874e-07
0,0,-1.73272e-08
0,0,1.23379e-07
0,0,-2.12042e-07
0,0,5.46875e-07
0,0,-6.14809e-07
0,0,2.33048e-08
0,0,-6.92603e-07
