mx,my,mz
-0.106157,0.0041374,-0.27764
0.106166,-0.00412219,0.277637
-0.106156,0.00413527,-0.277641
0.106169,-0.00412721,0.277636
0.106162,-0.00412547,0.277638
-0.10616,0.00413076,-0.277639
0.106163,-0.00412441,0.277638
-0.106161,0.00412469,-0.277639
-0.106156,0.00413526,-0.277641
0.106169,-0.00412756,0.277636
-0.106157,0.00413766,-0.27764
0.106166,-0.00412208,0.277637
0.106163,-0.0041243,0.277638
-0.106161,0.00412495,-0.277639
0.106163,-0.00412563,0.277638
-0.10616,0.00413055,-0.277639
