mx,my,mz
0,0,0.289412
0,0,-0.289412
0,0,0.289412
0,0,-0.289412
0,0,-0.289412
0,0,0.289412
0,0,-0.289412
0,0,0.289411
0,0,0.289412
0,0,-0.289412
0,0,0.289412
0,0,-0.289412
0,0,-0.289412
0,0,0.289411
0,0,-0.289412
0,0,0.289412
