mx,my,mz
0,0,-0.146402
0,0,0.146402
0,0,-0.146402
0,0,0.146402
0,0,0.146402
0,0,-0.146402
0,0,0.146402
0,0,-0.146402
0,0,-0.146402
0,0,0.146402
0,0,-0.146402
0,0,0.146402
0,0,0.146402
0,0,-0.146402
0,0,0.146402
0,0,-0.146402
