mx,my,mz
0.0396381,0.196286,-0.0447377
-0.0396381,-0.196286,0.0447377
0.0396381,0.196286,-0.0447377
-0.0396381,-0.196286,0.0447376
-0.0396381,-0.196286,0.0447377
0.0396381,0.196286,-0.0447377
-0.0396381,-0.196286,0.0447377
0.0396381,0.196286,-0.0447377
0.0396381,0.196286,-0.0447377
-0.0396381,-0.196286,0.0447376
0.0396381,0.196286,-0.0447377
-0.0396381,-0.196286,0.0447377
-0.0396381,-0.196286,0.0447377
0.0396381,0.196286,-0.0447377
-0.0396381,-0.196286,0.0447377
0.0396381,0.196286,-0.0447377
