mx,my,mz
0,0,-1.08999e-05
0,0,1.08981e-05
0,0,-1.09079e-05
0,0,1.0904e-05
0,0,1.09034e-05
0,0,-1.09008e-05
0,0,1.09013e-05
0,0,-1.08982e-05
0,0,-1.09079e-05
0,0,1.0904e-05
0,0,-1.08999e-05
0,0,1.08981e-05
0,0,1.09013e-05
0,0,-1.08982e-05
0,0,1.09034e-05
0,0,-1.09008e-05
