mx,my,mz
-0.104275,0.0967589,-0.270518
0.104282,-0.0967436,0.27052
-0.104271,0.0967527,-0.270521
0.104285,-0.0967446,0.270519
0.104279,-0.0967442,0.270521
-0.104272,0.0967469,-0.270523
0.104278,-0.0967484,0.27052
-0.104272,0.0967502,-0.270522
-0.104271,0.0967528,-0.270521
0.104285,-0.0967447,0.270519
-0.104275,0.096759,-0.270518
0.104282,-0.0967437,0.27052
0.104278,-0.0967483,0.27052
-0.104272,0.0967502,-0.270522
0.104279,-0.0967442,0.270521
-0.104273,0.0967467,-0.270523
