mx,my,mz
0,0,-0.299755
0,0,0.299755
0,0,-0.299755
0,0,0.299755
0,0,0.299755
0,0,-0.299755
0,0,0.299755
0,0,-0.299755
0,0,-0.299755
0,0,0.299755
0,0,-0.299755
0,0,0.299755
0,0,0.299755
0,0,-0.299755
0,0,0.299755
0,0,-0.299755
