mx,my,mz
0,0,-3.1177e-06
0,0,3.00448e-06
0,0,-2.9634e-06
0,0,3.03602e-06
0,0,3.18321e-06
0,0,-3.04007e-06
0,0,3.03144e-06
0,0,-3.12234e-06
0,0,-3.22687e-06
0,0,3.10067e-06
0,0,-3.13898e-06
0,0,3.20919e-06
0,0,3.39768e-06
0,0,-3.30779e-06
0,0,3.30818e-06
0,0,-3.35637e-06
