mx,my,mz
0,0,-0.296897
0,0,0.296897
0,0,-0.296897
0,0,0.296897
0,0,0.296897
0,0,-0.296897
0,0,0.296897
0,0,-0.296897
0,0,-0.296897
0,0,0.296897
0,0,-0.296897
0,0,0.296897
0,0,0.296897
0,0,-0.296897
0,0,0.296897
0,0,-0.296897
