mx,my,mz
0,0,0.129782
0,0,-0.129782
0,0,0.129782
0,0,-0.129782
0,0,-0.129782
0,0,0.129782
0,0,-0.129782
0,0,0.129782
0,0,0.129782
0,0,-0.129782
0,0,0.129782
0,0,-0.129782
0,0,-0.129782
0,0,0.129782
0,0,-0.129782
0,0,0.129782
