mx,my,mz
0,0,-0.281763
0,0,0.281763
0,0,-0.281763
0,0,0.281763
0,0,0.281763
0,0,-0.281763
0,0,0.281763
0,0,-0.281763
0,0,-0.281763
0,0,0.281763
0,0,-0.281763
0,0,0.281763
0,0,0.281763
0,0,-0.281763
0,0,0.281763
0,0,-0.281763
