mx,my,mz
0,0,9.61571e-06
0,0,-9.62377e-06
0,0,9.61972e-06
0,0,-9.62399e-06
0,0,-9.61957e-06
0,0,9.61927e-06
0,0,-9.61148e-06
0,0,9.62411e-06
0,0,9.61972e-06
0,0,-9.62399e-06
0,0,9.61571e-06
0,0,-9.62377e-06
0,0,-9.61148e-06
0,0,9.62411e-06
0,0,-9.61957e-06
0,0,9.61927e-06
