mx,my,mz
0.00475125,-0.20934,0.167183
-0.00474999,0.209342,-0.167181
0.00475004,-0.209339,0.167184
-0.00474798,0.209341,-0.167182
-0.00474642,0.209344,-0.167179
0.00475001,-0.209342,0.167181
-0.00474575,0.209343,-0.16718
0.00475242,-0.209342,0.167181
0.00475003,-0.209339,0.167184
-0.00474804,0.209341,-0.167182
0.00475119,-0.20934,0.167183
-0.00474987,0.209342,-0.167181
-0.00474572,0.209343,-0.16718
0.00475246,-0.209342,0.167181
-0.00474634,0.209344,-0.167179
0.00474986,-0.209342,0.167181
