mx,my,mz
-0.0339922,0.173796,-0.234939
0.0339981,-0.173795,0.234939
-0.0339923,0.173796,-0.234939
0.0339973,-0.173793,0.234941
0.0339923,-0.173792,0.234942
-0.0339922,0.173793,-0.234941
0.033991,-0.17379,0.234944
-0.033991,0.173793,-0.234942
-0.0339923,0.173796,-0.234939
0.0339973,-0.173793,0.234941
-0.0339922,0.173796,-0.234939
0.0339981,-0.173795,0.234939
0.033991,-0.17379,0.234944
-0.033991,0.173793,-0.234942
0.0339923,-0.173792,0.234942
-0.0339922,0.173793,-0.234941
