mx,my,mz
0,0,0.238414
0,0,-0.208641
0,0,0.0331503
0,0,-0.192502
0,0,0.0200421
0,0,-0.0272558
0,0,0.290821
0,0,-0.289134
0,0,0.336964
0,0,-0.207626
0,0,0.298735
0,0,-0.0544068
0,0,0.158025
0,0,-0.111673
0,0,0.308481
0,0,-0.138719
