mx,my,mz
0,0,6.5469e-06
0,0,-6.73534e-06
0,0,6.63704e-06
0,0,-6.49504e-06
0,0,-6.36294e-06
0,0,6.49083e-06
0,0,-6.45345e-06
0,0,6.37399e-06
0,0,6.75259e-06
0,0,-6.86907e-06
0,0,6.73324e-06
0,0,-6.66028e-06
0,0,-6.19649e-06
0,0,6.38101e-06
0,0,-6.18689e-06
0,0,6.05507e-06
