mx,my,mz
0,0,-8.21678e-06
0,0,8.21506e-06
0,0,-8.21544e-06
0,0,8.22027e-06
0,0,8.22802e-06
0,0,-8.21141e-06
0,0,8.21726e-06
0,0,-8.23698e-06
0,0,-8.21543e-06
0,0,8.22026e-06
0,0,-8.21677e-06
0,0,8.21506e-06
0,0,8.21726e-06
0,0,-8.23698e-06
0,0,8.22802e-06
0,0,-8.21141e-06
