mx,my,mz
0,0,0.304442
0,0,-0.304442
0,0,0.304442
0,0,-0.304442
0,0,-0.304442
0,0,0.304442
0,0,-0.304442
0,0,0.304442
0,0,0.304442
0,0,-0.304442
0,0,0.304442
0,0,-0.304442
0,0,-0.304442
0,0,0.304442
0,0,-0.304442
0,0,0.304442
