mx,my,mz
0,0,6.24327e-06
0,0,-6.23455e-06
0,0,6.24872e-06
0,0,-6.24814e-06
0,0,-6.24462e-06
0,0,6.23768e-06
0,0,-6.24954e-06
0,0,6.24717e-06
0,0,6.24912e-06
0,0,-6.24747e-06
0,0,6.24329e-06
0,0,-6.23564e-06
0,0,-6.24933e-06
0,0,6.2459e-06
0,0,-6.24403e-06
0,0,6.23816e-06
