mx,my,mz
0,0,8.01408e-08
0,0,-8.24982e-08
0,0,2.61003e-07
0,0,-1.90154e-07
0,0,5.96145e-09
0,0,-5.19198e-07
0,0,1.12573e-07
0,0,-5.34217e-07
0,0,2.22319e-07
0,0,-5.12527e-07
0,0,2.20082e-07
0,0,-4.3725e-07
0,0,2.59976e-07
0,0,-2.30703e-08
0,0,4.72719e-07
0,0,-1.17471e-08
