mx,my,mz
0,0,0.24076
0,0,-0.210694
0,0,0.0334761
0,0,-0.194396
0,0,0.0202387
0,0,-0.0275238
0,0,0.293682
0,0,-0.291979
0,0,0.340279
0,0,-0.20967
0,0,0.301673
0,0,-0.0549427
0,0,0.159579
0,0,-0.112773
0,0,0.311516
0,0,-0.140084
