mx,my,mz
0,0,6.77618e-09
0,0,-3.8728e-07
0,0,1.39761e-07
0,0,-3.71949e-07
0,0,4.26794e-08
0,0,-2.30872e-07
0,0,9.39416e-08
0,0,-2.40273e-07
0,0,2.19525e-07
0,0,-4.7853e-07
0,0,3.97633e-07
0,0,-4.79368e-07
0,0,5.27651e-07
0,0,-2.17736e-07
0,0,8.19358e-08
0,0,-1.45429e-07
