mx,my,mz
0,0,7.138e-09
0,0,-4.08684e-07
0,0,1.47499e-07
0,0,-3.92536e-07
0,0,4.50395e-08
0,0,-2.43646e-07
0,0,9.91431e-08
0,0,-2.5354e-07
0,0,2.31674e-07
0,0,-5.05013e-07
0,0,4.19614e-07
0,0,-5.05867e-07
0,0,5.56839e-07
0,0,-2.29759e-07
0,0,8.64648e-08
0,0,-1.5348e-07
