mx,my,mz
-0.0601536,0.158711,-0.254201
0.06016,-0.158711,0.2542
-0.0601529,0.158712,-0.254201
0.0601556,-0.158704,0.254205
0.0601553,-0.158708,0.254203
-0.0601503,0.158708,-0.254204
0.0601531,-0.158706,0.254205
-0.060151,0.15871,-0.254203
-0.060153,0.158712,-0.254201
0.0601557,-0.158704,0.254205
-0.0601537,0.158711,-0.254201
0.0601601,-0.158711,0.2542
0.0601531,-0.158706,0.254205
-0.060151,0.15871,-0.254203
0.0601553,-0.158708,0.254203
-0.0601504,0.158708,-0.254204
