mx,my,mz
0,0,-2.74415e-06
0,0,2.65683e-06
0,0,-2.60582e-06
0,0,2.7639e-06
0,0,2.95331e-06
0,0,-2.81759e-06
0,0,2.75364e-06
0,0,-2.93401e-06
0,0,-3.08407e-06
0,0,2.90863e-06
0,0,-2.79457e-06
0,0,3.03522e-06
0,0,3.2611e-06
0,0,-3.1177e-06
0,0,3.04295e-06
0,0,-3.23774e-06
