mx,my,mz
0,0,-1.60193e-06
0,0,1.30268e-06
0,0,-1.43249e-06
0,0,1.26191e-06
0,0,2.66766e-06
0,0,-2.56357e-06
0,0,2.4082e-06
0,0,-2.32326e-06
0,0,-1.72501e-06
0,0,1.59253e-06
0,0,-1.25077e-06
0,0,1.0956e-06
0,0,2.04762e-06
0,0,-1.78484e-06
0,0,1.70863e-06
0,0,-1.67291e-06
