mx,my,mz
0,0,-1.02285e-06
0,0,5.05167e-07
0,0,4.92416e-07
0,0,8.93139e-08
0,0,2.56979e-06
0,0,-1.73403e-06
0,0,9.00887e-07
0,0,-1.80051e-06
0,0,-1.2374e-06
0,0,4.79818e-08
0,0,1.02621e-07
0,0,1.03393e-06
0,0,1.66058e-06
0,0,-8.08741e-07
0,0,4.81887e-07
0,0,-1.50189e-06
