mx,my,mz
0,0,-0.000231647
0,0,0.000231646
0,0,-0.000231649
0,0,0.000231633
0,0,0.000231651
0,0,-0.000231645
0,0,0.000231667
0,0,-0.000231657
0,0,-0.000231649
0,0,0.000231633
0,0,-0.000231647
0,0,0.000231646
0,0,0.000231667
0,0,-0.000231657
0,0,0.000231651
0,0,-0.000231645
