mx,my,mz
0.197074,-0.163262,-0.135751
-0.197072,0.163266,0.135751
0.197075,-0.163263,-0.13575
-0.197072,0.163266,0.135751
-0.197072,0.163262,0.135755
0.197073,-0.163262,-0.135753
-0.197071,0.163264,0.135754
0.197073,-0.163262,-0.135754
0.197075,-0.163263,-0.13575
-0.197072,0.163266,0.135751
0.197074,-0.163262,-0.135751
-0.197072,0.163266,0.135751
-0.197071,0.163264,0.135754
0.197073,-0.163262,-0.135754
-0.197072,0.163262,0.135755
0.197073,-0.163262,-0.135753
