mx,my,mz
0,0,6.36997e-06
0,0,-6.37386e-06
0,0,6.37913e-06
0,0,-6.37851e-06
0,0,-6.38529e-06
0,0,6.37834e-06
0,0,-6.38096e-06
0,0,6.3912e-06
0,0,6.37928e-06
0,0,-6.37857e-06
0,0,6.36999e-06
0,0,-6.37397e-06
0,0,-6.38104e-06
0,0,6.39119e-06
0,0,-6.38524e-06
0,0,6.37837e-06
