mx,my,mz
0,0,5.35871e-07
0,0,-2.69872e-07
0,0,5.22129e-07
0,0,-5.30596e-07
0,0,2.4398e-07
0,0,-7.24728e-07
0,0,6.04128e-08
0,0,-7.19148e-07
0,0,3.17907e-07
0,0,-5.57648e-07
0,0,5.64539e-07
0,0,-4.24666e-08
0,0,3.14573e-07
0,0,-3.58888e-07
0,0,3.79594e-08
0,0,-8.32255e-07
