mx,my,mz
0.0394794,0.198287,-0.0453414
-0.0394794,-0.198287,0.0453414
0.0394794,0.198287,-0.0453414
-0.0394794,-0.198287,0.0453414
-0.0394794,-0.198287,0.0453415
0.0394794,0.198287,-0.0453415
-0.0394794,-0.198287,0.0453415
0.0394794,0.198287,-0.0453415
0.0394794,0.198287,-0.0453414
-0.0394794,-0.198287,0.0453414
0.0394794,0.198287,-0.0453414
-0.0394794,-0.198287,0.0453414
-0.0394794,-0.198287,0.0453415
0.0394794,0.198287,-0.0453415
-0.0394794,-0.198287,0.0453415
0.0394794,0.198287,-0.0453415
