mx,my,mz
-0.155169,0.191768,0.180484
0.155171,-0.191765,-0.180485
-0.155171,0.191769,0.180482
0.155171,-0.191767,-0.180483
0.155173,-0.191769,-0.18048
-0.15517,0.19177,0.18048
0.155173,-0.191767,-0.180481
-0.155168,0.19177,0.180482
-0.155171,0.191769,0.180482
0.155171,-0.191767,-0.180483
-0.155169,0.191768,0.180484
0.155171,-0.191765,-0.180485
0.155173,-0.191767,-0.180481
-0.155168,0.19177,0.180482
0.155173,-0.191769,-0.18048
-0.15517,0.19177,0.18048
