mx,my,mz
0,0,3.97928e-07
0,0,-3.87416e-07
0,0,9.20907e-08
0,0,-2.79125e-07
0,0,6.02574e-07
0,0,-3.61275e-07
0,0,2.25993e-07
0,0,-4.03953e-07
0,0,3.11662e-07
0,0,-8.7999e-08
0,0,3.36138e-07
0,0,-4.2514e-07
0,0,3.45931e-08
0,0,-2.20362e-09
0,0,7.03042e-07
0,0,-2.27473e-07
