mx,my,mz
0,0,8.03792e-06
0,0,-8.03744e-06
0,0,8.02389e-06
0,0,-8.02947e-06
0,0,-8.03389e-06
0,0,8.03995e-06
0,0,-8.03843e-06
0,0,8.03748e-06
0,0,8.02394e-06
0,0,-8.02953e-06
0,0,8.03805e-06
0,0,-8.03757e-06
0,0,-8.03848e-06
0,0,8.03753e-06
0,0,-8.03402e-06
0,0,8.04007e-06
