mx,my,mz
0,0,-5.2576e-06
0,0,5.25217e-06
0,0,-5.24967e-06
0,0,5.24018e-06
0,0,5.26958e-06
0,0,-5.24912e-06
0,0,5.24783e-06
0,0,-5.25337e-06
0,0,-5.24808e-06
0,0,5.23806e-06
0,0,-5.25655e-06
0,0,5.25167e-06
0,0,5.2487e-06
0,0,-5.25371e-06
0,0,5.27098e-06
0,0,-5.25107e-06
