mx,my,mz
-0.120538,0.102044,-0.0303131
0.120538,-0.102044,0.0303131
-0.120538,0.102044,-0.0303131
0.120538,-0.102044,0.0303131
0.120538,-0.102044,0.0303131
-0.120538,0.102044,-0.0303131
0.120538,-0.102044,0.0303131
-0.120538,0.102044,-0.0303131
-0.120538,0.102044,-0.0303131
0.120538,-0.102044,0.0303131
-0.120538,0.102044,-0.0303131
0.120538,-0.102044,0.0303131
0.120538,-0.102044,0.0303131
-0.120538,0.102044,-0.0303131
0.120538,-0.102044,0.0303131
-0.120538,0.102044,-0.0303131
