mx,my,mz
0,0,6.28782e-06
0,0,-6.47412e-06
0,0,6.3767e-06
0,0,-6.23613e-06
0,0,-6.10885e-06
0,0,6.2357e-06
0,0,-6.1981e-06
0,0,6.11888e-06
0,0,6.4912e-06
0,0,-6.60691e-06
0,0,6.47248e-06
0,0,-6.3996e-06
0,0,-5.94342e-06
0,0,6.12594e-06
0,0,-5.93438e-06
0,0,5.80373e-06
