mx,my,mz
0.203008,0.0355834,0.0974103
-0.203008,-0.0355832,-0.0974105
0.203008,0.0355835,0.0974103
-0.203008,-0.0355832,-0.0974105
-0.203008,-0.0355837,-0.09741
0.203008,0.0355836,0.09741
-0.203009,-0.0355833,-0.0974098
0.203008,0.0355833,0.0974101
0.203008,0.0355835,0.0974103
-0.203008,-0.0355832,-0.0974105
0.203008,0.0355833,0.0974103
-0.203008,-0.0355832,-0.0974105
-0.203009,-0.0355833,-0.0974098
0.203008,0.0355833,0.0974101
-0.203008,-0.0355837,-0.09741
0.203008,0.0355836,0.09741
