mx,my,mz
0,0,-0.260226
0,0,0.260226
0,0,-0.260226
0,0,0.260226
0,0,0.260226
0,0,-0.260226
0,0,0.260226
0,0,-0.260226
0,0,-0.260226
0,0,0.260226
0,0,-0.260226
0,0,0.260226
0,0,0.260226
0,0,-0.260226
0,0,0.260226
0,0,-0.260226
