mx,my,mz
0,0,0.227968
0,0,-0.227967
0,0,0.227968
0,0,-0.227967
0,0,-0.227967
0,0,0.227966
0,0,0.237477
0,0,-0.237478
0,0,0.227968
0,0,-0.227967
0,0,0.227968
0,0,-0.227967
0,0,0.237475
0,0,-0.237475
0,0,-0.227968
0,0,0.227966
