mx,my,mz
0,0,5.96772e-06
0,0,-5.96691e-06
0,0,5.96722e-06
0,0,-5.96672e-06
0,0,-5.97875e-06
0,0,5.97572e-06
0,0,-5.96962e-06
0,0,5.97133e-06
0,0,5.96762e-06
0,0,-5.96605e-06
0,0,5.96774e-06
0,0,-5.96799e-06
0,0,-5.96942e-06
0,0,5.97007e-06
0,0,-5.97816e-06
0,0,5.9762e-06
