mx,my,mz
0,0,0.238452
0,0,-0.208674
0,0,0.0331556
0,0,-0.192533
0,0,0.0200453
0,0,-0.0272602
0,0,0.290867
0,0,-0.28918
0,0,0.337018
0,0,-0.207659
0,0,0.298783
0,0,-0.0544155
0,0,0.15805
0,0,-0.111691
0,0,0.308531
0,0,-0.138741
