mx,my,mz
0,0,-0.291559
0,0,0.291559
0,0,-0.291559
0,0,0.291559
0,0,0.291559
0,0,-0.291559
0,0,0.291559
0,0,-0.291559
0,0,-0.291559
0,0,0.291559
0,0,-0.291559
0,0,0.291559
0,0,0.291559
0,0,-0.291559
0,0,0.291559
0,0,-0.291559
