mx,my,mz
0,0,0.227967
0,0,-0.227967
0,0,0.227967
0,0,-0.227967
0,0,-0.227967
0,0,0.227967
0,0,-0.227967
0,0,0.227967
0,0,0.227967
0,0,-0.227967
0,0,0.227967
0,0,-0.227967
0,0,-0.227967
0,0,0.227967
0,0,-0.227967
0,0,0.227967
