mx,my,mz
0,0,0.303177
0,0,-0.303177
0,0,0.303177
0,0,-0.303177
0,0,-0.303177
0,0,0.303177
0,0,-0.303177
0,0,0.303177
0,0,0.303177
0,0,-0.303177
0,0,0.303177
0,0,-0.303177
0,0,-0.303177
0,0,0.303177
0,0,-0.303177
0,0,0.303177
