mx,my,mz
-0.154386,0.219885,-0.0613031
0.15439,-0.219883,0.0613018
-0.154387,0.219884,-0.061303
0.154389,-0.219883,0.0613024
0.154389,-0.219882,0.0613068
-0.154387,0.219884,-0.0613063
0.154389,-0.219881,0.0613078
-0.154388,0.219883,-0.0613052
-0.154387,0.219884,-0.0613029
0.154389,-0.219883,0.0613024
-0.154386,0.219885,-0.0613031
0.15439,-0.219883,0.0613018
0.154389,-0.219881,0.0613078
-0.154388,0.219883,-0.0613052
0.154389,-0.219882,0.0613068
-0.154387,0.219884,-0.0613064
