mx,my,mz
0,0,-0.248314
0,0,0.248314
0,0,-0.248314
0,0,0.248314
0,0,0.248314
0,0,-0.248314
0,0,0.248314
0,0,-0.248314
0,0,-0.248314
0,0,0.248314
0,0,-0.248314
0,0,0.248314
0,0,0.248314
0,0,-0.248314
0,0,0.248314
0,0,-0.248314
