mx,my,mz
0,0,2.12921e-05
0,0,-2.13019e-05
0,0,2.13019e-05
0,0,-2.12883e-05
0,0,-2.12982e-05
0,0,2.12959e-05
0,0,-2.12982e-05
0,0,2.12966e-05
0,0,2.13019e-05
0,0,-2.12883e-05
0,0,2.12921e-05
0,0,-2.13019e-05
0,0,-2.12982e-05
0,0,2.12966e-05
0,0,-2.12982e-05
0,0,2.12959e-05
