mx,my,mz
0,0,4.80751e-06
0,0,-4.81991e-06
0,0,4.81296e-06
0,0,-4.80568e-06
0,0,-4.81901e-06
0,0,4.81574e-06
0,0,-4.8059e-06
0,0,4.81431e-06
0,0,4.81314e-06
0,0,-4.80685e-06
0,0,4.80846e-06
0,0,-4.81987e-06
0,0,-4.80584e-06
0,0,4.81525e-06
0,0,-4.81973e-06
0,0,4.81546e-06
