mx,my,mz
0,0,-5.70121e-06
0,0,5.84778e-06
0,0,-5.87269e-06
0,0,5.78256e-06
0,0,5.92258e-06
0,0,-6.03406e-06
0,0,6.03966e-06
0,0,-5.98906e-06
0,0,-5.85086e-06
0,0,5.96992e-06
0,0,-6.01267e-06
0,0,5.95569e-06
0,0,5.93675e-06
0,0,-6.09288e-06
0,0,6.1491e-06
0,0,-6.05837e-06
