mx,my,mz
0.00383481,-0.20946,0.166278
-0.00383356,0.209461,-0.166276
0.0038336,-0.209459,0.166279
-0.00383156,0.209461,-0.166277
-0.00382999,0.209463,-0.166274
0.00383353,-0.209462,0.166276
-0.00382933,0.209463,-0.166275
0.00383592,-0.209462,0.166276
0.00383359,-0.209459,0.166279
-0.00383161,0.209461,-0.166277
0.00383474,-0.20946,0.166278
-0.00383343,0.209461,-0.166276
-0.00382929,0.209463,-0.166275
0.00383596,-0.209462,0.166276
-0.00382992,0.209463,-0.166274
0.00383338,-0.209462,0.166276
