mx,my,mz
0.151259,-0.181599,0.00933902
-0.151257,0.1816,-0.00934096
0.15126,-0.181598,0.00934081
-0.151258,0.1816,-0.00933972
-0.151259,0.181599,-0.00933575
0.151259,-0.181599,0.00933698
-0.151257,0.181601,-0.00933706
0.151259,-0.181599,0.00933699
0.15126,-0.181598,0.00934067
-0.151258,0.1816,-0.00933959
0.151259,-0.181599,0.00933884
-0.151257,0.1816,-0.00934076
-0.151257,0.181601,-0.00933702
0.151259,-0.181599,0.00933695
-0.151259,0.181599,-0.00933565
0.151259,-0.181599,0.00933688
