mx,my,mz
-0.132257,0.103837,-0.255219
0.132264,-0.103822,0.255221
-0.132248,0.103839,-0.255223
0.132265,-0.103819,0.255222
0.132262,-0.103829,0.25522
-0.132253,0.103829,-0.255224
0.132258,-0.103829,0.255221
-0.132252,0.103829,-0.255225
-0.132248,0.103839,-0.255223
0.132265,-0.103819,0.255222
-0.132257,0.103837,-0.255219
0.132264,-0.103823,0.255221
0.132258,-0.103829,0.255221
-0.132252,0.103829,-0.255224
0.132262,-0.103829,0.25522
-0.132253,0.103829,-0.255224
