mx,my,mz
0,0,-3.35736e-06
0,0,3.36115e-06
0,0,-3.35685e-06
0,0,3.3614e-06
0,0,3.39409e-06
0,0,-3.36854e-06
0,0,3.35973e-06
0,0,-3.39331e-06
0,0,-3.32776e-06
0,0,3.28842e-06
0,0,-3.28361e-06
0,0,3.3285e-06
0,0,3.36074e-06
0,0,-3.35279e-06
0,0,3.35101e-06
0,0,-3.36623e-06
