mx,my,mz
0.26606,-0.126956,-0.0807463
-0.266058,0.12696,0.0807453
0.26606,-0.126956,-0.0807478
-0.266058,0.126959,0.0807476
-0.266056,0.126961,0.0807508
0.266059,-0.126956,-0.080749
-0.266058,0.126958,0.080749
0.266059,-0.126956,-0.0807491
0.26606,-0.126956,-0.0807477
-0.266058,0.126959,0.0807476
0.26606,-0.126956,-0.0807463
-0.266058,0.12696,0.0807453
-0.266058,0.126958,0.080749
0.266059,-0.126956,-0.0807491
-0.266056,0.126961,0.0807508
0.266059,-0.126956,-0.080749
