mx,my,mz
0.191166,-0.1587,-0.171746
-0.191161,0.158708,0.171745
0.191165,-0.158705,-0.171744
-0.191161,0.158708,0.171745
-0.191161,0.158705,0.171748
0.191163,-0.158703,-0.171747
-0.191161,0.158704,0.171749
0.191164,-0.158701,-0.171749
0.191165,-0.158705,-0.171744
-0.191161,0.158708,0.171745
0.191166,-0.158701,-0.171746
-0.191161,0.158708,0.171745
-0.191161,0.158704,0.171749
0.191163,-0.158701,-0.171749
-0.191161,0.158705,0.171748
0.191163,-0.158703,-0.171747
