mx,my,mz
-0.207935,0.21374,0.0217579
0.207937,-0.213738,-0.0217566
-0.207935,0.21374,0.0217579
0.207937,-0.213738,-0.021758
0.207938,-0.213737,-0.0217534
-0.207933,0.213742,0.0217521
0.207937,-0.213738,-0.0217523
-0.207935,0.21374,0.0217532
-0.207935,0.21374,0.0217578
0.207937,-0.213737,-0.0217579
-0.207935,0.21374,0.0217578
0.207937,-0.213738,-0.0217565
0.207937,-0.213738,-0.0217523
-0.207935,0.21374,0.0217532
0.207938,-0.213737,-0.0217534
-0.207933,0.213742,0.0217522
