mx,my,mz
0,0,0.238547
0,0,0.227821
0,0,-0.227821
0,0,-0.238547
0,0,0.227821
0,0,-0.227821
0,0,0.227821
0,0,-0.227821
0,0,-0.227821
0,0,-0.238551
0,0,0.238552
0,0,0.227821
0,0,0.227821
0,0,-0.227821
0,0,0.227821
0,0,-0.227821
