mx,my,mz
0.159654,-0.184632,-0.0279659
-0.159653,0.184633,0.0279664
0.159654,-0.184632,-0.0279662
-0.159653,0.184633,0.0279656
-0.159652,0.184633,0.0279692
0.159654,-0.184631,-0.0279686
-0.159652,0.184633,0.027969
0.159653,-0.184632,-0.0279697
0.159654,-0.184632,-0.0279662
-0.159653,0.184633,0.0279656
0.159654,-0.184632,-0.027966
-0.159653,0.184633,0.0279664
-0.159652,0.184633,0.0279689
0.159653,-0.184632,-0.0279696
-0.159652,0.184633,0.0279692
0.159654,-0.184631,-0.0279686
