mx,my,mz
-0.0229221,-0.042674,0.301795
0.022943,0.042675,-0.301793
-0.0229385,-0.0426525,0.301797
0.0229479,0.0426682,-0.301794
0.0229478,0.0426763,-0.301793
-0.0229234,-0.0426573,0.301797
0.0229513,0.0426783,-0.301792
-0.0229279,-0.0426526,0.301798
-0.0229385,-0.0426524,0.301797
0.0229475,0.0426679,-0.301794
-0.0229221,-0.042674,0.301795
0.0229433,0.0426752,-0.301793
0.0229513,0.0426783,-0.301792
-0.0229275,-0.0426524,0.301798
0.0229477,0.0426764,-0.301793
-0.0229237,-0.0426576,0.301797
