mx,my,mz
0,0,4.50401e-07
0,0,-4.64257e-07
0,0,4.87662e-07
0,0,-1.8296e-07
0,0,1.24212e-07
0,0,-2.2365e-07
0,0,5.88971e-08
0,0,-2.21343e-07
0,0,2.25769e-07
0,0,-4.31741e-07
0,0,2.00928e-07
0,0,-5.96624e-07
0,0,5.32245e-07
0,0,-4.79024e-08
0,0,4.47088e-07
0,0,-4.41697e-07
