mx,my,mz
-0.215147,0.217024,-0.00624947
0.21515,-0.217022,0.00625081
-0.215148,0.217023,-0.00625258
0.215151,-0.21702,0.00625236
0.21515,-0.217021,0.00625428
-0.215148,0.217024,-0.00625484
0.21515,-0.217022,0.0062545
-0.215149,0.217022,-0.00625436
-0.215148,0.217023,-0.0062526
0.215151,-0.21702,0.00625235
-0.215147,0.217024,-0.00624947
0.21515,-0.217022,0.00625084
0.21515,-0.217021,0.00625448
-0.215149,0.217022,-0.00625432
0.21515,-0.217021,0.00625426
-0.215148,0.217024,-0.00625483
