mx,my,mz
0,0,0.301592
0,0,-0.301592
0,0,0.301592
0,0,-0.301592
0,0,-0.301592
0,0,0.301592
0,0,-0.301592
0,0,0.301592
0,0,0.301592
0,0,-0.301592
0,0,0.301592
0,0,-0.301592
0,0,-0.301592
0,0,0.301592
0,0,-0.301592
0,0,0.301592
