mx,my,mz
0,0,1.23254e-05
0,0,-1.23191e-05
0,0,1.23271e-05
0,0,-1.23275e-05
0,0,-1.23297e-05
0,0,1.23198e-05
0,0,-1.23235e-05
0,0,1.23274e-05
0,0,1.23271e-05
0,0,-1.23275e-05
0,0,1.23254e-05
0,0,-1.23191e-05
0,0,-1.23235e-05
0,0,1.23274e-05
0,0,-1.23297e-05
0,0,1.23198e-05
