mx,my,mz
0,0,0.227886
0,0,-0.227885
0,0,0.227885
0,0,-0.227885
0,0,-0.227885
0,0,0.227883
0,0,0.238091
0,0,-0.238092
0,0,0.227885
0,0,-0.227884
0,0,0.227885
0,0,-0.227885
0,0,0.238089
0,0,-0.238089
0,0,-0.227885
0,0,0.227884
