mx,my,mz
0,0,-0.294428
0,0,0.294428
0,0,-0.294428
0,0,0.294428
0,0,0.294428
0,0,-0.294428
0,0,0.294428
0,0,-0.294428
0,0,-0.294428
0,0,0.294428
0,0,-0.294428
0,0,0.294428
0,0,0.294428
0,0,-0.294428
0,0,0.294428
0,0,-0.294428
