mx,my,mz
0,0,-1.32407e-05
0,0,1.32353e-05
0,0,-1.32431e-05
0,0,1.32404e-05
0,0,1.32522e-05
0,0,-1.32389e-05
0,0,1.3242e-05
0,0,-1.32472e-05
0,0,-1.32431e-05
0,0,1.32404e-05
0,0,-1.32407e-05
0,0,1.32353e-05
0,0,1.3242e-05
0,0,-1.32472e-05
0,0,1.32522e-05
0,0,-1.32389e-05
