mx,my,mz
0,0,7.14961e-06
0,0,-7.15126e-06
0,0,7.14716e-06
0,0,-7.14536e-06
0,0,-7.15588e-06
0,0,7.15251e-06
0,0,-7.15196e-06
0,0,7.15519e-06
0,0,7.14711e-06
0,0,-7.14533e-06
0,0,7.14962e-06
0,0,-7.15125e-06
0,0,-7.15193e-06
0,0,7.15516e-06
0,0,-7.15589e-06
0,0,7.15251e-06
