mx,my,mz
0.134668,-0.102029,0.222718
-0.134667,0.10203,-0.222719
0.134666,-0.102027,0.22272
-0.134666,0.10203,-0.222719
-0.134666,0.102034,-0.222717
0.134674,-0.102027,0.222716
-0.134668,0.102035,-0.222716
0.134671,-0.102029,0.222717
0.134666,-0.102027,0.22272
-0.134666,0.10203,-0.222719
0.134668,-0.102029,0.222718
-0.134667,0.10203,-0.222718
-0.134668,0.102035,-0.222716
0.134671,-0.102029,0.222717
-0.134666,0.102034,-0.222717
0.134674,-0.102027,0.222716
