mx,my,mz
0,0,0.175209
0,0,-0.275081
0,0,0.175209
0,0,0.175211
0,0,0.17521
0,0,0.175207
0,0,0.17521
0,0,-0.275082
0,0,0.175211
0,0,0.175209
0,0,0.175211
0,0,-0.275082
0,0,0.175208
0,0,-0.275081
0,0,0.175209
0,0,0.175209
