mx,my,mz
0,0,-5.33525e-05
0,0,5.3361e-05
0,0,-5.33671e-05
0,0,5.33513e-05
0,0,5.33527e-05
0,0,-5.33609e-05
0,0,5.33571e-05
0,0,-5.33417e-05
0,0,-5.33671e-05
0,0,5.33513e-05
0,0,-5.33525e-05
0,0,5.3361e-05
0,0,5.33571e-05
0,0,-5.33417e-05
0,0,5.33527e-05
0,0,-5.33609e-05
