mx,my,mz
-0.164447,0.248194,0.0689051
0.16445,-0.248192,-0.0689051
-0.164448,0.248193,0.0689053
0.164451,-0.248191,-0.0689067
0.164451,-0.248192,-0.0689015
-0.164448,0.248195,0.0689004
0.16445,-0.248193,-0.0689019
-0.164447,0.248194,0.0689037
-0.164448,0.248193,0.0689052
0.164451,-0.248191,-0.0689067
-0.164447,0.248194,0.0689051
0.16445,-0.248192,-0.0689051
0.164451,-0.248193,-0.0689019
-0.164447,0.248194,0.0689037
0.164451,-0.248192,-0.0689015
-0.164448,0.248195,0.0689004
