mx,my,mz
0,0,1.39557e-07
0,0,-3.63381e-08
0,0,4.91414e-09
0,0,-1.55409e-07
0,0,2.24474e-08
0,0,-1.41622e-07
0,0,2.05616e-08
0,0,-1.41988e-07
0,0,6.08283e-08
0,0,-1.24013e-07
0,0,3.4629e-09
0,0,-1.45894e-07
0,0,6.47873e-08
0,0,-1.15981e-07
0,0,7.04723e-08
0,0,-7.91186e-08
