mx,my,mz
0,0,4.04993e-06
0,0,-4.05238e-06
0,0,4.05776e-06
0,0,-4.04264e-06
0,0,-4.03674e-06
0,0,4.04216e-06
0,0,-4.05153e-06
0,0,4.0339e-06
0,0,4.04158e-06
0,0,-4.04633e-06
0,0,4.05823e-06
0,0,-4.04301e-06
0,0,-4.02031e-06
0,0,4.02094e-06
0,0,-4.02879e-06
0,0,4.01576e-06
