mx,my,mz
0,0,-0.297085
0,0,0.297085
0,0,-0.297085
0,0,0.297085
0,0,0.297085
0,0,-0.297085
0,0,0.297085
0,0,-0.297085
0,0,-0.297085
0,0,0.297085
0,0,-0.297085
0,0,0.297085
0,0,0.297085
0,0,-0.297085
0,0,0.297085
0,0,-0.297085
