mx,my,mz
0.106776,-0.171606,-0.225003
-0.10677,0.171612,0.225001
0.106778,-0.17161,-0.224999
-0.106772,0.171611,0.225
-0.106772,0.171608,0.225004
0.106775,-0.171604,-0.225005
-0.106773,0.171607,0.225003
0.106775,-0.171607,-0.225003
0.106778,-0.171609,-0.224999
-0.106773,0.171611,0.225
0.106776,-0.171606,-0.225003
-0.10677,0.171612,0.225002
-0.106773,0.171607,0.225003
0.106775,-0.171607,-0.225003
-0.106772,0.171608,0.225004
0.106775,-0.171604,-0.225005
