mx,my,mz
0.158944,-0.184391,-0.027716
-0.158942,0.184392,0.0277165
0.158944,-0.184391,-0.0277163
-0.158942,0.184392,0.0277157
-0.158942,0.184392,0.0277193
0.158944,-0.18439,-0.0277187
-0.158942,0.184392,0.0277191
0.158943,-0.184391,-0.0277198
0.158944,-0.184391,-0.0277163
-0.158942,0.184392,0.0277157
0.158944,-0.184391,-0.0277161
-0.158942,0.184392,0.0277165
-0.158942,0.184392,0.027719
0.158942,-0.184391,-0.0277198
-0.158942,0.184392,0.0277193
0.158944,-0.18439,-0.0277187
