mx,my,mz
0,0,-6.86052e-06
0,0,6.85477e-06
0,0,-6.8345e-06
0,0,6.85124e-06
0,0,6.84225e-06
0,0,-6.8556e-06
0,0,6.85159e-06
0,0,-6.84924e-06
0,0,-6.83425e-06
0,0,6.85112e-06
0,0,-6.86064e-06
0,0,6.85477e-06
0,0,6.85142e-06
0,0,-6.8492e-06
0,0,6.84244e-06
0,0,-6.85567e-06
