mx,my,mz
0,0,0.238251
0,0,-0.208499
0,0,0.0331277
0,0,-0.192371
0,0,0.0200284
0,0,-0.0272372
0,0,0.290622
0,0,-0.288937
0,0,0.336734
0,0,-0.207485
0,0,0.298531
0,0,-0.0543697
0,0,0.157917
0,0,-0.111597
0,0,0.308271
0,0,-0.138624
