mx,my,mz
0,0,0.238402
0,0,-0.20863
0,0,0.0331486
0,0,-0.192492
0,0,0.020041
0,0,-0.0272544
0,0,0.290806
0,0,-0.28912
0,0,0.336947
0,0,-0.207616
0,0,0.29872
0,0,-0.054404
0,0,0.158017
0,0,-0.111668
0,0,0.308466
0,0,-0.138712
