mx,my,mz
0,0,-0.233506
0,0,0.233506
0,0,-0.233506
0,0,0.233506
0,0,0.233506
0,0,-0.233506
0,0,0.233506
0,0,-0.233506
0,0,-0.233506
0,0,0.233506
0,0,-0.233506
0,0,0.233506
0,0,0.233506
0,0,-0.233506
0,0,0.233506
0,0,-0.233506
