mx,my,mz
0,0,-0.268427
0,0,0.268427
0,0,-0.268427
0,0,0.268427
0,0,0.268427
0,0,-0.268427
0,0,0.268427
0,0,-0.268427
0,0,-0.268427
0,0,0.268427
0,0,-0.268427
0,0,0.268427
0,0,0.268427
0,0,-0.268427
0,0,0.268427
0,0,-0.268427
