mx,my,mz
-0.0601823,0.158773,-0.254156
0.0601894,-0.158773,0.254154
-0.0601816,0.158774,-0.254155
0.0601845,-0.158765,0.25416
0.0601843,-0.158769,0.254158
-0.0601787,0.15877,-0.254159
0.0601818,-0.158768,0.254159
-0.0601794,0.158772,-0.254157
-0.0601817,0.158774,-0.254155
0.0601846,-0.158765,0.25416
-0.0601825,0.158773,-0.254156
0.0601895,-0.158773,0.254154
0.0601818,-0.158768,0.254159
-0.0601794,0.158772,-0.254157
0.0601843,-0.158769,0.254158
-0.0601788,0.15877,-0.254159
