mx,my,mz
0,0,-0.247665
0,0,0.247665
0,0,-0.247665
0,0,0.247665
0,0,0.247665
0,0,-0.247665
0,0,0.247665
0,0,-0.247665
0,0,-0.247665
0,0,0.247665
0,0,-0.247665
0,0,0.247665
0,0,0.247665
0,0,-0.247665
0,0,0.247665
0,0,-0.247665
