mx,my,mz
0,0,0.289129
0,0,-0.289129
0,0,0.289129
0,0,-0.289129
0,0,-0.289129
0,0,0.289129
0,0,-0.289129
0,0,0.289129
0,0,0.289129
0,0,-0.289129
0,0,0.289129
0,0,-0.289129
0,0,-0.289129
0,0,0.289129
0,0,-0.289129
0,0,0.289129
