mx,my,mz
0,0,0.238741
0,0,-0.208927
0,0,0.0331958
0,0,-0.192766
0,0,0.0200695
0,0,-0.0272932
0,0,0.291219
0,0,-0.289531
0,0,0.337426
0,0,-0.207911
0,0,0.299145
0,0,-0.0544814
0,0,0.158242
0,0,-0.111827
0,0,0.308905
0,0,-0.138909
