mx,my,mz
0.208693,-0.162351,-0.0539126
-0.208692,0.162352,0.0539113
0.208693,-0.162351,-0.0539113
-0.208691,0.162354,0.0539112
-0.208691,0.162353,0.0539149
0.208693,-0.162349,-0.0539155
-0.208691,0.162351,0.0539168
0.208693,-0.16235,-0.0539145
0.208693,-0.162351,-0.0539113
-0.208691,0.162354,0.0539113
0.208693,-0.162351,-0.0539127
-0.208693,0.162352,0.0539113
-0.208691,0.162351,0.0539167
0.208693,-0.16235,-0.0539144
-0.208691,0.162353,0.0539148
0.208693,-0.162349,-0.0539153
