mx,my,mz
0.23689,-0.182842,-0.0298384
-0.236888,0.182845,0.0298385
0.23689,-0.182843,-0.0298401
-0.236888,0.182845,0.0298385
-0.236887,0.182846,0.0298437
0.236889,-0.182843,-0.0298411
-0.236886,0.182847,0.0298433
0.236889,-0.182843,-0.0298428
0.23689,-0.182843,-0.0298401
-0.236888,0.182845,0.0298385
0.23689,-0.182842,-0.0298384
-0.236888,0.182845,0.0298385
-0.236886,0.182847,0.0298433
0.236889,-0.182843,-0.0298428
-0.236887,0.182846,0.0298436
0.236889,-0.182844,-0.0298411
