mx,my,mz
0,0,4.98526e-05
0,0,-4.98487e-05
0,0,4.98424e-05
0,0,-4.98453e-05
0,0,-4.98423e-05
0,0,4.98393e-05
0,0,-4.98475e-05
0,0,4.98495e-05
0,0,4.98424e-05
0,0,-4.98453e-05
0,0,4.98526e-05
0,0,-4.98487e-05
0,0,-4.98475e-05
0,0,4.98495e-05
0,0,-4.98423e-05
0,0,4.98393e-05
