mx,my,mz
0,0,-0.135611
0,0,0.135611
0,0,-0.135611
0,0,0.135611
0,0,0.135611
0,0,-0.135611
0,0,0.135611
0,0,-0.135611
0,0,-0.135611
0,0,0.135611
0,0,-0.135611
0,0,0.135611
0,0,0.135611
0,0,-0.135611
0,0,0.135611
0,0,-0.135611
