mx,my,mz
0,0,4.6724e-05
0,0,-4.67322e-05
0,0,4.67305e-05
0,0,-4.67312e-05
0,0,-4.67366e-05
0,0,4.67358e-05
0,0,-4.67227e-05
0,0,4.67324e-05
0,0,4.67305e-05
0,0,-4.67312e-05
0,0,4.6724e-05
0,0,-4.67322e-05
0,0,-4.67227e-05
0,0,4.67324e-05
0,0,-4.67366e-05
0,0,4.67358e-05
