mx,my,mz
0,0,3.99699e-06
0,0,-3.99473e-06
0,0,4.02696e-06
0,0,-4.01558e-06
0,0,-3.92677e-06
0,0,3.9371e-06
0,0,-3.97969e-06
0,0,3.94958e-06
0,0,3.95377e-06
0,0,-3.96071e-06
0,0,4.02444e-06
0,0,-4.00444e-06
0,0,-3.91491e-06
0,0,3.90318e-06
0,0,-3.9597e-06
0,0,3.9588e-06
