mx,my,mz
0,0,0.302918
0,0,-0.302918
0,0,0.302918
0,0,-0.302918
0,0,-0.302918
0,0,0.302918
0,0,-0.302918
0,0,0.302918
0,0,0.302918
0,0,-0.302918
0,0,0.302918
0,0,-0.302918
0,0,-0.302918
0,0,0.302918
0,0,-0.302918
0,0,0.302918
