mx,my,mz
-0.20778,0.213415,0.0219822
0.207782,-0.213413,-0.0219808
-0.20778,0.213415,0.0219822
0.207782,-0.213413,-0.0219823
0.207783,-0.213412,-0.0219777
-0.207778,0.213417,0.0219764
0.207783,-0.213413,-0.0219766
-0.20778,0.213415,0.0219774
-0.20778,0.213414,0.0219821
0.207783,-0.213412,-0.0219822
-0.20778,0.213415,0.0219821
0.207782,-0.213413,-0.0219808
0.207783,-0.213413,-0.0219766
-0.207781,0.213415,0.0219774
0.207783,-0.213412,-0.0219777
-0.207778,0.213417,0.0219765
