mx,my,mz
0,0,0.301235
0,0,-0.301235
0,0,0.301235
0,0,-0.301235
0,0,-0.301235
0,0,0.301235
0,0,-0.301235
0,0,0.301235
0,0,0.301235
0,0,-0.301235
0,0,0.301235
0,0,-0.301235
0,0,-0.301235
0,0,0.301235
0,0,-0.301235
0,0,0.301235
