mx,my,mz
0,0,0.229559
0,0,-0.229559
0,0,-0.228897
0,0,0.228897
0,0,0.228898
0,0,-0.228898
0,0,0.228898
0,0,-0.228898
0,0,-0.228898
0,0,0.228898
0,0,0.229554
0,0,-0.229554
0,0,0.228898
0,0,-0.228898
0,0,0.228898
0,0,-0.228898
