mx,my,mz
0.136698,-0.226921,-0.151191
-0.136695,0.226923,0.151192
0.136699,-0.226919,-0.151193
-0.136692,0.226924,0.151192
-0.136692,0.226921,0.151197
0.136694,-0.22692,-0.151197
-0.136694,0.226922,0.151194
0.136697,-0.226919,-0.151195
0.136699,-0.226919,-0.151193
-0.136692,0.226924,0.151192
0.136698,-0.226921,-0.151191
-0.136695,0.226923,0.151192
-0.136694,0.226922,0.151194
0.136697,-0.226919,-0.151195
-0.136692,0.226921,0.151197
0.136694,-0.22692,-0.151196
