mx,my,mz
0,0,0.121465
0,0,-0.121465
0,0,0.121465
0,0,-0.121465
0,0,-0.121465
0,0,0.121465
0,0,-0.121465
0,0,0.121465
0,0,0.121465
0,0,-0.121465
0,0,0.121465
0,0,-0.121465
0,0,-0.121465
0,0,0.121465
0,0,-0.121465
0,0,0.121465
