mx,my,mz
0,0,7.95725e-08
0,0,-8.19415e-08
0,0,2.59377e-07
0,0,-1.88927e-07
0,0,5.93243e-09
0,0,-5.1583e-07
0,0,1.11813e-07
0,0,-5.30789e-07
0,0,2.20943e-07
0,0,-5.09216e-07
0,0,2.18609e-07
0,0,-4.34401e-07
0,0,2.58264e-07
0,0,-2.29445e-08
0,0,4.69676e-07
0,0,-1.16576e-08
