mx,my,mz
0,0,0.298989
0,0,-0.298989
0,0,0.298989
0,0,-0.298989
0,0,-0.298989
0,0,0.298989
0,0,-0.298989
0,0,0.298989
0,0,0.298989
0,0,-0.298989
0,0,0.298989
0,0,-0.298989
0,0,-0.298989
0,0,0.298989
0,0,-0.298989
0,0,0.298989
