mx,my,mz
0,0,1.48141e-07
0,0,-3.26546e-07
0,0,3.69695e-07
0,0,-1.05368e-08
0,0,5.09001e-07
0,0,-2.42112e-07
0,0,1.27222e-07
0,0,-2.62205e-07
0,0,2.18623e-07
0,0,-5.30443e-07
0,0,4.36799e-08
0,0,-3.84391e-07
0,0,5.3453e-07
0,0,-3.74374e-07
0,0,2.9517e-07
0,0,-4.21686e-07
