mx,my,mz
0,0,0.276399
0,0,-0.276399
0,0,0.276399
0,0,-0.276399
0,0,-0.276399
0,0,0.276399
0,0,-0.276399
0,0,0.276399
0,0,0.276399
0,0,-0.276399
0,0,0.276399
0,0,-0.276399
0,0,-0.276399
0,0,0.276399
0,0,-0.276399
0,0,0.276399
