mx,my,mz
0,0,0.227953
0,0,-0.227952
0,0,0.227953
0,0,-0.227952
0,0,-0.227953
0,0,0.227951
0,0,0.237588
0,0,-0.237589
0,0,0.227953
0,0,-0.227952
0,0,0.227953
0,0,-0.227952
0,0,0.237587
0,0,-0.237586
0,0,-0.227953
0,0,0.227952
