mx,my,mz
0,0,0.243775
0,0,-0.213332
0,0,0.0338928
0,0,-0.196827
0,0,0.0204888
0,0,-0.0278671
0,0,0.297354
0,0,-0.295631
0,0,0.344532
0,0,-0.2123
0,0,0.305441
0,0,-0.0556334
0,0,0.161573
0,0,-0.114185
0,0,0.315409
0,0,-0.141841
