mx,my,mz
0.0587929,-0.274757,0.0447801
-0.0587912,0.274758,-0.0447774
0.0587941,-0.274757,0.0447801
-0.0587898,0.274758,-0.0447788
-0.0587913,0.274758,-0.0447759
0.0587945,-0.274758,0.0447735
-0.058791,0.274758,-0.0447748
0.0587946,-0.274758,0.0447747
0.0587942,-0.274757,0.0447801
-0.0587898,0.274758,-0.0447788
0.0587928,-0.274757,0.04478
-0.0587913,0.274758,-0.0447774
-0.0587911,0.274758,-0.0447748
0.0587947,-0.274758,0.0447747
-0.0587914,0.274758,-0.0447759
0.0587946,-0.274758,0.0447735
