mx,my,mz
0,0,0.298828
0,0,-0.298828
0,0,0.298828
0,0,-0.298828
0,0,-0.298828
0,0,0.298828
0,0,-0.298828
0,0,0.298828
0,0,0.298828
0,0,-0.298828
0,0,0.298828
0,0,-0.298828
0,0,-0.298828
0,0,0.298828
0,0,-0.298828
0,0,0.298828
