mx,my,mz
0,0,1.08149e-06
0,0,-9.73274e-07
0,0,1.63062e-06
0,0,-8.46862e-07
0,0,6.73965e-07
0,0,-7.01883e-07
0,0,-6.85171e-08
0,0,-1.19672e-06
0,0,4.43532e-07
0,0,-1.17497e-06
0,0,1.3736e-06
0,0,2.64207e-07
0,0,5.71238e-07
0,0,-3.90552e-08
0,0,-3.46003e-07
0,0,-1.25242e-06
