mx,my,mz
0.0886248,-0.020615,0.159869
-0.0886248,0.020615,-0.159869
0.0886247,-0.020615,0.159869
-0.0886248,0.020615,-0.159869
-0.0886248,0.020615,-0.159869
0.0886248,-0.020615,0.159869
-0.0886248,0.020615,-0.159869
0.0886248,-0.020615,0.159869
0.0886247,-0.020615,0.159869
-0.0886248,0.020615,-0.159869
0.0886248,-0.020615,0.159869
-0.0886248,0.020615,-0.159869
-0.0886248,0.020615,-0.159869
0.0886248,-0.020615,0.159869
-0.0886248,0.020615,-0.159869
0.0886248,-0.020615,0.159869
