mx,my,mz
-0.182284,0.226777,0.0932774
0.182287,-0.226776,-0.0932771
-0.182284,0.226778,0.093276
0.182286,-0.226776,-0.0932785
0.182287,-0.226777,-0.0932732
-0.182284,0.226779,0.0932738
0.182288,-0.226776,-0.0932744
-0.182284,0.226779,0.0932751
-0.182284,0.226778,0.093276
0.182286,-0.226776,-0.0932784
-0.182284,0.226777,0.0932774
0.182287,-0.226776,-0.0932772
0.182288,-0.226776,-0.0932744
-0.182284,0.226779,0.093275
0.182287,-0.226777,-0.0932732
-0.182284,0.226779,0.0932738
