mx,my,mz
0,0,5.03156e-07
0,0,-5.18698e-07
0,0,5.4475e-07
0,0,-2.04428e-07
0,0,1.3874e-07
0,0,-2.49785e-07
0,0,6.57935e-08
0,0,-2.47182e-07
0,0,2.5221e-07
0,0,-4.82335e-07
0,0,2.2452e-07
0,0,-6.66487e-07
0,0,5.94591e-07
0,0,-5.34894e-08
0,0,4.99438e-07
0,0,-4.93444e-07
