mx,my,mz
-0.172265,0.244531,-0.0253396
0.172269,-0.244528,0.0253389
-0.172266,0.24453,-0.0253403
0.172269,-0.244528,0.0253403
0.172267,-0.244529,0.0253433
-0.172266,0.24453,-0.0253445
0.172268,-0.244528,0.0253443
-0.172264,0.244531,-0.0253429
-0.172266,0.24453,-0.0253404
0.172269,-0.244528,0.0253403
-0.172265,0.244531,-0.0253397
0.172269,-0.244528,0.0253389
0.172268,-0.244528,0.0253443
-0.172264,0.244531,-0.0253429
0.172267,-0.244529,0.0253433
-0.172266,0.24453,-0.0253444
