mx,my,mz
-0.00516758,-0.039013,-0.19928
0.00516762,0.039013,0.19928
-0.00516758,-0.039013,-0.19928
0.0051676,0.0390131,0.19928
0.00516758,0.039013,0.19928
-0.00516756,-0.0390131,-0.19928
0.00516758,0.039013,0.19928
-0.00516761,-0.0390131,-0.19928
-0.00516757,-0.039013,-0.19928
0.00516759,0.0390131,0.19928
-0.00516758,-0.039013,-0.19928
0.00516762,0.039013,0.19928
0.00516757,0.039013,0.19928
-0.00516761,-0.0390131,-0.19928
0.00516758,0.039013,0.19928
-0.00516756,-0.0390131,-0.19928
