mx,my,mz
0.177481,-0.220408,-0.114303
-0.177474,0.220412,0.114305
0.177481,-0.220408,-0.114303
-0.177477,0.220411,0.114303
-0.177474,0.220411,0.114308
0.177478,-0.220407,-0.114308
-0.177475,0.22041,0.114308
0.177481,-0.220406,-0.114307
0.177481,-0.220408,-0.114303
-0.177477,0.220411,0.114303
0.177481,-0.220408,-0.114303
-0.177475,0.220412,0.114305
-0.177475,0.22041,0.114308
0.177481,-0.220406,-0.114307
-0.177474,0.220411,0.114308
0.177478,-0.220407,-0.114308
