mx,my,mz
-0.153115,0.0765214,0.252204
0.153114,-0.0765209,-0.252205
-0.153111,0.0765232,0.252206
0.153116,-0.0765203,-0.252204
0.153118,-0.0765213,-0.252202
-0.153108,0.0765269,0.252207
0.153119,-0.0765153,-0.252203
-0.153116,0.076529,0.252201
-0.153111,0.0765231,0.252206
0.153116,-0.0765203,-0.252204
-0.153115,0.0765213,0.252204
0.153114,-0.0765208,-0.252205
0.153119,-0.0765155,-0.252203
-0.153116,0.0765293,0.252201
0.153118,-0.0765215,-0.252202
-0.153108,0.076527,0.252206
