mx,my,mz
0,0,0.238508
0,0,-0.208723
0,0,0.0331634
0,0,-0.192578
0,0,0.0200499
0,0,-0.0272665
0,0,0.290935
0,0,-0.289248
0,0,0.337096
0,0,-0.207708
0,0,0.298852
0,0,-0.0544282
0,0,0.158087
0,0,-0.111717
0,0,0.308603
0,0,-0.138773
