mx,my,mz
0,0,0.19999
0,0,-0.19999
0,0,0.19999
0,0,-0.19999
0,0,-0.19999
0,0,0.19999
0,0,-0.19999
0,0,0.19999
0,0,0.19999
0,0,-0.19999
0,0,0.19999
0,0,-0.19999
0,0,-0.19999
0,0,0.19999
0,0,-0.19999
0,0,0.19999
