mx,my,mz
0,0,-0.239452
0,0,0.239452
0,0,-0.239452
0,0,0.239452
0,0,0.239452
0,0,-0.239452
0,0,0.239452
0,0,-0.239452
0,0,-0.239452
0,0,0.239452
0,0,-0.239452
0,0,0.239452
0,0,0.239452
0,0,-0.239452
0,0,0.239452
0,0,-0.239452
