mx,my,mz
-0.171544,0.222376,0.0102737
0.171545,-0.222375,-0.0102739
-0.171542,0.222377,0.0102751
0.171544,-0.222375,-0.0102738
0.171546,-0.222374,-0.0102717
-0.171543,0.222377,0.010272
0.171545,-0.222375,-0.0102705
-0.171544,0.222376,0.0102689
-0.171542,0.222377,0.0102752
0.171544,-0.222375,-0.0102739
-0.171544,0.222376,0.0102738
0.171545,-0.222375,-0.010274
0.171545,-0.222375,-0.0102706
-0.171544,0.222376,0.010269
0.171546,-0.222374,-0.0102717
-0.171543,0.222377,0.0102721
