mx,my,mz
0,0,-0.299607
0,0,0.299607
0,0,-0.299607
0,0,0.299607
0,0,0.299607
0,0,-0.299607
0,0,0.299607
0,0,-0.299607
0,0,-0.299607
0,0,0.299607
0,0,-0.299607
0,0,0.299607
0,0,0.299607
0,0,-0.299607
0,0,0.299607
0,0,-0.299607
