mx,my,mz
0,0,0.175177
0,0,-0.274923
0,0,0.175177
0,0,0.175178
0,0,0.175177
0,0,0.175174
0,0,0.175177
0,0,-0.274923
0,0,0.175178
0,0,0.175176
0,0,0.175178
0,0,-0.274923
0,0,0.175176
0,0,-0.274923
0,0,0.175176
0,0,0.175176
