mx,my,mz
0,0,-4.51268e-06
0,0,4.51226e-06
0,0,-4.51356e-06
0,0,4.51674e-06
0,0,4.52043e-06
0,0,-4.52337e-06
0,0,4.52364e-06
0,0,-4.52343e-06
0,0,-4.50578e-06
0,0,4.51419e-06
0,0,-4.5157e-06
0,0,4.51023e-06
0,0,4.50908e-06
0,0,-4.51385e-06
0,0,4.5166e-06
0,0,-4.51446e-06
