mx,my,mz
-0.154941,0.220416,-0.0617062
0.154945,-0.220413,0.0617049
-0.154942,0.220415,-0.0617061
0.154944,-0.220414,0.0617055
0.154944,-0.220413,0.0617098
-0.154941,0.220414,-0.0617094
0.154944,-0.220412,0.0617109
-0.154943,0.220414,-0.0617083
-0.154942,0.220415,-0.061706
0.154944,-0.220414,0.0617054
-0.154941,0.220416,-0.0617061
0.154945,-0.220413,0.0617048
0.154944,-0.220412,0.0617108
-0.154943,0.220414,-0.0617083
0.154944,-0.220413,0.0617099
-0.154942,0.220414,-0.0617094
