mx,my,mz
0,0,4.18292e-05
0,0,-4.18382e-05
0,0,4.18371e-05
0,0,-4.18294e-05
0,0,-4.18347e-05
0,0,4.18372e-05
0,0,-4.18407e-05
0,0,4.18395e-05
0,0,4.18371e-05
0,0,-4.18294e-05
0,0,4.18292e-05
0,0,-4.18382e-05
0,0,-4.18407e-05
0,0,4.18395e-05
0,0,-4.18347e-05
0,0,4.18372e-05
