mx,my,mz
0,0,-3.69697e-06
0,0,3.71762e-06
0,0,-3.71505e-06
0,0,3.69686e-06
0,0,3.73315e-06
0,0,-3.73684e-06
0,0,3.73121e-06
0,0,-3.72907e-06
0,0,-3.72047e-06
0,0,3.72711e-06
0,0,-3.72626e-06
0,0,3.71958e-06
0,0,3.72209e-06
0,0,-3.74575e-06
0,0,3.74636e-06
0,0,-3.7248e-06
