mx,my,mz
0,0,-2.68308e-06
0,0,2.59666e-06
0,0,-2.54624e-06
0,0,2.70273e-06
0,0,2.89004e-06
0,0,-2.75563e-06
0,0,2.69229e-06
0,0,-2.87089e-06
0,0,-3.01987e-06
0,0,2.84602e-06
0,0,-2.73298e-06
0,0,2.97139e-06
0,0,3.19485e-06
0,0,-3.05281e-06
0,0,2.97883e-06
0,0,-3.17176e-06
