mx,my,mz
0,0,0.201052
0,0,-0.201052
0,0,0.201052
0,0,-0.201052
0,0,-0.201052
0,0,0.201052
0,0,-0.201052
0,0,0.201052
0,0,0.201052
0,0,-0.201052
0,0,0.201052
0,0,-0.201052
0,0,-0.201052
0,0,0.201052
0,0,-0.201052
0,0,0.201052
