mx,my,mz
0,0,0.287068
0,0,-0.287068
0,0,0.287068
0,0,-0.287068
0,0,-0.287068
0,0,0.287068
0,0,-0.287068
0,0,0.287068
0,0,0.287068
0,0,-0.287068
0,0,0.287068
0,0,-0.287068
0,0,-0.287068
0,0,0.287068
0,0,-0.287068
0,0,0.287068
