mx,my,mz
0.0227501,-0.269472,-0.040528
-0.0227459,0.269471,0.0405305
0.0227467,-0.269472,-0.0405278
-0.022746,0.269472,0.04053
-0.0227472,0.269471,0.0405333
0.0227468,-0.26947,-0.040537
-0.0227473,0.269471,0.0405338
0.02275,-0.26947,-0.0405354
0.0227467,-0.269472,-0.0405278
-0.0227459,0.269472,0.04053
0.02275,-0.269472,-0.040528
-0.0227458,0.269471,0.0405305
-0.0227473,0.269471,0.0405338
0.02275,-0.26947,-0.0405355
-0.0227472,0.269471,0.0405333
0.0227467,-0.26947,-0.040537
