mx,my,mz
0,0,3.18684e-06
0,0,-3.35909e-06
0,0,3.41862e-06
0,0,-3.30266e-06
0,0,-3.15172e-06
0,0,3.35351e-06
0,0,-3.41856e-06
0,0,3.27904e-06
0,0,3.23321e-06
0,0,-3.41271e-06
0,0,3.4898e-06
0,0,-3.3683e-06
0,0,-3.07753e-06
0,0,3.22217e-06
0,0,-3.29867e-06
0,0,3.20967e-06
