mx,my,mz
-0.20006,0.213774,0.0877675
0.200064,-0.213772,-0.0877663
-0.200061,0.213774,0.0877667
0.200062,-0.213772,-0.08777
0.200065,-0.213772,-0.0877628
-0.200062,0.213774,0.0877646
0.200064,-0.213772,-0.0877645
-0.200062,0.213775,0.0877635
-0.200061,0.213774,0.0877667
0.200062,-0.213772,-0.0877699
-0.20006,0.213775,0.0877675
0.200064,-0.213772,-0.0877663
0.200064,-0.213772,-0.0877645
-0.200062,0.213775,0.0877635
0.200065,-0.213772,-0.0877628
-0.200062,0.213774,0.0877647
