mx,my,mz
0.202651,-0.221623,0.0569449
-0.202649,0.221625,-0.0569446
0.202651,-0.221623,0.0569428
-0.20265,0.221624,-0.0569449
-0.202649,0.221625,-0.0569404
0.202652,-0.221623,0.0569409
-0.202649,0.221626,-0.0569388
0.202652,-0.221623,0.0569395
0.202651,-0.221623,0.0569428
-0.20265,0.221624,-0.0569448
0.202651,-0.221623,0.0569449
-0.202649,0.221625,-0.0569446
-0.202649,0.221626,-0.0569388
0.202652,-0.221623,0.0569395
-0.202649,0.221625,-0.0569404
0.202652,-0.221622,0.0569409
