mx,my,mz
0,0,5.95093e-06
0,0,-5.95003e-06
0,0,5.93626e-06
0,0,-5.93845e-06
0,0,-5.9431e-06
0,0,5.93472e-06
0,0,-5.94436e-06
0,0,5.95401e-06
0,0,5.93674e-06
0,0,-5.93869e-06
0,0,5.95104e-06
0,0,-5.95037e-06
0,0,-5.94449e-06
0,0,5.95391e-06
0,0,-5.94286e-06
0,0,5.93473e-06
