mx,my,mz
0,0,0.23881
0,0,-0.208988
0,0,0.0332054
0,0,-0.192822
0,0,0.0200753
0,0,-0.0273011
0,0,0.291304
0,0,-0.289615
0,0,0.337524
0,0,-0.207971
0,0,0.299231
0,0,-0.0544972
0,0,0.158287
0,0,-0.111859
0,0,0.308994
0,0,-0.138949
