mx,my,mz
0,0,-3.96409e-05
0,0,3.96343e-05
0,0,-3.96466e-05
0,0,3.96486e-05
0,0,3.96473e-05
0,0,-3.96389e-05
0,0,3.96365e-05
0,0,-3.96404e-05
0,0,-3.96466e-05
0,0,3.96486e-05
0,0,-3.96409e-05
0,0,3.96343e-05
0,0,3.96365e-05
0,0,-3.96404e-05
0,0,3.96473e-05
0,0,-3.96389e-05
