mx,my,mz
0,0,0.229951
0,0,-0.229951
0,0,0.229952
0,0,-0.229951
0,0,-0.229952
0,0,-0.219809
0,0,0.21981
0,0,0.229952
0,0,0.229951
0,0,-0.229952
0,0,0.229952
0,0,-0.229951
0,0,0.219813
0,0,0.229951
0,0,-0.229951
0,0,-0.219813
