mx,my,mz
0,0,-4.33712e-06
0,0,4.33188e-06
0,0,-4.32983e-06
0,0,4.33386e-06
0,0,4.34536e-06
0,0,-4.34196e-06
0,0,4.33855e-06
0,0,-4.34088e-06
0,0,-4.32851e-06
0,0,4.33158e-06
0,0,-4.33505e-06
0,0,4.33077e-06
0,0,4.33402e-06
0,0,-4.33547e-06
0,0,4.3402e-06
0,0,-4.33767e-06
