mx,my,mz
-0.268048,0.142482,-0.035659
0.26805,-0.142479,0.0356583
-0.268046,0.142486,-0.0356596
0.26805,-0.142478,0.0356597
0.268049,-0.14248,0.0356623
-0.268048,0.142482,-0.0356625
0.268051,-0.142476,0.0356636
-0.268048,0.142481,-0.0356637
-0.268046,0.142486,-0.0356597
0.26805,-0.142478,0.0356597
-0.268048,0.142482,-0.035659
0.26805,-0.142479,0.0356583
0.268051,-0.142476,0.0356636
-0.268048,0.142481,-0.0356637
0.268049,-0.14248,0.0356623
-0.268048,0.142482,-0.0356625
