mx,my,mz
0,0,0.253917
0,0,-0.253917
0,0,0.253917
0,0,-0.253917
0,0,-0.253917
0,0,0.253917
0,0,-0.253917
0,0,0.253917
0,0,0.253917
0,0,-0.253917
0,0,0.253917
0,0,-0.253917
0,0,-0.253917
0,0,0.253917
0,0,-0.253917
0,0,0.253917
