mx,my,mz
0,0,0.295711
0,0,-0.295711
0,0,0.295711
0,0,-0.295711
0,0,-0.295711
0,0,0.295711
0,0,-0.295711
0,0,0.295711
0,0,0.295711
0,0,-0.295711
0,0,0.295711
0,0,-0.295711
0,0,-0.295711
0,0,0.295711
0,0,-0.295711
0,0,0.295711
