mx,my,mz
0,0,-0.0997089
0,0,0.0997089
0,0,-0.0997089
0,0,0.0997089
0,0,0.0997089
0,0,-0.0997089
0,0,0.0997089
0,0,-0.0997089
0,0,-0.0997089
0,0,0.0997089
0,0,-0.0997089
0,0,0.0997089
0,0,0.0997089
0,0,-0.0997089
0,0,0.0997089
0,0,-0.0997089
