mx,my,mz
0,0,0.222089
0,0,-0.222089
0,0,0.222089
0,0,-0.222089
0,0,-0.222089
0,0,0.222089
0,0,-0.222089
0,0,0.222089
0,0,0.222089
0,0,-0.222089
0,0,0.222089
0,0,-0.222089
0,0,-0.222089
0,0,0.222089
0,0,-0.222089
0,0,0.222089
