mx,my,mz
0.152153,-0.182774,0.00934273
-0.152151,0.182776,-0.00934468
0.152154,-0.182774,0.00934453
-0.152152,0.182775,-0.00934343
-0.152153,0.182775,-0.00933944
0.152153,-0.182775,0.00934068
-0.152151,0.182776,-0.00934076
0.152153,-0.182775,0.00934069
0.152154,-0.182774,0.0093444
-0.152152,0.182775,-0.0093433
0.152153,-0.182774,0.00934255
-0.152151,0.182776,-0.00934449
-0.152151,0.182776,-0.00934072
0.152153,-0.182775,0.00934065
-0.152153,0.182775,-0.00933934
0.152153,-0.182775,0.00934058
