mx,my,mz
0.00567359,-0.209209,0.168087
-0.00567233,0.209211,-0.168085
0.00567239,-0.209208,0.168088
-0.00567031,0.20921,-0.168086
-0.00566875,0.209213,-0.168083
0.0056724,-0.209211,0.168085
-0.00566808,0.209212,-0.168084
0.00567482,-0.209211,0.168085
0.00567238,-0.209208,0.168088
-0.00567036,0.20921,-0.168086
0.00567353,-0.209209,0.168087
-0.0056722,0.209211,-0.168085
-0.00566805,0.209212,-0.168084
0.00567486,-0.209211,0.168085
-0.00566867,0.209213,-0.168083
0.00567225,-0.209211,0.168085
