mx,my,mz
-0.200017,0.213821,0.0877529
0.200021,-0.213818,-0.0877517
-0.200018,0.21382,0.0877521
0.200019,-0.213818,-0.0877554
0.200022,-0.213818,-0.0877482
-0.200019,0.21382,0.08775
0.200021,-0.213818,-0.0877499
-0.200019,0.213821,0.087749
-0.200018,0.21382,0.0877521
0.200019,-0.213818,-0.0877554
-0.200017,0.213821,0.0877529
0.200021,-0.213818,-0.0877517
0.200021,-0.213818,-0.0877499
-0.200019,0.213821,0.087749
0.200022,-0.213818,-0.0877482
-0.200019,0.213821,0.0877501
