mx,my,mz
0.20469,-0.169687,-0.150782
-0.204688,0.16969,0.150782
0.20469,-0.169688,-0.150781
-0.204688,0.16969,0.150781
-0.204688,0.169689,0.150782
0.204689,-0.169687,-0.150783
-0.204687,0.169688,0.150786
0.204689,-0.169686,-0.150784
0.20469,-0.169688,-0.150781
-0.204688,0.16969,0.150781
0.20469,-0.169687,-0.150782
-0.204688,0.16969,0.150782
-0.204687,0.169688,0.150786
0.204689,-0.169686,-0.150784
-0.204688,0.169689,0.150782
0.204689,-0.169687,-0.150783
