mx,my,mz
0,0,-4.60079e-06
0,0,4.60516e-06
0,0,-4.60339e-06
0,0,4.60099e-06
0,0,4.60331e-06
0,0,-4.60798e-06
0,0,4.61539e-06
0,0,-4.61266e-06
0,0,-4.59695e-06
0,0,4.59887e-06
0,0,-4.60329e-06
0,0,4.60347e-06
0,0,4.60333e-06
0,0,-4.60473e-06
0,0,4.60013e-06
0,0,-4.6006e-06
