mx,my,mz
0,0,-0.282119
0,0,0.282119
0,0,-0.282119
0,0,0.282119
0,0,0.282119
0,0,-0.282119
0,0,0.282119
0,0,-0.282119
0,0,-0.282119
0,0,0.282119
0,0,-0.282119
0,0,0.282119
0,0,0.282119
0,0,-0.282119
0,0,0.282119
0,0,-0.282119
