mx,my,mz
0.178108,-0.23736,-0.0725367
-0.178105,0.237362,0.0725363
0.178109,-0.23736,-0.0725369
-0.178104,0.237363,0.0725374
-0.178104,0.237362,0.0725411
0.178107,-0.23736,-0.0725413
-0.178105,0.237362,0.0725397
0.178109,-0.237358,-0.0725413
0.178109,-0.23736,-0.0725369
-0.178104,0.237363,0.0725374
0.178108,-0.23736,-0.0725367
-0.178105,0.237362,0.0725363
-0.178105,0.237362,0.0725397
0.178109,-0.237358,-0.0725413
-0.178104,0.237362,0.0725412
0.178107,-0.23736,-0.0725413
