mx,my,mz
0,0,-0.211137
0,0,0.211137
0,0,-0.211137
0,0,0.211137
0,0,0.211137
0,0,-0.211137
0,0,0.211137
0,0,-0.211137
0,0,-0.211137
0,0,0.211137
0,0,-0.211137
0,0,0.211137
0,0,0.211137
0,0,-0.211137
0,0,0.211137
0,0,-0.211137
