mx,my,mz
0,0,0.275735
0,0,-0.175314
0,0,-0.175315
0,0,-0.175314
0,0,-0.175314
0,0,-0.175316
0,0,0.275736
0,0,-0.175316
0,0,-0.175313
0,0,-0.175315
0,0,0.275736
0,0,-0.175316
0,0,0.275735
0,0,-0.175315
0,0,-0.175316
0,0,-0.175315
