mx,my,mz
0,0,9.02415e-06
0,0,-9.02693e-06
0,0,9.02194e-06
0,0,-9.0309e-06
0,0,-9.02509e-06
0,0,9.02392e-06
0,0,-9.01853e-06
0,0,9.03143e-06
0,0,9.02194e-06
0,0,-9.0309e-06
0,0,9.02415e-06
0,0,-9.02693e-06
0,0,-9.01853e-06
0,0,9.03143e-06
0,0,-9.02509e-06
0,0,9.02392e-06
