mx,my,mz
0,0,-0.291814
0,0,0.291814
0,0,-0.291814
0,0,0.291814
0,0,0.291814
0,0,-0.291814
0,0,0.291814
0,0,-0.291814
0,0,-0.291814
0,0,0.291814
0,0,-0.291814
0,0,0.291814
0,0,0.291814
0,0,-0.291814
0,0,0.291814
0,0,-0.291814
