mx,my,mz
0.15811,-0.164091,0.203716
-0.158107,0.164094,-0.203716
0.15811,-0.16409,0.203716
-0.158106,0.164094,-0.203717
-0.158108,0.164096,-0.203713
0.158112,-0.164092,0.203714
-0.15811,0.164096,-0.203712
0.158113,-0.164093,0.203712
0.15811,-0.16409,0.203716
-0.158106,0.164094,-0.203717
0.15811,-0.164091,0.203716
-0.158107,0.164094,-0.203716
-0.15811,0.164096,-0.203712
0.158113,-0.164093,0.203712
-0.158108,0.164096,-0.203713
0.158112,-0.164092,0.203714
