mx,my,mz
-0.106227,0.00479784,-0.278183
0.106236,-0.00478256,0.27818
-0.106226,0.00479574,-0.278184
0.106239,-0.00478758,0.278179
0.106233,-0.00478583,0.278181
-0.10623,0.00479115,-0.278182
0.106233,-0.00478478,0.278181
-0.106231,0.0047851,-0.278182
-0.106226,0.00479573,-0.278184
0.106239,-0.00478793,0.278179
-0.106227,0.00479809,-0.278183
0.106236,-0.00478245,0.27818
0.106233,-0.00478467,0.278181
-0.106231,0.00478536,-0.278182
0.106233,-0.00478599,0.278181
-0.10623,0.00479095,-0.278182
