mx,my,mz
0.197006,-0.163816,-0.136355
-0.197003,0.16382,0.136355
0.197006,-0.163817,-0.136354
-0.197003,0.16382,0.136355
-0.197003,0.163816,0.136359
0.197004,-0.163816,-0.136357
-0.197002,0.163818,0.136358
0.197004,-0.163815,-0.136358
0.197006,-0.163817,-0.136354
-0.197003,0.16382,0.136355
0.197006,-0.163816,-0.136355
-0.197003,0.16382,0.136355
-0.197002,0.163818,0.136358
0.197004,-0.163815,-0.136358
-0.197003,0.163816,0.136359
0.197004,-0.163816,-0.136357
