mx,my,mz
0,0,-0.000142916
0,0,0.000142925
0,0,-0.000142915
0,0,0.000142914
0,0,0.00014292
0,0,-0.000142926
0,0,0.000142915
0,0,-0.000142917
0,0,-0.000142915
0,0,0.000142914
0,0,-0.000142916
0,0,0.000142925
0,0,0.000142915
0,0,-0.000142917
0,0,0.00014292
0,0,-0.000142926
