mx,my,mz
0,0,4.37121e-07
0,0,-4.50554e-07
0,0,4.7323e-07
0,0,-1.77537e-07
0,0,1.2054e-07
0,0,-2.17069e-07
0,0,5.71702e-08
0,0,-2.14794e-07
0,0,2.19065e-07
0,0,-4.18973e-07
0,0,1.95004e-07
0,0,-5.79027e-07
0,0,5.16539e-07
0,0,-4.64634e-08
0,0,4.33881e-07
0,0,-4.28663e-07
