mx,my,mz
0,0,0.239626
0,0,-0.209702
0,0,0.0333188
0,0,-0.193481
0,0,0.0201438
0,0,-0.0273944
0,0,0.292299
0,0,-0.290604
0,0,0.338677
0,0,-0.208682
0,0,0.300254
0,0,-0.0546836
0,0,0.158828
0,0,-0.112241
0,0,0.31005
0,0,-0.139424
