mx,my,mz
0,0,-5.21885e-06
0,0,5.22026e-06
0,0,-5.22594e-06
0,0,5.23136e-06
0,0,5.22847e-06
0,0,-5.23316e-06
0,0,5.22539e-06
0,0,-5.22756e-06
0,0,-5.221e-06
0,0,5.22981e-06
0,0,-5.21963e-06
0,0,5.21765e-06
0,0,5.21955e-06
0,0,-5.22509e-06
0,0,5.22831e-06
0,0,-5.22962e-06
