mx,my,mz
0,0,6.67513e-05
0,0,-6.6755e-05
0,0,6.67608e-05
0,0,-6.6747e-05
0,0,-6.67503e-05
0,0,6.6757e-05
0,0,-6.67627e-05
0,0,6.67459e-05
0,0,6.67608e-05
0,0,-6.6747e-05
0,0,6.67513e-05
0,0,-6.6755e-05
0,0,-6.67627e-05
0,0,6.67459e-05
0,0,-6.67503e-05
0,0,6.6757e-05
