mx,my,mz
0,0,0.305351
0,0,-0.305351
0,0,0.305351
0,0,-0.305351
0,0,-0.305351
0,0,0.305351
0,0,-0.305351
0,0,0.305351
0,0,0.305351
0,0,-0.305351
0,0,0.305351
0,0,-0.305351
0,0,-0.305351
0,0,0.305351
0,0,-0.305351
0,0,0.305351
