mx,my,mz
-0.196505,0.191923,0.129757
0.196505,-0.191922,-0.12976
-0.196504,0.191924,0.129757
0.196506,-0.191921,-0.129758
0.196508,-0.191922,-0.129755
-0.196504,0.191925,0.129755
0.196508,-0.191922,-0.129755
-0.196502,0.191927,0.129756
-0.196504,0.191924,0.129757
0.196506,-0.191921,-0.129758
-0.196505,0.191923,0.129757
0.196505,-0.191922,-0.12976
0.196508,-0.191922,-0.129755
-0.196502,0.191927,0.129756
0.196508,-0.191922,-0.129755
-0.196504,0.191925,0.129755
