mx,my,mz
0,0,-0.26648
0,0,0.26648
0,0,-0.26648
0,0,0.26648
0,0,0.26648
0,0,-0.26648
0,0,0.26648
0,0,-0.26648
0,0,-0.26648
0,0,0.26648
0,0,-0.26648
0,0,0.26648
0,0,0.26648
0,0,-0.26648
0,0,0.26648
0,0,-0.26648
