mx,my,mz
0,0,0.238554
0,0,-0.208763
0,0,0.0331698
0,0,-0.192615
0,0,0.0200538
0,0,-0.0272718
0,0,0.290991
0,0,-0.289304
0,0,0.337161
0,0,-0.207748
0,0,0.29891
0,0,-0.0544387
0,0,0.158117
0,0,-0.111739
0,0,0.308662
0,0,-0.1388
