mx,my,mz
0,0,0.242973
0,0,-0.242973
0,0,0.242973
0,0,-0.242973
0,0,-0.242973
0,0,0.242973
0,0,-0.242973
0,0,0.242973
0,0,0.242973
0,0,-0.242973
0,0,0.242973
0,0,-0.242973
0,0,-0.242973
0,0,0.242973
0,0,-0.242973
0,0,0.242973
