mx,my,mz
0,0,-3.44326e-06
0,0,3.44685e-06
0,0,-3.44253e-06
0,0,3.44652e-06
0,0,3.48045e-06
0,0,-3.45528e-06
0,0,3.44564e-06
0,0,-3.47806e-06
0,0,-3.41313e-06
0,0,3.37275e-06
0,0,-3.36871e-06
0,0,3.41383e-06
0,0,3.44666e-06
0,0,-3.43711e-06
0,0,3.4369e-06
0,0,-3.45294e-06
