mx,my,mz
0.0276335,-0.218198,-0.0129345
-0.0276317,0.218198,0.0129349
0.0276325,-0.218198,-0.0129346
-0.0276318,0.218198,0.0129353
-0.0276324,0.218198,0.0129364
0.0276311,-0.218198,-0.0129382
-0.0276325,0.218198,0.0129371
0.027634,-0.218197,-0.0129366
0.0276327,-0.218198,-0.0129346
-0.0276319,0.218198,0.0129352
0.0276333,-0.218198,-0.0129344
-0.0276317,0.218198,0.0129349
-0.0276325,0.218198,0.0129371
0.0276339,-0.218197,-0.0129365
-0.0276321,0.218198,0.0129363
0.0276309,-0.218198,-0.0129382
