mx,my,mz
0,0,-0.271678
0,0,0.271678
0,0,-0.271678
0,0,0.271678
0,0,0.271678
0,0,-0.271678
0,0,0.271678
0,0,-0.271678
0,0,-0.271678
0,0,0.271678
0,0,-0.271678
0,0,0.271678
0,0,0.271678
0,0,-0.271678
0,0,0.271678
0,0,-0.271678
