mx,my,mz
0,0,0.227821
0,0,-0.227821
0,0,0.227821
0,0,-0.227821
0,0,-0.227821
0,0,-0.238549
0,0,0.23855
0,0,0.227821
0,0,0.227821
0,0,-0.227821
0,0,0.227821
0,0,-0.227821
0,0,0.238553
0,0,0.22782
0,0,-0.227821
0,0,-0.238553
