mx,my,mz
0,0,-9.86325e-07
0,0,5.1767e-07
0,0,3.7396e-07
0,0,1.51565e-07
0,0,2.36666e-06
0,0,-1.61631e-06
0,0,8.69592e-07
0,0,-1.67697e-06
0,0,-1.17889e-06
0,0,1.14006e-07
0,0,2.55974e-08
0,0,9.95104e-07
0,0,1.55289e-06
0,0,-7.86872e-07
0,0,4.91838e-07
0,0,-1.40498e-06
