mx,my,mz
0.0127078,-0.161555,-0.0447561
-0.0127078,0.161555,0.0447561
0.0127078,-0.161555,-0.0447561
-0.0127078,0.161555,0.0447561
-0.0127078,0.161555,0.0447561
0.0127078,-0.161555,-0.0447561
-0.0127078,0.161555,0.0447561
0.0127078,-0.161555,-0.0447561
0.0127078,-0.161555,-0.0447561
-0.0127078,0.161555,0.0447561
0.0127078,-0.161555,-0.0447561
-0.0127078,0.161555,0.0447561
-0.0127078,0.161555,0.0447561
0.0127078,-0.161555,-0.0447561
-0.0127078,0.161555,0.0447561
0.0127078,-0.161555,-0.0447561
