mx,my,mz
0,0,-3.85955e-06
0,0,3.88245e-06
0,0,-3.88024e-06
0,0,3.86204e-06
0,0,3.90142e-06
0,0,-3.90654e-06
0,0,3.89751e-06
0,0,-3.89604e-06
0,0,-3.88631e-06
0,0,3.89584e-06
0,0,-3.89234e-06
0,0,3.88461e-06
0,0,3.88732e-06
0,0,-3.91471e-06
0,0,3.91617e-06
0,0,-3.89307e-06
