mx,my,mz
0,0,0.156234
0,0,-0.156234
0,0,0.156234
0,0,-0.156234
0,0,-0.156234
0,0,0.156234
0,0,-0.156234
0,0,0.156234
0,0,0.156234
0,0,-0.156234
0,0,0.156234
0,0,-0.156234
0,0,-0.156234
0,0,0.156234
0,0,-0.156234
0,0,0.156234
