mx,my,mz
0,0,0.173658
0,0,-0.173658
0,0,0.173658
0,0,-0.173658
0,0,-0.173658
0,0,0.173658
0,0,-0.173658
0,0,0.173658
0,0,0.173658
0,0,-0.173658
0,0,0.173658
0,0,-0.173658
0,0,-0.173658
0,0,0.173658
0,0,-0.173658
0,0,0.173658
