mx,my,mz
0.200577,-0.226731,-0.0395445
-0.200574,0.226735,0.039543
0.200577,-0.226732,-0.0395439
-0.200573,0.226734,0.0395451
-0.200574,0.226734,0.0395484
0.200578,-0.22673,-0.0395471
-0.200573,0.226734,0.039547
0.200576,-0.226732,-0.0395479
0.200577,-0.226732,-0.039544
-0.200574,0.226734,0.0395451
0.200577,-0.226731,-0.0395445
-0.200574,0.226735,0.039543
-0.200573,0.226734,0.039547
0.200576,-0.226732,-0.0395479
-0.200574,0.226734,0.0395483
0.200578,-0.22673,-0.0395471
