mx,my,mz
-0.268037,0.142513,-0.0356124
0.268039,-0.14251,0.0356116
-0.268035,0.142517,-0.035613
0.268039,-0.142509,0.0356131
0.268038,-0.14251,0.0356157
-0.268037,0.142512,-0.0356159
0.26804,-0.142507,0.035617
-0.268037,0.142512,-0.0356171
-0.268035,0.142517,-0.035613
0.268039,-0.142509,0.0356131
-0.268037,0.142513,-0.0356124
0.268039,-0.14251,0.0356116
0.26804,-0.142507,0.0356169
-0.268037,0.142512,-0.0356171
0.268038,-0.14251,0.0356156
-0.268037,0.142512,-0.0356159
