mx,my,mz
-0.205357,0.17684,-0.141361
0.205361,-0.176836,0.14136
-0.205356,0.17684,-0.141362
0.205362,-0.176833,0.141362
0.205359,-0.176834,0.141365
-0.205358,0.176835,-0.141365
0.205358,-0.176835,0.141365
-0.205358,0.176837,-0.141363
-0.205356,0.17684,-0.141362
0.205362,-0.176833,0.141362
-0.205357,0.17684,-0.141361
0.205361,-0.176836,0.14136
0.205359,-0.176835,0.141365
-0.205359,0.176836,-0.141363
0.205359,-0.176834,0.141365
-0.205359,0.176835,-0.141365
