mx,my,mz
0,0,0.00293914
0,0,-0.00293915
0,0,0.00293915
0,0,-0.00293916
0,0,-0.00293915
0,0,0.00293915
0,0,-0.00293914
0,0,0.00293915
0,0,0.00293915
0,0,-0.00293916
0,0,0.00293914
0,0,-0.00293915
0,0,-0.00293914
0,0,0.00293915
0,0,-0.00293915
0,0,0.00293915
