mx,my,mz
0,0,-4.58919e-06
0,0,4.58751e-06
0,0,-4.5848e-06
0,0,4.58088e-06
0,0,4.61148e-06
0,0,-4.61132e-06
0,0,4.60975e-06
0,0,-4.60485e-06
0,0,-4.59966e-06
0,0,4.60426e-06
0,0,-4.59997e-06
0,0,4.58973e-06
0,0,4.59772e-06
0,0,-4.60138e-06
0,0,4.59609e-06
0,0,-4.58681e-06
