mx,my,mz
0,0,0.304541
0,0,-0.304541
0,0,0.304541
0,0,-0.304541
0,0,-0.304541
0,0,0.304541
0,0,-0.304541
0,0,0.304541
0,0,0.304541
0,0,-0.304541
0,0,0.304541
0,0,-0.304541
0,0,-0.304541
0,0,0.304541
0,0,-0.304541
0,0,0.304541
