mx,my,mz
0,0,-0.297454
0,0,0.297454
0,0,-0.297454
0,0,0.297454
0,0,0.297454
0,0,-0.297454
0,0,0.297454
0,0,-0.297454
0,0,-0.297454
0,0,0.297454
0,0,-0.297454
0,0,0.297454
0,0,0.297454
0,0,-0.297454
0,0,0.297454
0,0,-0.297454
