mx,my,mz
0,0,-9.95667e-06
0,0,9.95802e-06
0,0,-9.95051e-06
0,0,9.94976e-06
0,0,9.95207e-06
0,0,-9.94484e-06
0,0,9.94545e-06
0,0,-9.95328e-06
0,0,-9.95051e-06
0,0,9.94976e-06
0,0,-9.95667e-06
0,0,9.95802e-06
0,0,9.94545e-06
0,0,-9.95328e-06
0,0,9.95207e-06
0,0,-9.94484e-06
