mx,my,mz
0,0,2.14615e-07
0,0,-3.4356e-08
0,0,4.77903e-07
0,0,-3.68617e-07
0,0,4.64446e-07
0,0,-5.11417e-07
0,0,1.42934e-07
0,0,-8.80204e-09
0,0,2.18342e-07
0,0,-2.74849e-08
0,0,4.0524e-07
0,0,-3.40029e-07
0,0,2.74255e-07
0,0,-1.84299e-07
0,0,1.31633e-07
0,0,-2.87815e-07
