mx,my,mz
0,0,3.35176e-06
0,0,-3.52743e-06
0,0,3.58796e-06
0,0,-3.4701e-06
0,0,-3.31506e-06
0,0,3.52186e-06
0,0,-3.58816e-06
0,0,3.44523e-06
0,0,3.3988e-06
0,0,-3.58233e-06
0,0,3.66085e-06
0,0,-3.53685e-06
0,0,-3.24015e-06
0,0,3.38717e-06
0,0,-3.46491e-06
0,0,3.37505e-06
