mx,my,mz
0.182606,-0.232677,0.0362518
-0.182605,0.232678,-0.0362504
0.182607,-0.232676,0.0362515
-0.182605,0.232678,-0.0362517
-0.182604,0.232679,-0.0362492
0.182607,-0.232676,0.0362496
-0.182604,0.232679,-0.0362496
0.182608,-0.232676,0.0362467
0.182607,-0.232676,0.0362515
-0.182605,0.232678,-0.0362518
0.182606,-0.232677,0.0362519
-0.182605,0.232678,-0.0362504
-0.182604,0.232679,-0.0362496
0.182608,-0.232676,0.0362468
-0.182604,0.232679,-0.0362492
0.182607,-0.232676,0.0362496
