mx,my,mz
0,0,1.46543e-07
0,0,-3.23064e-07
0,0,3.65789e-07
0,0,-1.04497e-08
0,0,5.03603e-07
0,0,-2.39558e-07
0,0,1.25879e-07
0,0,-2.59398e-07
0,0,2.16319e-07
0,0,-5.24841e-07
0,0,4.3189e-08
0,0,-3.80296e-07
0,0,5.28867e-07
0,0,-3.70377e-07
0,0,2.92039e-07
0,0,-4.17227e-07
