mx,my,mz
0,0,3.07136e-06
0,0,-3.10259e-06
0,0,3.18634e-06
0,0,-3.21352e-06
0,0,-2.7884e-06
0,0,2.86389e-06
0,0,-2.94374e-06
0,0,2.92538e-06
0,0,2.72216e-06
0,0,-2.82565e-06
0,0,2.94284e-06
0,0,-2.87945e-06
0,0,-2.73428e-06
0,0,2.81903e-06
0,0,-2.93398e-06
0,0,2.90593e-06
