mx,my,mz
0,0,0.263432
0,0,-0.263432
0,0,0.263432
0,0,-0.263432
0,0,-0.263432
0,0,0.263432
0,0,-0.263432
0,0,0.263432
0,0,0.263432
0,0,-0.263432
0,0,0.263432
0,0,-0.263432
0,0,-0.263432
0,0,0.263432
0,0,-0.263432
0,0,0.263432
