mx,my,mz
0,0,-9.14478e-06
0,0,9.14392e-06
0,0,-9.14191e-06
0,0,9.13984e-06
0,0,9.13621e-06
0,0,-9.14407e-06
0,0,9.14505e-06
0,0,-9.13426e-06
0,0,-9.14162e-06
0,0,9.13976e-06
0,0,-9.14477e-06
0,0,9.14371e-06
0,0,9.14495e-06
0,0,-9.13437e-06
0,0,9.1364e-06
0,0,-9.14405e-06
