mx,my,mz
0,0,-0.227847
0,0,0.227847
0,0,0.238364
0,0,-0.238364
0,0,0.227847
0,0,-0.227847
0,0,0.227847
0,0,-0.227847
0,0,0.238369
0,0,-0.238369
0,0,-0.227847
0,0,0.227847
0,0,0.227847
0,0,-0.227847
0,0,0.227847
0,0,-0.227847
