mx,my,mz
0,0,5.24063e-06
0,0,-5.23198e-06
0,0,5.23273e-06
0,0,-5.23749e-06
0,0,-5.23677e-06
0,0,5.23323e-06
0,0,-5.23022e-06
0,0,5.22989e-06
0,0,5.23277e-06
0,0,-5.23811e-06
0,0,5.24091e-06
0,0,-5.23168e-06
0,0,-5.23093e-06
0,0,5.23117e-06
0,0,-5.23772e-06
0,0,5.2336e-06
