mx,my,mz
0,0,-0.305021
0,0,0.305021
0,0,-0.305021
0,0,0.305021
0,0,0.305021
0,0,-0.305021
0,0,0.305021
0,0,-0.305021
0,0,-0.305021
0,0,0.305021
0,0,-0.305021
0,0,0.305021
0,0,0.305021
0,0,-0.305021
0,0,0.305021
0,0,-0.305021
