mx,my,mz
0,0,0.17504
0,0,-0.274333
0,0,0.17504
0,0,0.175036
0,0,0.17504
0,0,-0.274333
0,0,0.17504
0,0,0.175037
0,0,0.175037
0,0,0.175039
0,0,0.175037
0,0,-0.274332
0,0,0.175037
0,0,0.17504
0,0,0.175037
0,0,-0.274332
