mx,my,mz
0,0,0.304589
0,0,-0.304589
0,0,0.304589
0,0,-0.304589
0,0,-0.304589
0,0,0.304589
0,0,-0.304589
0,0,0.304589
0,0,0.304589
0,0,-0.304589
0,0,0.304589
0,0,-0.304589
0,0,-0.304589
0,0,0.304589
0,0,-0.304589
0,0,0.304589
