mx,my,mz
0,0,0.17501
0,0,-0.274217
0,0,0.17501
0,0,0.175006
0,0,0.175011
0,0,-0.274217
0,0,0.175011
0,0,0.175008
0,0,0.175007
0,0,0.175009
0,0,0.175007
0,0,-0.274216
0,0,0.175008
0,0,0.17501
0,0,0.175008
0,0,-0.274216
