mx,my,mz
0,0,-4.28819e-06
0,0,4.2892e-06
0,0,-4.28621e-06
0,0,4.28005e-06
0,0,4.31488e-06
0,0,-4.31723e-06
0,0,4.31138e-06
0,0,-4.30448e-06
0,0,-4.30219e-06
0,0,4.30518e-06
0,0,-4.29977e-06
0,0,4.29157e-06
0,0,4.29844e-06
0,0,-4.30074e-06
0,0,4.29836e-06
0,0,-4.29086e-06
