mx,my,mz
0,0,0.238378
0,0,-0.20861
0,0,0.0331454
0,0,-0.192474
0,0,0.0200391
0,0,-0.0272518
0,0,0.290777
0,0,-0.289091
0,0,0.336914
0,0,-0.207596
0,0,0.298691
0,0,-0.0543987
0,0,0.158001
0,0,-0.111657
0,0,0.308436
0,0,-0.138698
