mx,my,mz
0,0,-0.223805
0,0,0.223804
0,0,-0.223805
0,0,0.223805
0,0,0.223805
0,0,-0.223805
0,0,0.223805
0,0,-0.223805
0,0,-0.223805
0,0,0.223805
0,0,-0.223805
0,0,0.223804
0,0,0.223805
0,0,-0.223805
0,0,0.223805
0,0,-0.223805
