mx,my,mz
0,0,-3.17621e-05
0,0,3.17658e-05
0,0,-3.17683e-05
0,0,3.17751e-05
0,0,3.1768e-05
0,0,-3.17674e-05
0,0,3.17577e-05
0,0,-3.17689e-05
0,0,-3.17683e-05
0,0,3.17751e-05
0,0,-3.17621e-05
0,0,3.17658e-05
0,0,3.17577e-05
0,0,-3.17689e-05
0,0,3.1768e-05
0,0,-3.17674e-05
