mx,my,mz
0,0,-0.0396838
0,0,0.0396838
0,0,-0.0396838
0,0,0.0396838
0,0,0.0396838
0,0,-0.0396838
0,0,0.0396838
0,0,-0.0396838
0,0,-0.0396838
0,0,0.0396838
0,0,-0.0396838
0,0,0.0396838
0,0,0.0396838
0,0,-0.0396838
0,0,0.0396838
0,0,-0.0396838
