mx,my,mz
-0.148811,0.140285,-0.0439536
0.148811,-0.140285,0.0439536
-0.148811,0.140285,-0.0439536
0.148811,-0.140285,0.0439536
0.148811,-0.140285,0.0439537
-0.148811,0.140285,-0.0439537
0.148811,-0.140285,0.0439537
-0.148811,0.140285,-0.0439537
-0.148811,0.140285,-0.0439536
0.148811,-0.140285,0.0439536
-0.148811,0.140285,-0.0439536
0.148811,-0.140285,0.0439536
0.148811,-0.140285,0.0439537
-0.148811,0.140285,-0.0439537
0.148811,-0.140285,0.0439537
-0.148811,0.140285,-0.0439537
