mx,my,mz
0,0,-5.32922e-06
0,0,5.33183e-06
0,0,-5.31945e-06
0,0,5.3298e-06
0,0,5.31822e-06
0,0,-5.32552e-06
0,0,5.31913e-06
0,0,-5.32478e-06
0,0,-5.31769e-06
0,0,5.32744e-06
0,0,-5.32806e-06
0,0,5.33127e-06
0,0,5.3201e-06
0,0,-5.32517e-06
0,0,5.31978e-06
0,0,-5.32768e-06
