mx,my,mz
0,0,0.274736
0,0,-0.274736
0,0,0.274736
0,0,-0.274736
0,0,-0.274736
0,0,0.274736
0,0,-0.274736
0,0,0.274736
0,0,0.274736
0,0,-0.274736
0,0,0.274736
0,0,-0.274736
0,0,-0.274736
0,0,0.274736
0,0,-0.274736
0,0,0.274736
