mx,my,mz
0,0,3.98555e-07
0,0,-3.87905e-07
0,0,9.22488e-08
0,0,-2.79456e-07
0,0,6.03397e-07
0,0,-3.61768e-07
0,0,2.26215e-07
0,0,-4.04628e-07
0,0,3.12125e-07
0,0,-8.80639e-08
0,0,3.36679e-07
0,0,-4.25681e-07
0,0,3.45486e-08
0,0,-2.3191e-09
0,0,7.04005e-07
0,0,-2.27781e-07
