mx,my,mz
0,0,0.177628
0,0,-0.177628
0,0,0.177628
0,0,-0.177628
0,0,-0.177628
0,0,0.177629
0,0,-0.177628
0,0,0.177628
0,0,0.177628
0,0,-0.177628
0,0,0.177628
0,0,-0.177628
0,0,-0.177628
0,0,0.177628
0,0,-0.177628
0,0,0.177629
