mx,my,mz
0.136664,-0.226917,-0.151162
-0.136662,0.226918,0.151163
0.136665,-0.226915,-0.151164
-0.13666,0.226918,0.151163
-0.13666,0.226917,0.151166
0.136661,-0.226916,-0.151166
-0.136661,0.226917,0.151164
0.136663,-0.226915,-0.151165
0.136665,-0.226915,-0.151164
-0.13666,0.226918,0.151163
0.136664,-0.226917,-0.151162
-0.136662,0.226918,0.151163
-0.136661,0.226917,0.151164
0.136663,-0.226915,-0.151165
-0.136659,0.226917,0.151166
0.136661,-0.226916,-0.151166
