mx,my,mz
0,0,-3.43845e-06
0,0,3.44171e-06
0,0,-3.43769e-06
0,0,3.44202e-06
0,0,3.47201e-06
0,0,-3.44817e-06
0,0,3.44021e-06
0,0,-3.47137e-06
0,0,-3.41084e-06
0,0,3.37486e-06
0,0,-3.3705e-06
0,0,3.4116e-06
0,0,3.44112e-06
0,0,-3.43406e-06
0,0,3.43232e-06
0,0,-3.44604e-06
