mx,my,mz
-0.0227802,-0.0428804,0.301777
0.022801,0.0428814,-0.301775
-0.0227966,-0.0428589,0.301778
0.0228059,0.0428745,-0.301776
0.0228059,0.0428827,-0.301774
-0.0227815,-0.0428637,0.301779
0.0228094,0.0428846,-0.301774
-0.022786,-0.042859,0.301779
-0.0227966,-0.0428588,0.301778
0.0228056,0.0428743,-0.301776
-0.0227802,-0.0428803,0.301777
0.0228013,0.0428815,-0.301775
0.0228093,0.0428846,-0.301774
-0.0227856,-0.0428588,0.301779
0.0228058,0.0428827,-0.301774
-0.0227818,-0.042864,0.301779
