mx,my,mz
0,0,0.202104
0,0,-0.202104
0,0,0.202104
0,0,-0.202104
0,0,-0.202104
0,0,0.202104
0,0,-0.202104
0,0,0.202104
0,0,0.202104
0,0,-0.202104
0,0,0.202104
0,0,-0.202104
0,0,-0.202104
0,0,0.202104
0,0,-0.202104
0,0,0.202104
