mx,my,mz
0,0,-0.259676
0,0,0.259676
0,0,-0.259676
0,0,0.259676
0,0,0.259676
0,0,-0.259676
0,0,0.259676
0,0,-0.259676
0,0,-0.259676
0,0,0.259676
0,0,-0.259676
0,0,0.259676
0,0,0.259676
0,0,-0.259676
0,0,0.259676
0,0,-0.259676
