mx,my,mz
0,0,-1.40059e-05
0,0,1.40147e-05
0,0,-1.40175e-05
0,0,1.40046e-05
0,0,1.40173e-05
0,0,-1.40164e-05
0,0,1.40129e-05
0,0,-1.40096e-05
0,0,-1.40175e-05
0,0,1.40046e-05
0,0,-1.40059e-05
0,0,1.40147e-05
0,0,1.40129e-05
0,0,-1.40096e-05
0,0,1.40173e-05
0,0,-1.40164e-05
