mx,my,mz
0,0,-1.56606e-06
0,0,1.26949e-06
0,0,-1.39784e-06
0,0,1.22864e-06
0,0,2.62156e-06
0,0,-2.51843e-06
0,0,2.36425e-06
0,0,-2.28042e-06
0,0,-1.68778e-06
0,0,1.55674e-06
0,0,-1.2178e-06
0,0,1.0642e-06
0,0,2.00697e-06
0,0,-1.74661e-06
0,0,1.67104e-06
0,0,-1.63562e-06
