mx,my,mz
0,0,2.81681e-05
0,0,-2.81779e-05
0,0,2.81679e-05
0,0,-2.81727e-05
0,0,-2.81723e-05
0,0,2.81741e-05
0,0,-2.8171e-05
0,0,2.81838e-05
0,0,2.81679e-05
0,0,-2.81727e-05
0,0,2.81681e-05
0,0,-2.81779e-05
0,0,-2.8171e-05
0,0,2.81838e-05
0,0,-2.81723e-05
0,0,2.81741e-05
