mx,my,mz
-0.190823,0.162269,-0.150194
0.190825,-0.162265,0.150196
-0.19082,0.16227,-0.150197
0.190825,-0.162267,0.150195
0.190823,-0.162266,0.150199
-0.190822,0.162267,-0.150198
0.190824,-0.162265,0.150199
-0.190821,0.162267,-0.150199
-0.19082,0.16227,-0.150197
0.190825,-0.162267,0.150195
-0.190823,0.162269,-0.150194
0.190825,-0.162265,0.150196
0.190824,-0.162265,0.150199
-0.190821,0.162267,-0.150199
0.190823,-0.162266,0.150199
-0.190822,0.162267,-0.150198
