mx,my,mz
0,0,7.84532e-08
0,0,-8.07672e-08
0,0,2.55605e-07
0,0,-1.86198e-07
0,0,5.83719e-09
0,0,-5.08375e-07
0,0,1.10214e-07
0,0,-5.23139e-07
0,0,2.17725e-07
0,0,-5.01865e-07
0,0,2.15483e-07
0,0,-4.28139e-07
0,0,2.54552e-07
0,0,-2.2624e-08
0,0,4.62888e-07
0,0,-1.1479e-08
