mx,my,mz
0,0,0.227172
0,0,0.229157
0,0,-0.229156
0,0,-0.227172
0,0,0.229157
0,0,-0.229157
0,0,0.229157
0,0,-0.229157
0,0,-0.229157
0,0,-0.227168
0,0,0.227168
0,0,0.229157
0,0,0.229157
0,0,-0.229157
0,0,0.229157
0,0,-0.229157
