mx,my,mz
0,0,5.77616e-07
0,0,-1.51208e-07
0,0,1.9521e-08
0,0,-6.44918e-07
0,0,9.26784e-08
0,0,-5.84721e-07
0,0,8.70599e-08
0,0,-5.89022e-07
0,0,2.5124e-07
0,0,-5.14805e-07
0,0,1.36185e-08
0,0,-6.05227e-07
0,0,2.70335e-07
0,0,-4.81247e-07
0,0,2.91703e-07
0,0,-3.25696e-07
