mx,my,mz
0,0,-0.216758
0,0,0.216758
0,0,-0.216758
0,0,0.216758
0,0,0.216758
0,0,-0.216758
0,0,0.216758
0,0,-0.216758
0,0,-0.216758
0,0,0.216758
0,0,-0.216758
0,0,0.216758
0,0,0.216758
0,0,-0.216758
0,0,0.216758
0,0,-0.216758
