mx,my,mz
0,0,0.238287
0,0,-0.20853
0,0,0.0331326
0,0,-0.192399
0,0,0.0200314
0,0,-0.0272413
0,0,0.290665
0,0,-0.28898
0,0,0.336784
0,0,-0.207515
0,0,0.298576
0,0,-0.0543777
0,0,0.15794
0,0,-0.111614
0,0,0.308317
0,0,-0.138645
