mx,my,mz
-0.132421,0.103953,-0.255079
0.132428,-0.103939,0.255081
-0.132412,0.103955,-0.255083
0.132429,-0.103936,0.255082
0.132426,-0.103945,0.25508
-0.132417,0.103946,-0.255084
0.132422,-0.103945,0.255081
-0.132416,0.103946,-0.255085
-0.132413,0.103955,-0.255083
0.132429,-0.103936,0.255082
-0.132421,0.103953,-0.255079
0.132428,-0.103939,0.255081
0.132423,-0.103945,0.255081
-0.132416,0.103946,-0.255084
0.132426,-0.103945,0.25508
-0.132417,0.103946,-0.255084
