mx,my,mz
0.272479,-0.105427,0.0414011
-0.272477,0.105432,-0.0414021
0.272479,-0.105426,0.0414023
-0.272479,0.105427,-0.0414027
-0.272479,0.10543,-0.0413976
0.272479,-0.105427,0.0413996
-0.272478,0.10543,-0.0413991
0.272479,-0.105429,0.0413975
0.272479,-0.105426,0.0414023
-0.272479,0.105427,-0.0414027
0.272479,-0.105427,0.0414012
-0.272477,0.105432,-0.0414022
-0.272478,0.10543,-0.0413991
0.272479,-0.105429,0.0413975
-0.272479,0.10543,-0.0413977
0.272479,-0.105427,0.0413996
