mx,my,mz
0,0,-1.12907e-05
0,0,1.12916e-05
0,0,-1.13027e-05
0,0,1.12913e-05
0,0,1.12845e-05
0,0,-1.12828e-05
0,0,1.13003e-05
0,0,-1.12916e-05
0,0,-1.13027e-05
0,0,1.12913e-05
0,0,-1.12907e-05
0,0,1.12916e-05
0,0,1.13003e-05
0,0,-1.12916e-05
0,0,1.12845e-05
0,0,-1.12828e-05
