mx,my,mz
0,0,5.01687e-06
0,0,-5.01e-06
0,0,5.01027e-06
0,0,-5.00769e-06
0,0,-5.01202e-06
0,0,5.00557e-06
0,0,-5.01929e-06
0,0,5.01631e-06
0,0,5.01045e-06
0,0,-5.00888e-06
0,0,5.01784e-06
0,0,-5.00996e-06
0,0,-5.01923e-06
0,0,5.01726e-06
0,0,-5.01275e-06
0,0,5.00529e-06
