mx,my,mz
0,0,0.172303
0,0,-0.172303
0,0,0.172303
0,0,-0.172303
0,0,-0.172303
0,0,0.172303
0,0,-0.172303
0,0,0.172303
0,0,0.172303
0,0,-0.172303
0,0,0.172303
0,0,-0.172303
0,0,-0.172303
0,0,0.172303
0,0,-0.172303
0,0,0.172303
