mx,my,mz
0,0,-3.67931e-06
0,0,3.69945e-06
0,0,-3.70453e-06
0,0,3.65853e-06
0,0,3.76802e-06
0,0,-3.77321e-06
0,0,3.73702e-06
0,0,-3.70832e-06
0,0,-3.75128e-06
0,0,3.73791e-06
0,0,-3.72444e-06
0,0,3.71138e-06
0,0,3.76883e-06
0,0,-3.77075e-06
0,0,3.79397e-06
0,0,-3.76576e-06
