mx,my,mz
0.195153,-0.222042,0.0747563
-0.19515,0.222045,-0.0747559
0.195152,-0.222043,0.0747545
-0.195151,0.222044,-0.0747546
-0.19515,0.222046,-0.0747521
0.195153,-0.222043,0.0747523
-0.195151,0.222045,-0.0747522
0.195154,-0.222043,0.0747507
0.195152,-0.222043,0.0747545
-0.195151,0.222044,-0.0747546
0.195153,-0.222042,0.0747562
-0.195149,0.222045,-0.0747558
-0.19515,0.222046,-0.0747522
0.195155,-0.222042,0.0747507
-0.19515,0.222046,-0.0747521
0.195153,-0.222043,0.0747523
