mx,my,mz
0,0,0.304337
0,0,-0.304337
0,0,0.304337
0,0,-0.304337
0,0,-0.304337
0,0,0.304337
0,0,-0.304337
0,0,0.304337
0,0,0.304337
0,0,-0.304337
0,0,0.304337
0,0,-0.304337
0,0,-0.304337
0,0,0.304337
0,0,-0.304337
0,0,0.304337
