mx,my,mz
0,0,-0.303643
0,0,0.303643
0,0,-0.303643
0,0,0.303643
0,0,0.303643
0,0,-0.303643
0,0,0.303643
0,0,-0.303643
0,0,-0.303643
0,0,0.303643
0,0,-0.303643
0,0,0.303643
0,0,0.303643
0,0,-0.303643
0,0,0.303643
0,0,-0.303643
