mx,my,mz
0,0,1.07196e-05
0,0,-1.07277e-05
0,0,1.0731e-05
0,0,-1.07176e-05
0,0,-1.07325e-05
0,0,1.07194e-05
0,0,-1.07212e-05
0,0,1.07291e-05
0,0,1.0731e-05
0,0,-1.07176e-05
0,0,1.07196e-05
0,0,-1.07277e-05
0,0,-1.07212e-05
0,0,1.07291e-05
0,0,-1.07325e-05
0,0,1.07194e-05
