mx,my,mz
-0.171146,0.221747,0.010355
0.171147,-0.221746,-0.0103552
-0.171144,0.221748,0.0103564
0.171146,-0.221746,-0.0103551
0.171148,-0.221745,-0.010353
-0.171145,0.221748,0.0103533
0.171147,-0.221746,-0.0103518
-0.171146,0.221747,0.0103502
-0.171144,0.221748,0.0103565
0.171146,-0.221746,-0.0103552
-0.171146,0.221747,0.0103551
0.171147,-0.221746,-0.0103553
0.171147,-0.221746,-0.0103519
-0.171146,0.221747,0.0103503
0.171148,-0.221745,-0.010353
-0.171145,0.221748,0.0103533
