mx,my,mz
0,0,-0.252095
0,0,0.252095
0,0,-0.252095
0,0,0.252096
0,0,0.252096
0,0,-0.252095
0,0,0.252095
0,0,-0.252095
0,0,-0.252095
0,0,0.252096
0,0,-0.252095
0,0,0.252095
0,0,0.252095
0,0,-0.252095
0,0,0.252096
0,0,-0.252095
