mx,my,mz
0.0171117,0.157134,0.156009
-0.0171117,-0.157134,-0.156009
0.0171117,0.157134,0.156009
-0.0171117,-0.157134,-0.156009
-0.0171117,-0.157134,-0.156009
0.0171117,0.157134,0.156009
-0.0171117,-0.157134,-0.156009
0.0171117,0.157134,0.156009
0.0171117,0.157134,0.156009
-0.0171117,-0.157134,-0.156009
0.0171117,0.157134,0.156009
-0.0171117,-0.157134,-0.156009
-0.0171117,-0.157134,-0.156009
0.0171117,0.157134,0.156009
-0.0171117,-0.157134,-0.156009
0.0171117,0.157134,0.156009
