mx,my,mz
0,0,-9.18544e-06
0,0,9.19821e-06
0,0,-9.19422e-06
0,0,9.1908e-06
0,0,9.19109e-06
0,0,-9.20034e-06
0,0,9.19262e-06
0,0,-9.19272e-06
0,0,-9.19387e-06
0,0,9.1907e-06
0,0,-9.18544e-06
0,0,9.19795e-06
0,0,9.1925e-06
0,0,-9.19286e-06
0,0,9.19133e-06
0,0,-9.20032e-06
