mx,my,mz
0,0,0.238548
0,0,0.227821
0,0,-0.227821
0,0,-0.238548
0,0,0.227821
0,0,-0.227821
0,0,0.227821
0,0,-0.227821
0,0,-0.227821
0,0,-0.238552
0,0,0.238552
0,0,0.227821
0,0,0.227821
0,0,-0.227821
0,0,0.227821
0,0,-0.227821
