mx,my,mz
0,0,0.151426
0,0,-0.151426
0,0,0.151426
0,0,-0.151426
0,0,-0.151426
0,0,0.151426
0,0,-0.151426
0,0,0.151426
0,0,0.151426
0,0,-0.151426
0,0,0.151426
0,0,-0.151426
0,0,-0.151426
0,0,0.151426
0,0,-0.151426
0,0,0.151426
