mx,my,mz
-0.0929595,0.111956,-0.0353443
0.0929595,-0.111956,0.0353443
-0.0929595,0.111956,-0.0353443
0.0929595,-0.111956,0.0353443
0.0929595,-0.111956,0.0353443
-0.0929595,0.111956,-0.0353443
0.0929595,-0.111956,0.0353443
-0.0929595,0.111956,-0.0353443
-0.0929595,0.111956,-0.0353443
0.0929595,-0.111956,0.0353443
-0.0929595,0.111956,-0.0353443
0.0929595,-0.111956,0.0353443
0.0929595,-0.111956,0.0353443
-0.0929595,0.111956,-0.0353443
0.0929595,-0.111956,0.0353443
-0.0929595,0.111956,-0.0353443
