mx,my,mz
0,0,-0.272571
0,0,0.272571
0,0,-0.272571
0,0,0.272571
0,0,0.272571
0,0,-0.272571
0,0,0.272571
0,0,-0.272571
0,0,-0.272571
0,0,0.272571
0,0,-0.272571
0,0,0.272571
0,0,0.272571
0,0,-0.272571
0,0,0.272571
0,0,-0.272571
