mx,my,mz
0,0,-0.293045
0,0,0.293045
0,0,-0.293045
0,0,0.293045
0,0,0.293045
0,0,-0.293045
0,0,0.293045
0,0,-0.293045
0,0,-0.293045
0,0,0.293045
0,0,-0.293045
0,0,0.293045
0,0,0.293045
0,0,-0.293045
0,0,0.293045
0,0,-0.293045
