mx,my,mz
0,0,-0.227869
0,0,0.227869
0,0,0.238201
0,0,-0.238201
0,0,0.227869
0,0,-0.227869
0,0,0.227869
0,0,-0.227869
0,0,0.238206
0,0,-0.238206
0,0,-0.227869
0,0,0.227869
0,0,0.227869
0,0,-0.227869
0,0,0.227869
0,0,-0.227869
