mx,my,mz
0,0,3.98351e-06
0,0,-3.98372e-06
0,0,3.99008e-06
0,0,-3.97529e-06
0,0,-3.96844e-06
0,0,3.97156e-06
0,0,-3.98433e-06
0,0,3.96717e-06
0,0,3.97236e-06
0,0,-3.97935e-06
0,0,3.99256e-06
0,0,-3.97351e-06
0,0,-3.95024e-06
0,0,3.95302e-06
0,0,-3.95975e-06
0,0,3.94271e-06
