mx,my,mz
0,0,4.50458e-06
0,0,-4.27151e-06
0,0,4.14598e-06
0,0,-4.23587e-06
0,0,-4.35549e-06
0,0,4.07437e-06
0,0,-3.94427e-06
0,0,4.08458e-06
0,0,4.76496e-06
0,0,-4.39696e-06
0,0,4.28671e-06
0,0,-4.52793e-06
0,0,-4.24527e-06
0,0,3.9142e-06
0,0,-3.81389e-06
0,0,4.01191e-06
