mx,my,mz
0,0,-0.154654
0,0,0.154654
0,0,-0.154654
0,0,0.154654
0,0,0.154654
0,0,-0.154654
0,0,0.154654
0,0,-0.154654
0,0,-0.154654
0,0,0.154654
0,0,-0.154654
0,0,0.154654
0,0,0.154654
0,0,-0.154654
0,0,0.154654
0,0,-0.154654
