mx,my,mz
0,0,-1.02083e-05
0,0,1.02117e-05
0,0,-1.02016e-05
0,0,1.02027e-05
0,0,1.01978e-05
0,0,-1.02073e-05
0,0,1.02022e-05
0,0,-1.01972e-05
0,0,-1.02016e-05
0,0,1.02027e-05
0,0,-1.02083e-05
0,0,1.02117e-05
0,0,1.02022e-05
0,0,-1.01972e-05
0,0,1.01978e-05
0,0,-1.02073e-05
