mx,my,mz
0,0,0.286761
0,0,-0.286761
0,0,0.286761
0,0,-0.286761
0,0,-0.286761
0,0,0.286761
0,0,-0.286761
0,0,0.286761
0,0,0.286761
0,0,-0.286761
0,0,0.286761
0,0,-0.286761
0,0,-0.286761
0,0,0.286761
0,0,-0.286761
0,0,0.286761
