mx,my,mz
-0.0584568,-0.248648,0.0665409
0.0584585,0.248648,-0.0665402
-0.0584597,-0.248647,0.0665434
0.0584565,0.248649,-0.0665392
0.0584592,0.248648,-0.0665375
-0.0584563,-0.24865,0.0665355
0.0584585,0.248649,-0.0665369
-0.0584556,-0.24865,0.0665355
-0.0584597,-0.248647,0.0665433
0.0584564,0.248649,-0.0665391
-0.0584566,-0.248648,0.0665408
0.0584584,0.248648,-0.0665401
0.0584584,0.248649,-0.0665369
-0.0584554,-0.24865,0.0665355
0.0584591,0.248648,-0.0665374
-0.0584562,-0.24865,0.0665355
