mx,my,mz
0,0,7.26703e-06
0,0,-7.27682e-06
0,0,7.26395e-06
0,0,-7.26418e-06
0,0,-7.27412e-06
0,0,7.27066e-06
0,0,-7.26766e-06
0,0,7.28116e-06
0,0,7.26391e-06
0,0,-7.26416e-06
0,0,7.26703e-06
0,0,-7.27682e-06
0,0,-7.26763e-06
0,0,7.28114e-06
0,0,-7.27413e-06
0,0,7.27066e-06
