mx,my,mz
0.204786,-0.169732,-0.150601
-0.204784,0.169735,0.150601
0.204786,-0.169733,-0.150599
-0.204784,0.169735,0.1506
-0.204784,0.169734,0.150601
0.204785,-0.169732,-0.150602
-0.204783,0.169733,0.150604
0.204786,-0.169731,-0.150603
0.204786,-0.169733,-0.150599
-0.204784,0.169735,0.1506
0.204786,-0.169732,-0.150601
-0.204784,0.169735,0.150601
-0.204783,0.169733,0.150604
0.204786,-0.169731,-0.150603
-0.204784,0.169734,0.150601
0.204785,-0.169732,-0.150602
