mx,my,mz
0,0,-3.81645e-06
0,0,3.83953e-06
0,0,-3.84138e-06
0,0,3.81592e-06
0,0,3.862e-06
0,0,-3.86446e-06
0,0,3.86077e-06
0,0,-3.85472e-06
0,0,-3.84803e-06
0,0,3.85285e-06
0,0,-3.85237e-06
0,0,3.84185e-06
0,0,3.84964e-06
0,0,-3.87518e-06
0,0,3.87811e-06
0,0,-3.84972e-06
