mx,my,mz
0.17217,-0.137991,0.211524
-0.172165,0.137992,-0.211527
0.17217,-0.13799,0.211525
-0.172168,0.137993,-0.211525
-0.172162,0.137999,-0.211526
0.172171,-0.13799,0.211524
-0.172168,0.137996,-0.211522
0.172171,-0.137992,0.211523
0.17217,-0.13799,0.211525
-0.172168,0.137993,-0.211525
0.17217,-0.137991,0.211524
-0.172165,0.137992,-0.211527
-0.172168,0.137996,-0.211522
0.172171,-0.137992,0.211523
-0.172162,0.137999,-0.211526
0.172171,-0.13799,0.211524
