mx,my,mz
-0.17572,0.128625,-0.20599
0.175728,-0.12862,0.205986
-0.175726,0.128625,-0.205985
0.175728,-0.128618,0.205988
0.175726,-0.128618,0.205989
-0.175724,0.128622,-0.205988
0.175726,-0.12862,0.205988
-0.175722,0.128622,-0.20599
-0.175726,0.128625,-0.205985
0.175728,-0.128618,0.205988
-0.17572,0.128625,-0.20599
0.175728,-0.12862,0.205986
0.175726,-0.12862,0.205988
-0.175722,0.128622,-0.20599
0.175726,-0.128618,0.205989
-0.175724,0.128622,-0.205988
