mx,my,mz
0,0,0.304805
0,0,-0.304805
0,0,0.304805
0,0,-0.304805
0,0,-0.304805
0,0,0.304805
0,0,-0.304805
0,0,0.304805
0,0,0.304805
0,0,-0.304805
0,0,0.304805
0,0,-0.304805
0,0,-0.304805
0,0,0.304805
0,0,-0.304805
0,0,0.304805
