mx,my,mz
0,0,-0.228036
0,0,-0.236937
0,0,0.236937
0,0,0.228038
0,0,0.228037
0,0,-0.228038
0,0,0.228037
0,0,-0.228038
0,0,0.236935
0,0,0.228038
0,0,-0.228036
0,0,-0.236935
0,0,0.228037
0,0,-0.228038
0,0,0.228037
0,0,-0.228038
