mx,my,mz
0,0,-6.36955e-06
0,0,6.36649e-06
0,0,-6.37676e-06
0,0,6.3714e-06
0,0,6.36133e-06
0,0,-6.36788e-06
0,0,6.37907e-06
0,0,-6.36411e-06
0,0,-6.37672e-06
0,0,6.37093e-06
0,0,-6.36902e-06
0,0,6.3664e-06
0,0,6.37944e-06
0,0,-6.36403e-06
0,0,6.3612e-06
0,0,-6.36819e-06
