mx,my,mz
-0.169701,0.23281,0.102115
0.169704,-0.232809,-0.102115
-0.169703,0.23281,0.102113
0.169705,-0.232807,-0.102116
0.169706,-0.232809,-0.102111
-0.169701,0.232811,0.102112
0.169706,-0.232809,-0.10211
-0.169701,0.232812,0.102111
-0.169703,0.23281,0.102113
0.169705,-0.232807,-0.102116
-0.169701,0.23281,0.102115
0.169704,-0.232808,-0.102115
0.169706,-0.232809,-0.10211
-0.169701,0.232812,0.102111
0.169706,-0.232809,-0.102111
-0.169701,0.232811,0.102112
