mx,my,mz
0,0,-0.0940829
0,0,0.0940829
0,0,-0.0940829
0,0,0.0940829
0,0,0.0940829
0,0,-0.0940829
0,0,0.0940829
0,0,-0.0940829
0,0,-0.0940829
0,0,0.0940829
0,0,-0.0940829
0,0,0.0940829
0,0,0.0940829
0,0,-0.0940829
0,0,0.0940829
0,0,-0.0940829
