mx,my,mz
0,0,2.14187e-07
0,0,-3.42748e-08
0,0,4.77119e-07
0,0,-3.67982e-07
0,0,4.63632e-07
0,0,-5.1054e-07
0,0,1.42675e-07
0,0,-8.76799e-09
0,0,2.18011e-07
0,0,-2.74453e-08
0,0,4.04479e-07
0,0,-3.39415e-07
0,0,2.73767e-07
0,0,-1.83959e-07
0,0,1.314e-07
0,0,-2.87328e-07
