mx,my,mz
0,0,-0.0620489
0,0,0.0620489
0,0,-0.0620489
0,0,0.0620489
0,0,0.0620489
0,0,-0.0620489
0,0,0.0620489
0,0,-0.0620489
0,0,-0.0620489
0,0,0.0620489
0,0,-0.0620489
0,0,0.0620489
0,0,0.0620489
0,0,-0.0620489
0,0,0.0620489
0,0,-0.0620489
