mx,my,mz
0,0,6.84996e-09
0,0,-3.93275e-07
0,0,1.41952e-07
0,0,-3.77694e-07
0,0,4.33381e-08
0,0,-2.34459e-07
0,0,9.53976e-08
0,0,-2.43967e-07
0,0,2.22949e-07
0,0,-4.85923e-07
0,0,4.0375e-07
0,0,-4.86787e-07
0,0,5.35813e-07
0,0,-2.21083e-07
0,0,8.32009e-08
0,0,-1.47695e-07
