mx,my,mz
0,0,3.87064e-06
0,0,-3.87143e-06
0,0,3.87871e-06
0,0,-3.8639e-06
0,0,-3.85687e-06
0,0,3.85976e-06
0,0,-3.87146e-06
0,0,3.85511e-06
0,0,3.86118e-06
0,0,-3.86792e-06
0,0,3.8796e-06
0,0,-3.86134e-06
0,0,-3.83775e-06
0,0,3.84111e-06
0,0,-3.84828e-06
0,0,3.83123e-06
