mx,my,mz
-0.104683,0.098996,-0.0679993
0.104683,-0.098996,0.0679993
-0.104683,0.098996,-0.0679993
0.104683,-0.098996,0.0679993
0.104683,-0.098996,0.0679993
-0.104683,0.098996,-0.0679993
0.104683,-0.098996,0.0679993
-0.104683,0.098996,-0.0679993
-0.104683,0.098996,-0.0679993
0.104683,-0.098996,0.0679993
-0.104683,0.098996,-0.0679993
0.104683,-0.098996,0.0679993
0.104683,-0.098996,0.0679993
-0.104683,0.098996,-0.0679993
0.104683,-0.098996,0.0679993
-0.104683,0.098996,-0.0679993
