mx,my,mz
0,0,-0.228102
0,0,-0.236422
0,0,0.236422
0,0,0.228104
0,0,0.228103
0,0,-0.228104
0,0,0.228103
0,0,-0.228104
0,0,0.23642
0,0,0.228104
0,0,-0.228102
0,0,-0.23642
0,0,0.228103
0,0,-0.228104
0,0,0.228103
0,0,-0.228104
