mx,my,mz
0,0,0.284851
0,0,-0.284851
0,0,0.284851
0,0,-0.284851
0,0,-0.284851
0,0,0.284851
0,0,-0.284851
0,0,0.284851
0,0,0.284851
0,0,-0.284851
0,0,0.284851
0,0,-0.284851
0,0,-0.284851
0,0,0.284851
0,0,-0.284851
0,0,0.284851
