mx,my,mz
-0.191056,0.162337,-0.150788
0.191058,-0.162332,0.15079
-0.191053,0.162337,-0.150792
0.191058,-0.162334,0.150789
0.191055,-0.162333,0.150793
-0.191055,0.162334,-0.150792
0.191056,-0.162332,0.150793
-0.191054,0.162334,-0.150794
-0.191053,0.162337,-0.150792
0.191058,-0.162334,0.150789
-0.191056,0.162337,-0.150788
0.191058,-0.162332,0.15079
0.191056,-0.162332,0.150793
-0.191054,0.162334,-0.150794
0.191055,-0.162333,0.150793
-0.191055,0.162334,-0.150792
