mx,my,mz
-0.0556126,0.0643032,0.149861
0.0556126,-0.0643032,-0.149861
-0.0556126,0.0643032,0.149861
0.0556126,-0.0643032,-0.149861
0.0556126,-0.0643032,-0.149861
-0.0556126,0.0643032,0.149861
0.0556126,-0.0643032,-0.149861
-0.0556126,0.0643032,0.149861
-0.0556126,0.0643032,0.149861
0.0556126,-0.0643032,-0.149861
-0.0556126,0.0643032,0.149861
0.0556126,-0.0643032,-0.149861
0.0556126,-0.0643032,-0.149861
-0.0556126,0.0643032,0.149861
0.0556126,-0.0643032,-0.149861
-0.0556126,0.0643032,0.149861
