mx,my,mz
0,0,-0.303784
0,0,0.303784
0,0,-0.303784
0,0,0.303784
0,0,0.303784
0,0,-0.303784
0,0,0.303784
0,0,-0.303784
0,0,-0.303784
0,0,0.303784
0,0,-0.303784
0,0,0.303784
0,0,0.303784
0,0,-0.303784
0,0,0.303784
0,0,-0.303784
