mx,my,mz
0,0,0.224276
0,0,0.229469
0,0,-0.229468
0,0,-0.224276
0,0,0.229469
0,0,-0.229469
0,0,0.229469
0,0,-0.229469
0,0,-0.229469
0,0,-0.224273
0,0,0.224273
0,0,0.229469
0,0,0.229469
0,0,-0.229469
0,0,0.229469
0,0,-0.229469
