mx,my,mz
-0.218858,0.116283,-0.148916
0.21886,-0.116281,0.148916
-0.218857,0.116284,-0.148918
0.218859,-0.11628,0.148917
0.218858,-0.116277,0.148921
-0.218857,0.116281,-0.14892
0.218858,-0.116279,0.148919
-0.218856,0.116281,-0.14892
-0.218857,0.116284,-0.148918
0.218859,-0.11628,0.148917
-0.218858,0.116283,-0.148916
0.21886,-0.116281,0.148916
0.218858,-0.116279,0.148919
-0.218856,0.116282,-0.14892
0.218858,-0.116277,0.148921
-0.218857,0.116281,-0.14892
