mx,my,mz
0,0,5.09399e-07
0,0,-2.57223e-07
0,0,4.92392e-07
0,0,-5.09666e-07
0,0,2.28283e-07
0,0,-6.95606e-07
0,0,5.50751e-08
0,0,-6.87249e-07
0,0,3.02719e-07
0,0,-5.33218e-07
0,0,5.35308e-07
0,0,-4.53345e-08
0,0,2.97311e-07
0,0,-3.4583e-07
0,0,3.56022e-08
0,0,-7.96057e-07
