mx,my,mz
0.0617,0.0832508,0.236275
-0.0616997,-0.0832483,-0.236276
0.0617002,0.0832492,0.236276
-0.0617002,-0.0832469,-0.236276
-0.0616965,-0.0832507,-0.236276
0.0617014,0.0832529,0.236274
-0.0617015,-0.0832492,-0.236275
0.0617047,0.0832489,0.236275
0.0617005,0.083249,0.236276
-0.0617005,-0.0832467,-0.236276
0.0617004,0.0832508,0.236275
-0.0617,-0.0832482,-0.236276
-0.0617016,-0.083249,-0.236275
0.0617048,0.0832487,0.236275
-0.0616966,-0.0832507,-0.236276
0.0617015,0.0832528,0.236274
