mx,my,mz
0.182963,-0.232636,0.0361325
-0.182962,0.232637,-0.0361311
0.182964,-0.232636,0.0361322
-0.182962,0.232638,-0.0361324
-0.182961,0.232638,-0.0361299
0.182964,-0.232636,0.0361303
-0.182961,0.232638,-0.0361304
0.182965,-0.232636,0.0361274
0.182964,-0.232636,0.0361322
-0.182962,0.232638,-0.0361325
0.182963,-0.232636,0.0361326
-0.182962,0.232637,-0.0361311
-0.182961,0.232639,-0.0361304
0.182965,-0.232636,0.0361275
-0.182961,0.232638,-0.0361299
0.182964,-0.232636,0.0361303
