mx,my,mz
0,0,0.28797
0,0,-0.28797
0,0,0.28797
0,0,-0.28797
0,0,-0.28797
0,0,0.28797
0,0,-0.28797
0,0,0.28797
0,0,0.28797
0,0,-0.28797
0,0,0.28797
0,0,-0.28797
0,0,-0.28797
0,0,0.28797
0,0,-0.28797
0,0,0.28797
