mx,my,mz
0.13673,-0.226925,-0.15122
-0.136727,0.226927,0.151221
0.136731,-0.226923,-0.151222
-0.136725,0.226928,0.151221
-0.136724,0.226925,0.151226
0.136726,-0.226924,-0.151225
-0.136726,0.226926,0.151223
0.136729,-0.226923,-0.151224
0.136732,-0.226923,-0.151222
-0.136725,0.226928,0.151221
0.13673,-0.226925,-0.15122
-0.136727,0.226927,0.151221
-0.136726,0.226926,0.151223
0.136729,-0.226923,-0.151224
-0.136724,0.226925,0.151226
0.136726,-0.226924,-0.151225
