mx,my,mz
0,0,0.104998
0,0,-0.104998
0,0,0.104998
0,0,-0.104998
0,0,-0.104998
0,0,0.104998
0,0,-0.104998
0,0,0.104998
0,0,0.104998
0,0,-0.104998
0,0,0.104998
0,0,-0.104998
0,0,-0.104998
0,0,0.104998
0,0,-0.104998
0,0,0.104998
