mx,my,mz
-0.141899,0.165651,-0.210921
0.141904,-0.165645,0.210922
-0.141899,0.165651,-0.210921
0.141903,-0.165647,0.210921
0.1419,-0.165644,0.210926
-0.141896,0.165647,-0.210926
0.141899,-0.165648,0.210923
-0.141898,0.16565,-0.210923
-0.141899,0.165651,-0.210921
0.141904,-0.165647,0.210921
-0.141899,0.165651,-0.210921
0.141904,-0.165645,0.210922
0.1419,-0.165648,0.210923
-0.141898,0.16565,-0.210923
0.1419,-0.165644,0.210926
-0.141896,0.165647,-0.210926
