mx,my,mz
0,0,4.38493e-06
0,0,-4.15397e-06
0,0,4.02921e-06
0,0,-4.11898e-06
0,0,-4.23911e-06
0,0,3.96068e-06
0,0,-3.83142e-06
0,0,3.97105e-06
0,0,4.64256e-06
0,0,-4.27857e-06
0,0,4.16894e-06
0,0,-4.40805e-06
0,0,-4.12977e-06
0,0,3.80223e-06
0,0,-3.7024e-06
0,0,3.89885e-06
