mx,my,mz
0,0,0.219705
0,0,-0.219705
0,0,-0.229963
0,0,0.229963
0,0,0.229963
0,0,-0.229963
0,0,0.229963
0,0,-0.229963
0,0,-0.229963
0,0,0.229963
0,0,0.219704
0,0,-0.219704
0,0,0.229963
0,0,-0.229963
0,0,0.229963
0,0,-0.229963
