mx,my,mz
0,0,0.287673
0,0,-0.287673
0,0,0.287673
0,0,-0.287673
0,0,-0.287673
0,0,0.287673
0,0,-0.287673
0,0,0.287673
0,0,0.287673
0,0,-0.287673
0,0,0.287673
0,0,-0.287673
0,0,-0.287673
0,0,0.287673
0,0,-0.287673
0,0,0.287673
