mx,my,mz
0,0,-0.196742
0,0,0.196742
0,0,-0.196742
0,0,0.196742
0,0,0.196742
0,0,-0.196742
0,0,0.196742
0,0,-0.196742
0,0,-0.196742
0,0,0.196742
0,0,-0.196742
0,0,0.196742
0,0,0.196742
0,0,-0.196742
0,0,0.196742
0,0,-0.196742
