mx,my,mz
0,0,0.238786
0,0,-0.208967
0,0,0.0332021
0,0,-0.192803
0,0,0.0200733
0,0,-0.0272984
0,0,0.291275
0,0,-0.289586
0,0,0.33749
0,0,-0.207951
0,0,0.299201
0,0,-0.0544918
0,0,0.158272
0,0,-0.111848
0,0,0.308963
0,0,-0.138935
