mx,my,mz
0,0,-0.207215
0,0,0.207215
0,0,-0.207215
0,0,0.207215
0,0,0.207215
0,0,-0.207215
0,0,0.207215
0,0,-0.207215
0,0,-0.207215
0,0,0.207215
0,0,-0.207215
0,0,0.207215
0,0,0.207215
0,0,-0.207215
0,0,0.207215
0,0,-0.207215
