mx,my,mz
-0.155334,0.191857,0.180247
0.155336,-0.191854,-0.180248
-0.155336,0.191857,0.180245
0.155336,-0.191856,-0.180246
0.155338,-0.191857,-0.180243
-0.155335,0.191859,0.180244
0.155338,-0.191856,-0.180244
-0.155333,0.191859,0.180245
-0.155336,0.191857,0.180245
0.155336,-0.191856,-0.180246
-0.155334,0.191857,0.180247
0.155336,-0.191854,-0.180248
0.155338,-0.191856,-0.180244
-0.155333,0.191859,0.180245
0.155338,-0.191857,-0.180243
-0.155335,0.191859,0.180244
