mx,my,mz
-0.175402,0.129203,-0.206112
0.175409,-0.129198,0.206109
-0.175407,0.129203,-0.206108
0.175409,-0.129196,0.206111
0.175408,-0.129196,0.206112
-0.175406,0.1292,-0.206111
0.175408,-0.129198,0.20611
-0.175403,0.1292,-0.206113
-0.175407,0.129203,-0.206108
0.175409,-0.129196,0.206111
-0.175402,0.129203,-0.206112
0.175409,-0.129198,0.206109
0.175408,-0.129198,0.20611
-0.175403,0.1292,-0.206113
0.175408,-0.129196,0.206112
-0.175406,0.1292,-0.206111
