mx,my,mz
0.219493,-0.208868,0.0245596
-0.219491,0.208871,-0.0245583
0.219493,-0.208868,0.0245584
-0.219491,0.20887,-0.0245598
-0.219491,0.208871,-0.0245566
0.219493,-0.208869,0.0245567
-0.21949,0.208872,-0.0245556
0.219494,-0.208868,0.0245546
0.219493,-0.208868,0.0245584
-0.219491,0.20887,-0.0245598
0.219493,-0.208868,0.0245596
-0.219491,0.208871,-0.0245583
-0.21949,0.208872,-0.0245556
0.219494,-0.208868,0.0245546
-0.219491,0.208871,-0.0245566
0.219493,-0.208869,0.0245567
