mx,my,mz
0,0,0.225795
0,0,0.229305
0,0,-0.229305
0,0,-0.225795
0,0,0.229305
0,0,-0.229305
0,0,0.229305
0,0,-0.229305
0,0,-0.229305
0,0,-0.225792
0,0,0.225791
0,0,0.229305
0,0,0.229305
0,0,-0.229305
0,0,0.229305
0,0,-0.229305
