mx,my,mz
0,0,4.62773e-06
0,0,-4.39271e-06
0,0,4.26636e-06
0,0,-4.35609e-06
0,0,-4.47546e-06
0,0,4.19156e-06
0,0,-4.06053e-06
0,0,4.20152e-06
0,0,4.89101e-06
0,0,-4.5187e-06
0,0,4.40797e-06
0,0,-4.6515e-06
0,0,-4.36421e-06
0,0,4.02958e-06
0,0,-3.92894e-06
0,0,4.12845e-06
