mx,my,mz
0,0,0.217479
0,0,-0.217479
0,0,-0.230209
0,0,0.230209
0,0,0.230209
0,0,-0.230209
0,0,0.230209
0,0,-0.230209
0,0,-0.230209
0,0,0.230209
0,0,0.217479
0,0,-0.217479
0,0,0.230209
0,0,-0.230209
0,0,0.230209
0,0,-0.230209
