mx,my,mz
0,0,0.280672
0,0,-0.280672
0,0,0.280672
0,0,-0.280672
0,0,-0.280672
0,0,0.280672
0,0,-0.280672
0,0,0.280672
0,0,0.280672
0,0,-0.280672
0,0,0.280672
0,0,-0.280672
0,0,-0.280672
0,0,0.280672
0,0,-0.280672
0,0,0.280672
