mx,my,mz
-0.156106,0.0563803,-0.256669
0.156111,-0.0563704,0.256668
-0.156108,0.0563795,-0.256668
0.156113,-0.0563708,0.256667
0.15611,-0.0563708,0.256668
-0.156104,0.056371,-0.256672
0.156107,-0.0563699,0.256671
-0.156105,0.0563741,-0.256671
-0.156108,0.0563796,-0.256668
0.156113,-0.056371,0.256667
-0.156106,0.0563803,-0.256669
0.156111,-0.0563704,0.256668
0.156107,-0.0563698,0.256671
-0.156105,0.0563741,-0.256671
0.15611,-0.0563706,0.256668
-0.156105,0.0563708,-0.256672
