mx,my,mz
0,0,0.288556
0,0,-0.288556
0,0,0.288556
0,0,-0.288556
0,0,-0.288556
0,0,0.288556
0,0,-0.288556
0,0,0.288556
0,0,0.288556
0,0,-0.288556
0,0,0.288556
0,0,-0.288556
0,0,-0.288556
0,0,0.288556
0,0,-0.288556
0,0,0.288556
