mx,my,mz
0,0,-0.218566
0,0,0.218566
0,0,-0.218566
0,0,0.218566
0,0,0.218566
0,0,-0.218566
0,0,0.218566
0,0,-0.218566
0,0,-0.218566
0,0,0.218566
0,0,-0.218566
0,0,0.218566
0,0,0.218566
0,0,-0.218566
0,0,0.218566
0,0,-0.218566
