mx,my,mz
0,0,5.38888e-07
0,0,-1.41061e-07
0,0,1.81985e-08
0,0,-6.01606e-07
0,0,8.64812e-08
0,0,-5.45543e-07
0,0,8.11398e-08
0,0,-5.49478e-07
0,0,2.34362e-07
0,0,-4.80229e-07
0,0,1.27399e-08
0,0,-5.6461e-07
0,0,2.52127e-07
0,0,-4.48925e-07
0,0,2.72144e-07
0,0,-3.03905e-07
