mx,my,mz
-0.174485,0.24069,-0.0707046
0.174488,-0.240689,0.0707019
-0.174486,0.24069,-0.0707048
0.174489,-0.240688,0.070704
0.174488,-0.240687,0.0707081
-0.174486,0.240689,-0.0707059
0.174488,-0.240687,0.0707078
-0.174486,0.240689,-0.0707069
-0.174486,0.24069,-0.0707048
0.174489,-0.240688,0.070704
-0.174485,0.24069,-0.0707046
0.174488,-0.240689,0.0707019
0.174488,-0.240687,0.0707078
-0.174486,0.240689,-0.070707
0.174488,-0.240687,0.0707081
-0.174486,0.240689,-0.070706
