mx,my,mz
0,0,6.55941e-06
0,0,-6.72945e-06
0,0,6.64098e-06
0,0,-6.51286e-06
0,0,-6.39264e-06
0,0,6.50779e-06
0,0,-6.47433e-06
0,0,6.40293e-06
0,0,6.74513e-06
0,0,-6.85019e-06
0,0,6.72759e-06
0,0,-6.66194e-06
0,0,-6.24264e-06
0,0,6.40917e-06
0,0,-6.23374e-06
0,0,6.11465e-06
