mx,my,mz
-0.132339,0.103896,-0.255149
0.132347,-0.103881,0.255151
-0.132331,0.103898,-0.255152
0.132347,-0.103878,0.255152
0.132345,-0.103887,0.255149
-0.132336,0.103888,-0.255154
0.132341,-0.103888,0.255151
-0.132334,0.103888,-0.255154
-0.132331,0.103898,-0.255152
0.132348,-0.103878,0.255152
-0.132339,0.103896,-0.255149
0.132346,-0.103881,0.255151
0.132341,-0.103888,0.255151
-0.132335,0.103888,-0.255154
0.132344,-0.103887,0.255149
-0.132335,0.103888,-0.255154
