mx,my,mz
-0.218738,0.116874,-0.149178
0.218739,-0.116872,0.149177
-0.218736,0.116875,-0.149179
0.218739,-0.116871,0.149179
0.218738,-0.116868,0.149183
-0.218736,0.116872,-0.149182
0.218738,-0.11687,0.149181
-0.218736,0.116872,-0.149182
-0.218736,0.116875,-0.149179
0.218739,-0.116871,0.149179
-0.218738,0.116874,-0.149178
0.218739,-0.116872,0.149177
0.218738,-0.11687,0.149181
-0.218736,0.116872,-0.149182
0.218737,-0.116868,0.149183
-0.218736,0.116872,-0.149182
