mx,my,mz
0,0,0.304679
0,0,-0.304679
0,0,0.304679
0,0,-0.304679
0,0,-0.304679
0,0,0.304679
0,0,-0.304679
0,0,0.304679
0,0,0.304679
0,0,-0.304679
0,0,0.304679
0,0,-0.304679
0,0,-0.304679
0,0,0.304679
0,0,-0.304679
0,0,0.304679
