mx,my,mz
0,0,7.80599e-08
0,0,-8.0359e-08
0,0,2.54245e-07
0,0,-1.85225e-07
0,0,5.82502e-09
0,0,-5.05741e-07
0,0,1.09632e-07
0,0,-5.20378e-07
0,0,2.16562e-07
0,0,-4.99243e-07
0,0,2.14374e-07
0,0,-4.25917e-07
0,0,2.53217e-07
0,0,-2.24768e-08
0,0,4.60489e-07
0,0,-1.1439e-08
