mx,my,mz
0,0,0.228305
0,0,-0.228305
0,0,0.228304
0,0,-0.228305
0,0,-0.228304
0,0,0.228304
0,0,0.234782
0,0,-0.234782
0,0,0.228305
0,0,-0.228305
0,0,0.228304
0,0,-0.228304
0,0,0.234777
0,0,-0.234777
0,0,-0.228304
0,0,0.228305
