mx,my,mz
0,0,0.238763
0,0,-0.208947
0,0,0.0331989
0,0,-0.192784
0,0,0.0200714
0,0,-0.0272957
0,0,0.291247
0,0,-0.289558
0,0,0.337457
0,0,-0.20793
0,0,0.299173
0,0,-0.0544865
0,0,0.158256
0,0,-0.111837
0,0,0.308933
0,0,-0.138922
