mx,my,mz
0,0,0.239106
0,0,-0.209247
0,0,0.0332465
0,0,-0.193061
0,0,0.0201002
0,0,-0.0273349
0,0,0.291665
0,0,-0.289973
0,0,0.337942
0,0,-0.208229
0,0,0.299602
0,0,-0.0545648
0,0,0.158483
0,0,-0.111998
0,0,0.309377
0,0,-0.139121
