mx,my,mz
0,0,6.85277e-06
0,0,-7.00824e-06
0,0,6.9278e-06
0,0,-6.81094e-06
0,0,-6.69728e-06
0,0,6.802e-06
0,0,-6.77199e-06
0,0,6.70763e-06
0,0,7.02257e-06
0,0,-7.11791e-06
0,0,7.00599e-06
0,0,-6.94705e-06
0,0,-6.56116e-06
0,0,6.71315e-06
0,0,-6.55253e-06
0,0,6.44412e-06
