mx,my,mz
0,0,-0.250228
0,0,0.250228
0,0,-0.250228
0,0,0.250228
0,0,0.250228
0,0,-0.250228
0,0,0.250228
0,0,-0.250228
0,0,-0.250228
0,0,0.250228
0,0,-0.250228
0,0,0.250228
0,0,0.250228
0,0,-0.250228
0,0,0.250228
0,0,-0.250228
