mx,my,mz
0,0,-0.232735
0,0,0.232735
0,0,-0.232735
0,0,0.232735
0,0,0.232735
0,0,-0.232735
0,0,0.232735
0,0,-0.232735
0,0,-0.232735
0,0,0.232735
0,0,-0.232735
0,0,0.232735
0,0,0.232735
0,0,-0.232735
0,0,0.232735
0,0,-0.232735
