mx,my,mz
0,0,6.81164e-09
0,0,-3.88683e-07
0,0,1.4026e-07
0,0,-3.73315e-07
0,0,4.28365e-08
0,0,-2.31739e-07
0,0,9.4284e-08
0,0,-2.41123e-07
0,0,2.20315e-07
0,0,-4.80285e-07
0,0,3.99093e-07
0,0,-4.81106e-07
0,0,5.29574e-07
0,0,-2.18504e-07
0,0,8.22358e-08
0,0,-1.45985e-07
