mx,my,mz
0,0,-0.293282
0,0,0.293282
0,0,-0.293282
0,0,0.293282
0,0,0.293282
0,0,-0.293282
0,0,0.293282
0,0,-0.293282
0,0,-0.293282
0,0,0.293282
0,0,-0.293282
0,0,0.293282
0,0,0.293282
0,0,-0.293282
0,0,0.293282
0,0,-0.293282
