mx,my,mz
0,0,0.24366
0,0,-0.24366
0,0,0.24366
0,0,-0.24366
0,0,-0.24366
0,0,0.24366
0,0,-0.24366
0,0,0.24366
0,0,0.24366
0,0,-0.24366
0,0,0.24366
0,0,-0.24366
0,0,-0.24366
0,0,0.24366
0,0,-0.24366
0,0,0.24366
