mx,my,mz
0,0,0.295504
0,0,-0.295504
0,0,0.295504
0,0,-0.295504
0,0,-0.295504
0,0,0.295504
0,0,-0.295504
0,0,0.295504
0,0,0.295504
0,0,-0.295504
0,0,0.295504
0,0,-0.295504
0,0,-0.295504
0,0,0.295504
0,0,-0.295504
0,0,0.295504
