mx,my,mz
0.245562,-0.152395,0.0904469
-0.24556,0.152399,-0.0904467
0.245562,-0.152396,0.0904453
-0.245559,0.152398,-0.0904505
-0.245561,0.1524,-0.0904431
0.245563,-0.152395,0.0904438
-0.245561,0.152399,-0.090442
0.245562,-0.152397,0.0904438
0.245562,-0.152396,0.0904453
-0.245559,0.152398,-0.0904505
0.245562,-0.152395,0.0904469
-0.24556,0.152399,-0.0904467
-0.245561,0.152399,-0.0904421
0.245562,-0.152397,0.0904438
-0.245561,0.1524,-0.0904431
0.245563,-0.152395,0.0904438
