mx,my,mz
0,0,0.210334
0,0,0.231027
0,0,-0.231027
0,0,-0.210334
0,0,0.231027
0,0,-0.231027
0,0,0.231027
0,0,-0.231027
0,0,-0.231027
0,0,-0.210336
0,0,0.210336
0,0,0.231027
0,0,0.231027
0,0,-0.231027
0,0,0.231027
0,0,-0.231027
