mx,my,mz
0,0,0.221219
0,0,-0.221219
0,0,0.221219
0,0,-0.221219
0,0,-0.221219
0,0,0.221219
0,0,-0.221219
0,0,0.221219
0,0,0.221219
0,0,-0.221219
0,0,0.221219
0,0,-0.221219
0,0,-0.221219
0,0,0.221219
0,0,-0.221219
0,0,0.221219
