mx,my,mz
0,0,0.238493
0,0,-0.20871
0,0,0.0331613
0,0,-0.192566
0,0,0.0200487
0,0,-0.0272649
0,0,0.290917
0,0,-0.28923
0,0,0.337076
0,0,-0.207695
0,0,0.298834
0,0,-0.0544249
0,0,0.158077
0,0,-0.111711
0,0,0.308584
0,0,-0.138765
