mx,my,mz
0,0,0.275789
0,0,-0.175319
0,0,-0.17532
0,0,-0.175319
0,0,-0.17532
0,0,-0.175321
0,0,0.27579
0,0,-0.175321
0,0,-0.175318
0,0,-0.175321
0,0,0.27579
0,0,-0.175321
0,0,0.275789
0,0,-0.17532
0,0,-0.175321
0,0,-0.17532
