mx,my,mz
0.181599,-0.196476,-0.13816
-0.181592,0.196483,0.138159
0.1816,-0.196478,-0.138157
-0.181593,0.196483,0.138158
-0.181594,0.196479,0.138161
0.181596,-0.196478,-0.138161
-0.181595,0.196479,0.138162
0.181598,-0.196477,-0.13816
0.1816,-0.196477,-0.138157
-0.181593,0.196483,0.138158
0.181599,-0.196476,-0.13816
-0.181592,0.196483,0.138159
-0.181595,0.196479,0.138162
0.181598,-0.196477,-0.13816
-0.181594,0.196479,0.138161
0.181596,-0.196478,-0.138161
