mx,my,mz
0.181482,-0.196321,-0.138261
-0.181475,0.196328,0.13826
0.181482,-0.196322,-0.138258
-0.181476,0.196328,0.13826
-0.181477,0.196324,0.138263
0.181479,-0.196323,-0.138262
-0.181477,0.196324,0.138263
0.18148,-0.196322,-0.138261
0.181482,-0.196322,-0.138258
-0.181476,0.196328,0.13826
0.181482,-0.196321,-0.138261
-0.181475,0.196328,0.13826
-0.181477,0.196324,0.138263
0.18148,-0.196322,-0.138261
-0.181477,0.196324,0.138263
0.181479,-0.196323,-0.138262
