mx,my,mz
0,0,-7.19991e-06
0,0,7.18792e-06
0,0,-7.1924e-06
0,0,7.20287e-06
0,0,7.19751e-06
0,0,-7.19401e-06
0,0,7.19302e-06
0,0,-7.195e-06
0,0,-7.19238e-06
0,0,7.2029e-06
0,0,-7.19993e-06
0,0,7.18788e-06
0,0,7.193e-06
0,0,-7.19502e-06
0,0,7.19752e-06
0,0,-7.19397e-06
