mx,my,mz
0,0,-0.125707
0,0,0.125707
0,0,-0.125707
0,0,0.125707
0,0,0.125707
0,0,-0.125707
0,0,0.125707
0,0,-0.125707
0,0,-0.125707
0,0,0.125707
0,0,-0.125707
0,0,0.125707
0,0,0.125707
0,0,-0.125707
0,0,0.125707
0,0,-0.125707
