mx,my,mz
0,0,0.304722
0,0,-0.304722
0,0,0.304722
0,0,-0.304722
0,0,-0.304722
0,0,0.304722
0,0,-0.304722
0,0,0.304722
0,0,0.304722
0,0,-0.304722
0,0,0.304722
0,0,-0.304722
0,0,-0.304722
0,0,0.304722
0,0,-0.304722
0,0,0.304722
