mx,my,mz
0.245643,-0.152178,0.0902855
-0.245641,0.152182,-0.0902854
0.245643,-0.152179,0.090284
-0.24564,0.152181,-0.0902892
-0.245642,0.152182,-0.0902817
0.245644,-0.152178,0.0902825
-0.245642,0.152182,-0.0902807
0.245643,-0.152179,0.0902824
0.245643,-0.152179,0.090284
-0.24564,0.152181,-0.0902892
0.245643,-0.152178,0.0902855
-0.245641,0.152182,-0.0902854
-0.245642,0.152182,-0.0902808
0.245643,-0.15218,0.0902825
-0.245642,0.152182,-0.0902817
0.245644,-0.152178,0.0902825
