mx,my,mz
0,0,3.19105e-06
0,0,-3.2254e-06
0,0,3.31824e-06
0,0,-3.34977e-06
0,0,-2.87448e-06
0,0,2.95898e-06
0,0,-3.04726e-06
0,0,3.02714e-06
0,0,2.80225e-06
0,0,-2.91786e-06
0,0,3.04808e-06
0,0,-2.97719e-06
0,0,-2.814e-06
0,0,2.90896e-06
0,0,-3.03666e-06
0,0,3.00558e-06
