mx,my,mz
0,0,5.07503e-07
0,0,-2.5479e-07
0,0,5.04911e-07
0,0,-4.89535e-07
0,0,2.40555e-07
0,0,-6.69777e-07
0,0,6.26618e-08
0,0,-6.72689e-07
0,0,2.98979e-07
0,0,-5.20995e-07
0,0,5.3859e-07
0,0,-2.72496e-08
0,0,3.02252e-07
0,0,-3.27942e-07
0,0,3.63893e-08
0,0,-7.76719e-07
