mx,my,mz
0,0,5.68294e-06
0,0,-5.67498e-06
0,0,5.67938e-06
0,0,-5.6819e-06
0,0,-5.68604e-06
0,0,5.68539e-06
0,0,-5.68026e-06
0,0,5.67548e-06
0,0,5.67941e-06
0,0,-5.68195e-06
0,0,5.68296e-06
0,0,-5.67498e-06
0,0,-5.68024e-06
0,0,5.67547e-06
0,0,-5.686e-06
0,0,5.68533e-06
