mx,my,mz
0,0,0.238439
0,0,-0.208663
0,0,0.0331538
0,0,-0.192522
0,0,0.0200442
0,0,-0.0272587
0,0,0.290851
0,0,-0.289165
0,0,0.336999
0,0,-0.207648
0,0,0.298766
0,0,-0.0544125
0,0,0.158041
0,0,-0.111685
0,0,0.308514
0,0,-0.138733
