mx,my,mz
-0.133463,0.125647,-0.244596
0.133475,-0.125635,0.244596
-0.133462,0.125644,-0.244598
0.133475,-0.125637,0.244595
0.133471,-0.125631,0.2446
-0.133468,0.125641,-0.244596
0.133471,-0.125635,0.244597
-0.133464,0.125639,-0.2446
-0.133462,0.125644,-0.244598
0.133475,-0.125637,0.244595
-0.133463,0.125647,-0.244596
0.133475,-0.125635,0.244596
0.133471,-0.125635,0.244597
-0.133464,0.125639,-0.2446
0.133471,-0.125631,0.2446
-0.133468,0.125641,-0.244596
