mx,my,mz
0,0,0.238235
0,0,-0.208484
0,0,0.0331254
0,0,-0.192357
0,0,0.020027
0,0,-0.0272353
0,0,0.290602
0,0,-0.288917
0,0,0.336711
0,0,-0.20747
0,0,0.298511
0,0,-0.0543659
0,0,0.157906
0,0,-0.11159
0,0,0.30825
0,0,-0.138615
