mx,my,mz
0.106826,-0.171684,-0.225051
-0.10682,0.171689,0.22505
0.106828,-0.171687,-0.225048
-0.106823,0.171689,0.225049
-0.106822,0.171685,0.225052
0.106826,-0.171682,-0.225053
-0.106824,0.171685,0.225052
0.106825,-0.171684,-0.225052
0.106828,-0.171687,-0.225048
-0.106823,0.171689,0.225049
0.106826,-0.171684,-0.225051
-0.10682,0.171689,0.22505
-0.106824,0.171685,0.225052
0.106825,-0.171684,-0.225051
-0.106822,0.171685,0.225052
0.106826,-0.171682,-0.225053
