mx,my,mz
0.040657,0.170913,-0.0977549
-0.040657,-0.170913,0.0977549
0.040657,0.170913,-0.0977549
-0.040657,-0.170913,0.0977549
-0.040657,-0.170913,0.0977549
0.040657,0.170913,-0.0977549
-0.040657,-0.170913,0.0977549
0.040657,0.170913,-0.0977549
0.040657,0.170913,-0.0977549
-0.040657,-0.170913,0.0977549
0.040657,0.170913,-0.0977549
-0.040657,-0.170913,0.0977549
-0.040657,-0.170913,0.0977549
0.040657,0.170913,-0.0977549
-0.040657,-0.170913,0.0977549
0.040657,0.170913,-0.0977549
