mx,my,mz
0,0,-0.305083
0,0,0.305083
0,0,-0.305083
0,0,0.305083
0,0,0.305083
0,0,-0.305083
0,0,0.305083
0,0,-0.305083
0,0,-0.305083
0,0,0.305083
0,0,-0.305083
0,0,0.305083
0,0,0.305083
0,0,-0.305083
0,0,0.305083
0,0,-0.305083
