mx,my,mz
0,0,-0.227877
0,0,0.227877
0,0,0.238148
0,0,-0.238147
0,0,0.227877
0,0,-0.227877
0,0,0.227877
0,0,-0.227877
0,0,0.238152
0,0,-0.238152
0,0,-0.227877
0,0,0.227876
0,0,0.227877
0,0,-0.227877
0,0,0.227877
0,0,-0.227877
