mx,my,mz
0.202651,-0.221623,0.0569451
-0.202648,0.221625,-0.0569448
0.202651,-0.221624,0.0569431
-0.202649,0.221624,-0.0569451
-0.202649,0.221626,-0.0569406
0.202652,-0.221623,0.0569411
-0.202648,0.221627,-0.056939
0.202652,-0.221623,0.0569397
0.202651,-0.221624,0.056943
-0.202649,0.221624,-0.0569451
0.202651,-0.221623,0.0569451
-0.202648,0.221625,-0.0569448
-0.202649,0.221627,-0.056939
0.202652,-0.221624,0.0569397
-0.202649,0.221626,-0.0569406
0.202652,-0.221623,0.0569411
