mx,my,mz
0,0,3.43231e-05
0,0,-3.43209e-05
0,0,3.43204e-05
0,0,-3.43195e-05
0,0,-3.43062e-05
0,0,3.43167e-05
0,0,-3.43307e-05
0,0,3.43171e-05
0,0,3.43204e-05
0,0,-3.43195e-05
0,0,3.43231e-05
0,0,-3.43209e-05
0,0,-3.43307e-05
0,0,3.43171e-05
0,0,-3.43062e-05
0,0,3.43167e-05
