mx,my,mz
0,0,-3.65078e-06
0,0,3.67415e-06
0,0,-3.67242e-06
0,0,3.65109e-06
0,0,3.69192e-06
0,0,-3.6955e-06
0,0,3.6882e-06
0,0,-3.68562e-06
0,0,-3.67835e-06
0,0,3.68413e-06
0,0,-3.68285e-06
0,0,3.67625e-06
0,0,3.67824e-06
0,0,-3.70389e-06
0,0,3.70634e-06
0,0,-3.68232e-06
