mx,my,mz
0,0,-4.2999e-06
0,0,4.29574e-06
0,0,-4.29392e-06
0,0,4.29237e-06
0,0,4.3197e-06
0,0,-4.32015e-06
0,0,4.31863e-06
0,0,-4.313e-06
0,0,-4.30843e-06
0,0,4.3152e-06
0,0,-4.31042e-06
0,0,4.2979e-06
0,0,4.30688e-06
0,0,-4.30961e-06
0,0,4.30467e-06
0,0,-4.29621e-06
