mx,my,mz
0.0123674,-0.160232,-0.0442864
-0.0123674,0.160232,0.0442864
0.0123674,-0.160232,-0.0442864
-0.0123674,0.160232,0.0442864
-0.0123674,0.160232,0.0442864
0.0123674,-0.160232,-0.0442864
-0.0123674,0.160232,0.0442864
0.0123674,-0.160232,-0.0442864
0.0123674,-0.160232,-0.0442864
-0.0123674,0.160232,0.0442864
0.0123674,-0.160232,-0.0442864
-0.0123674,0.160232,0.0442864
-0.0123674,0.160232,0.0442864
0.0123674,-0.160232,-0.0442864
-0.0123674,0.160232,0.0442864
0.0123674,-0.160232,-0.0442864
