mx,my,mz
0.105252,0.103285,0.156343
-0.105252,-0.103285,-0.156343
0.105252,0.103285,0.156343
-0.105252,-0.103285,-0.156343
-0.105252,-0.103285,-0.156343
0.105252,0.103285,0.156343
-0.105252,-0.103285,-0.156343
0.105252,0.103285,0.156343
0.105252,0.103285,0.156343
-0.105252,-0.103285,-0.156343
0.105252,0.103285,0.156343
-0.105252,-0.103285,-0.156343
-0.105252,-0.103285,-0.156343
0.105252,0.103285,0.156343
-0.105252,-0.103285,-0.156343
0.105252,0.103285,0.156343
