mx,my,mz
0,0,-1.3321e-05
0,0,1.33145e-05
0,0,-1.33076e-05
0,0,1.33028e-05
0,0,1.3315e-05
0,0,-1.33104e-05
0,0,1.33186e-05
0,0,-1.33119e-05
0,0,-1.33076e-05
0,0,1.33028e-05
0,0,-1.3321e-05
0,0,1.33145e-05
0,0,1.33186e-05
0,0,-1.33119e-05
0,0,1.3315e-05
0,0,-1.33104e-05
