mx,my,mz
0,0,-5.91232e-06
0,0,6.06028e-06
0,0,-6.08538e-06
0,0,5.99487e-06
0,0,6.13727e-06
0,0,-6.25008e-06
0,0,6.25523e-06
0,0,-6.20439e-06
0,0,-6.06342e-06
0,0,6.18404e-06
0,0,-6.22676e-06
0,0,6.16927e-06
0,0,6.15136e-06
0,0,-6.30917e-06
0,0,6.36593e-06
0,0,-6.27462e-06
