mx,my,mz
0,0,4.53165e-07
0,0,-2.29443e-07
0,0,4.35715e-07
0,0,-4.56828e-07
0,0,2.00871e-07
0,0,-6.23149e-07
0,0,4.74728e-08
0,0,-6.13825e-07
0,0,2.69608e-07
0,0,-4.76469e-07
0,0,4.75451e-07
0,0,-4.34446e-08
0,0,2.63448e-07
0,0,-3.10615e-07
0,0,3.12974e-08
0,0,-7.11497e-07
