mx,my,mz
0,0,0.227812
0,0,-0.227812
0,0,-0.229087
0,0,0.229087
0,0,0.229088
0,0,-0.229088
0,0,0.229088
0,0,-0.229088
0,0,-0.229088
0,0,0.229088
0,0,0.227808
0,0,-0.227808
0,0,0.229088
0,0,-0.229088
0,0,0.229088
0,0,-0.229088
