mx,my,mz
0,0,0.214944
0,0,0.230493
0,0,-0.230493
0,0,-0.214944
0,0,0.230493
0,0,-0.230493
0,0,0.230493
0,0,-0.230493
0,0,-0.230492
0,0,-0.214948
0,0,0.214948
0,0,0.230492
0,0,0.230493
0,0,-0.230493
0,0,0.230493
0,0,-0.230493
