mx,my,mz
-0.215147,0.217024,-0.00624952
0.21515,-0.217022,0.00625086
-0.215148,0.217023,-0.00625263
0.215151,-0.21702,0.00625241
0.21515,-0.217021,0.00625433
-0.215148,0.217024,-0.00625489
0.21515,-0.217021,0.00625454
-0.215149,0.217022,-0.0062544
-0.215148,0.217023,-0.00625265
0.215151,-0.21702,0.0062524
-0.215147,0.217024,-0.00624952
0.21515,-0.217022,0.00625089
0.21515,-0.217021,0.00625453
-0.215149,0.217022,-0.00625437
0.21515,-0.217021,0.0062543
-0.215148,0.217024,-0.00625488
