mx,my,mz
0,0,0.301112
0,0,-0.301112
0,0,0.301112
0,0,-0.301112
0,0,-0.301112
0,0,0.301112
0,0,-0.301112
0,0,0.301112
0,0,0.301112
0,0,-0.301112
0,0,0.301112
0,0,-0.301112
0,0,-0.301112
0,0,0.301112
0,0,-0.301112
0,0,0.301112
