mx,my,mz
0,0,-9.38672e-06
0,0,9.37271e-06
0,0,-9.38555e-06
0,0,9.39465e-06
0,0,9.4023e-06
0,0,-9.38167e-06
0,0,9.37811e-06
0,0,-9.39384e-06
0,0,-9.38529e-06
0,0,9.39458e-06
0,0,-9.38672e-06
0,0,9.37252e-06
0,0,9.37803e-06
0,0,-9.39395e-06
0,0,9.40248e-06
0,0,-9.38165e-06
