mx,my,mz
0,0,0.239509
0,0,-0.209599
0,0,0.0333024
0,0,-0.193386
0,0,0.020134
0,0,-0.0273809
0,0,0.292156
0,0,-0.290462
0,0,0.338511
0,0,-0.20858
0,0,0.300106
0,0,-0.0546567
0,0,0.15875
0,0,-0.112186
0,0,0.309898
0,0,-0.139356
