mx,my,mz
0,0,0.25743
0,0,-0.25743
0,0,0.25743
0,0,-0.25743
0,0,-0.25743
0,0,0.25743
0,0,-0.25743
0,0,0.25743
0,0,0.25743
0,0,-0.25743
0,0,0.25743
0,0,-0.25743
0,0,-0.25743
0,0,0.25743
0,0,-0.25743
0,0,0.25743
