mx,my,mz
0,0,-0.305489
0,0,0.305489
0,0,-0.305489
0,0,0.305489
0,0,0.305489
0,0,-0.305489
0,0,0.305489
0,0,-0.305489
0,0,-0.305489
0,0,0.305489
0,0,-0.305489
0,0,0.305489
0,0,0.305489
0,0,-0.305489
0,0,0.305489
0,0,-0.305489
