mx,my,mz
0,0,0.234271
0,0,-0.234271
0,0,0.234271
0,0,-0.234271
0,0,-0.234271
0,0,0.234271
0,0,-0.234271
0,0,0.234271
0,0,0.234271
0,0,-0.234271
0,0,0.234271
0,0,-0.234271
0,0,-0.234271
0,0,0.234271
0,0,-0.234271
0,0,0.234271
