mx,my,mz
0,0,-5.3431e-06
0,0,5.34121e-06
0,0,-5.33875e-06
0,0,5.33697e-06
0,0,5.33011e-06
0,0,-5.33463e-06
0,0,5.34124e-06
0,0,-5.33306e-06
0,0,-5.33744e-06
0,0,5.33522e-06
0,0,-5.34223e-06
0,0,5.34079e-06
0,0,5.34197e-06
0,0,-5.33334e-06
0,0,5.33128e-06
0,0,-5.33624e-06
