mx,my,mz
0,0,0.13176
0,0,-0.13176
0,0,0.13176
0,0,-0.13176
0,0,-0.13176
0,0,0.13176
0,0,-0.13176
0,0,0.13176
0,0,0.13176
0,0,-0.13176
0,0,0.13176
0,0,-0.13176
0,0,-0.13176
0,0,0.13176
0,0,-0.13176
0,0,0.13176
