mx,my,mz
-0.155089,0.191725,0.180598
0.155091,-0.191722,-0.180599
-0.155091,0.191726,0.180596
0.155092,-0.191724,-0.180597
0.155093,-0.191726,-0.180594
-0.15509,0.191727,0.180594
0.155093,-0.191725,-0.180595
-0.155089,0.191728,0.180596
-0.155091,0.191726,0.180596
0.155092,-0.191724,-0.180597
-0.155089,0.191725,0.180598
0.155091,-0.191722,-0.180599
0.155094,-0.191725,-0.180595
-0.155089,0.191728,0.180596
0.155093,-0.191726,-0.180594
-0.155091,0.191727,0.180594
