mx,my,mz
0,0,-0.30545
0,0,0.30545
0,0,-0.30545
0,0,0.305449
0,0,0.30545
0,0,-0.30545
0,0,0.30545
0,0,-0.30545
0,0,-0.30545
0,0,0.305449
0,0,-0.30545
0,0,0.30545
0,0,0.30545
0,0,-0.30545
0,0,0.30545
0,0,-0.30545
