mx,my,mz
0,0,0.220722
0,0,-0.220722
0,0,-0.229853
0,0,0.229852
0,0,0.229853
0,0,-0.229853
0,0,0.229853
0,0,-0.229853
0,0,-0.229853
0,0,0.229853
0,0,0.220721
0,0,-0.220721
0,0,0.229853
0,0,-0.229853
0,0,0.229853
0,0,-0.229853
