mx,my,mz
0.219532,-0.209097,0.0245439
-0.21953,0.209099,-0.0245426
0.219532,-0.209097,0.0245427
-0.21953,0.209099,-0.0245441
-0.21953,0.209099,-0.0245409
0.219532,-0.209097,0.024541
-0.219529,0.209101,-0.02454
0.219533,-0.209097,0.0245389
0.219532,-0.209097,0.0245427
-0.21953,0.209099,-0.0245441
0.219532,-0.209097,0.0245439
-0.21953,0.209099,-0.0245426
-0.219529,0.209101,-0.02454
0.219533,-0.209097,0.0245389
-0.21953,0.209099,-0.0245409
0.219532,-0.209097,0.024541
