mx,my,mz
0,0,0.255107
0,0,-0.255107
0,0,0.255107
0,0,-0.255107
0,0,-0.255107
0,0,0.255107
0,0,-0.255107
0,0,0.255107
0,0,0.255107
0,0,-0.255107
0,0,0.255107
0,0,-0.255107
0,0,-0.255107
0,0,0.255107
0,0,-0.255107
0,0,0.255107
