mx,my,mz
-0.195576,0.151178,0.163398
0.195578,-0.151176,-0.163397
-0.195575,0.151179,0.163398
0.195579,-0.151176,-0.163396
0.195581,-0.151177,-0.163394
-0.195579,0.151179,0.163393
0.195582,-0.151174,-0.163395
-0.195579,0.151179,0.163393
-0.195575,0.151179,0.163398
0.195579,-0.151176,-0.163396
-0.195576,0.151178,0.163398
0.195578,-0.151176,-0.163397
0.195582,-0.151174,-0.163395
-0.195579,0.151179,0.163393
0.195581,-0.151177,-0.163394
-0.195579,0.151179,0.163393
