mx,my,mz
-0.0719232,0.162692,0.182034
0.071924,-0.162693,-0.182034
-0.0719219,0.162693,0.182034
0.0719237,-0.162692,-0.182035
0.0719251,-0.162693,-0.182033
-0.0719222,0.162695,0.182032
0.0719233,-0.162693,-0.182033
-0.0719236,0.162695,0.182032
-0.071922,0.162693,0.182034
0.0719238,-0.162692,-0.182035
-0.0719231,0.162692,0.182034
0.0719239,-0.162693,-0.182034
0.0719235,-0.162693,-0.182033
-0.0719237,0.162695,0.182032
0.0719251,-0.162693,-0.182033
-0.0719222,0.162695,0.182033
