mx,my,mz
0,0,-0.240168
0,0,0.240168
0,0,-0.240168
0,0,0.240168
0,0,0.240168
0,0,-0.240168
0,0,0.240168
0,0,-0.240168
0,0,-0.240168
0,0,0.240168
0,0,-0.240168
0,0,0.240168
0,0,0.240168
0,0,-0.240168
0,0,0.240168
0,0,-0.240168
