mx,my,mz
0,0,-3.7376e-06
0,0,3.75852e-06
0,0,-3.76596e-06
0,0,3.71592e-06
0,0,3.83637e-06
0,0,-3.84249e-06
0,0,3.80172e-06
0,0,-3.76919e-06
0,0,-3.81763e-06
0,0,3.80373e-06
0,0,-3.78759e-06
0,0,3.77173e-06
0,0,3.83698e-06
0,0,-3.83827e-06
0,0,3.86505e-06
0,0,-3.83416e-06
