mx,my,mz
0,0,-0.303715
0,0,0.303715
0,0,-0.303715
0,0,0.303715
0,0,0.303715
0,0,-0.303715
0,0,0.303715
0,0,-0.303715
0,0,-0.303715
0,0,0.303715
0,0,-0.303715
0,0,0.303715
0,0,0.303715
0,0,-0.303715
0,0,0.303715
0,0,-0.303715
