mx,my,mz
0.21723,-0.171815,0.129297
-0.217229,0.171817,-0.129296
0.217231,-0.171815,0.129294
-0.217228,0.171817,-0.129298
-0.217229,0.171819,-0.129292
0.217232,-0.171815,0.129293
-0.217229,0.171819,-0.129293
0.217231,-0.171815,0.129294
0.217231,-0.171815,0.129294
-0.217228,0.171817,-0.129298
0.21723,-0.171815,0.129297
-0.217229,0.171817,-0.129296
-0.217229,0.171819,-0.129293
0.217231,-0.171815,0.129294
-0.217229,0.171819,-0.129292
0.217232,-0.171815,0.129293
