mx,my,mz
0,0,-0.088055
0,0,0.088055
0,0,-0.088055
0,0,0.088055
0,0,0.088055
0,0,-0.088055
0,0,0.088055
0,0,-0.088055
0,0,-0.088055
0,0,0.088055
0,0,-0.088055
0,0,0.088055
0,0,0.088055
0,0,-0.088055
0,0,0.088055
0,0,-0.088055
