mx,my,mz
-0.179271,0.194984,0.0981585
0.179274,-0.194981,-0.0981587
-0.179271,0.194983,0.0981592
0.179272,-0.194981,-0.0981605
0.179274,-0.194982,-0.0981554
-0.179271,0.194985,0.0981562
0.179273,-0.194983,-0.098156
-0.17927,0.194985,0.0981561
-0.179271,0.194983,0.0981593
0.179272,-0.194981,-0.0981605
-0.179271,0.194984,0.0981584
0.179274,-0.194981,-0.0981587
0.179273,-0.194983,-0.0981561
-0.17927,0.194985,0.0981562
0.179274,-0.194982,-0.0981554
-0.179271,0.194985,0.0981562
