mx,my,mz
-0.237916,0.179855,0.0644965
0.237918,-0.179852,-0.0644961
-0.237917,0.179854,0.0644966
0.237918,-0.179853,-0.0644959
0.237919,-0.179852,-0.0644935
-0.237917,0.179855,0.064493
0.237919,-0.179853,-0.0644934
-0.237916,0.179857,0.0644915
-0.237917,0.179854,0.0644965
0.237918,-0.179853,-0.0644959
-0.237916,0.179855,0.0644965
0.237918,-0.179852,-0.064496
0.237918,-0.179853,-0.0644934
-0.237916,0.179857,0.0644916
0.237919,-0.179852,-0.0644935
-0.237917,0.179855,0.064493
