mx,my,mz
0,0,3.60378e-07
0,0,-1.82654e-07
0,0,3.45834e-07
0,0,-3.64413e-07
0,0,1.59059e-07
0,0,-4.96939e-07
0,0,3.72755e-08
0,0,-4.88954e-07
0,0,2.14514e-07
0,0,-3.79637e-07
0,0,3.77885e-07
0,0,-3.54707e-08
0,0,2.092e-07
0,0,-2.47956e-07
0,0,2.47404e-08
0,0,-5.66906e-07
