mx,my,mz
0,0,4.14912e-07
0,0,-4.27598e-07
0,0,4.49129e-07
0,0,-1.68522e-07
0,0,1.14436e-07
0,0,-2.06041e-07
0,0,5.4251e-08
0,0,-2.03886e-07
0,0,2.07887e-07
0,0,-3.97679e-07
0,0,1.85097e-07
0,0,-5.49557e-07
0,0,4.90247e-07
0,0,-4.41026e-08
0,0,4.11835e-07
0,0,-4.0685e-07
