mx,my,mz
0,0,0.142922
0,0,-0.142922
0,0,0.142922
0,0,-0.142922
0,0,-0.142922
0,0,0.142922
0,0,-0.142922
0,0,0.142922
0,0,0.142922
0,0,-0.142922
0,0,0.142922
0,0,-0.142922
0,0,-0.142922
0,0,0.142922
0,0,-0.142922
0,0,0.142922
