mx,my,mz
0,0,0.302737
0,0,-0.302737
0,0,0.302737
0,0,-0.302737
0,0,-0.302737
0,0,0.302737
0,0,-0.302737
0,0,0.302737
0,0,0.302737
0,0,-0.302737
0,0,0.302737
0,0,-0.302737
0,0,-0.302737
0,0,0.302737
0,0,-0.302737
0,0,0.302737
