mx,my,mz
0,0,1.54234e-05
0,0,-1.5425e-05
0,0,1.542e-05
0,0,-1.54194e-05
0,0,-1.54267e-05
0,0,1.54257e-05
0,0,-1.54166e-05
0,0,1.54186e-05
0,0,1.542e-05
0,0,-1.54194e-05
0,0,1.54234e-05
0,0,-1.5425e-05
0,0,-1.54166e-05
0,0,1.54186e-05
0,0,-1.54267e-05
0,0,1.54257e-05
