mx,my,mz
0,0,-0.300187
0,0,0.300187
0,0,-0.300187
0,0,0.300187
0,0,0.300187
0,0,-0.300187
0,0,0.300187
0,0,-0.300187
0,0,-0.300187
0,0,0.300187
0,0,-0.300186
0,0,0.300187
0,0,0.300187
0,0,-0.300187
0,0,0.300187
0,0,-0.300187
