mx,my,mz
-0.132304,0.12425,-0.245936
0.132317,-0.124238,0.245935
-0.132303,0.124248,-0.245937
0.132316,-0.124241,0.245934
0.132312,-0.124234,0.24594
-0.132309,0.124245,-0.245936
0.132312,-0.124239,0.245937
-0.132305,0.124242,-0.245939
-0.132303,0.124248,-0.245937
0.132316,-0.124241,0.245934
-0.132304,0.12425,-0.245936
0.132317,-0.124239,0.245935
0.132312,-0.124239,0.245937
-0.132305,0.124243,-0.245939
0.132312,-0.124234,0.24594
-0.132309,0.124245,-0.245936
