mx,my,mz
0.0874791,-0.0201461,0.1577
-0.0874791,0.0201461,-0.1577
0.0874791,-0.0201461,0.1577
-0.0874791,0.0201461,-0.1577
-0.0874791,0.0201461,-0.1577
0.0874791,-0.0201461,0.1577
-0.0874791,0.0201461,-0.1577
0.0874791,-0.0201461,0.1577
0.0874791,-0.0201461,0.1577
-0.0874791,0.0201461,-0.1577
0.0874791,-0.0201461,0.1577
-0.0874791,0.0201461,-0.1577
-0.0874791,0.0201461,-0.1577
0.0874791,-0.0201461,0.1577
-0.0874791,0.0201461,-0.1577
0.0874791,-0.0201461,0.1577
