mx,my,mz
0,0,0.304988
0,0,-0.304988
0,0,0.304988
0,0,-0.304988
0,0,-0.304988
0,0,0.304988
0,0,-0.304988
0,0,0.304988
0,0,0.304988
0,0,-0.304988
0,0,0.304988
0,0,-0.304988
0,0,-0.304988
0,0,0.304988
0,0,-0.304988
0,0,0.304988
