mx,my,mz
0,0,0.236528
0,0,-0.236528
0,0,0.236528
0,0,-0.236528
0,0,-0.236528
0,0,0.236528
0,0,-0.236528
0,0,0.236528
0,0,0.236528
0,0,-0.236528
0,0,0.236528
0,0,-0.236528
0,0,-0.236528
0,0,0.236528
0,0,-0.236528
0,0,0.236528
