mx,my,mz
0,0,-0.267947
0,0,0.267947
0,0,-0.267947
0,0,0.267947
0,0,0.267947
0,0,-0.267947
0,0,0.267947
0,0,-0.267947
0,0,-0.267947
0,0,0.267947
0,0,-0.267947
0,0,0.267947
0,0,0.267947
0,0,-0.267947
0,0,0.267947
0,0,-0.267947
