mx,my,mz
-0.174516,0.24068,-0.0706922
0.174519,-0.240679,0.0706895
-0.174517,0.240679,-0.0706924
0.17452,-0.240677,0.0706916
0.174519,-0.240677,0.0706957
-0.174517,0.240679,-0.0706935
0.174519,-0.240677,0.0706954
-0.174517,0.240679,-0.0706945
-0.174517,0.240679,-0.0706924
0.17452,-0.240677,0.0706916
-0.174516,0.24068,-0.0706922
0.174519,-0.240679,0.0706895
0.174519,-0.240677,0.0706954
-0.174517,0.240679,-0.0706945
0.174519,-0.240677,0.0706957
-0.174517,0.240679,-0.0706936
