mx,my,mz
0,0,0.238296
0,0,-0.208538
0,0,0.0331339
0,0,-0.192407
0,0,0.0200321
0,0,-0.0272423
0,0,0.290677
0,0,-0.288991
0,0,0.336797
0,0,-0.207524
0,0,0.298587
0,0,-0.0543799
0,0,0.157947
0,0,-0.111618
0,0,0.308329
0,0,-0.13865
