mx,my,mz
0,0,0.192258
0,0,-0.192258
0,0,0.192258
0,0,-0.192258
0,0,-0.192258
0,0,0.192258
0,0,-0.192258
0,0,0.192258
0,0,0.192258
0,0,-0.192258
0,0,0.192258
0,0,-0.192258
0,0,-0.192258
0,0,0.192258
0,0,-0.192258
0,0,0.192258
