mx,my,mz
0,0,-0.227982
0,0,-0.237356
0,0,0.237357
0,0,0.227983
0,0,0.227983
0,0,-0.227984
0,0,0.227983
0,0,-0.227984
0,0,0.237354
0,0,0.227984
0,0,-0.227982
0,0,-0.237355
0,0,0.227983
0,0,-0.227984
0,0,0.227983
0,0,-0.227984
