mx,my,mz
0.0221301,-0.269089,-0.0404663
-0.0221259,0.269089,0.0404688
0.0221267,-0.26909,-0.040466
-0.022126,0.269089,0.0404683
-0.0221272,0.269089,0.0404716
0.0221268,-0.269088,-0.0404752
-0.0221273,0.269089,0.0404721
0.02213,-0.269088,-0.0404737
0.0221266,-0.26909,-0.0404661
-0.0221259,0.269089,0.0404683
0.02213,-0.269089,-0.0404662
-0.0221258,0.269089,0.0404687
-0.0221273,0.269089,0.0404721
0.02213,-0.269088,-0.0404737
-0.0221272,0.269089,0.0404716
0.0221267,-0.269088,-0.0404752
