mx,my,mz
0,0,0.283169
0,0,-0.283169
0,0,0.283169
0,0,-0.283169
0,0,-0.283169
0,0,0.283169
0,0,-0.283169
0,0,0.283169
0,0,0.283169
0,0,-0.283169
0,0,0.283169
0,0,-0.283169
0,0,-0.283169
0,0,0.283169
0,0,-0.283169
0,0,0.283169
