mx,my,mz
-0.113035,0.160522,-0.120542
0.113036,-0.160522,0.120542
-0.113036,0.160522,-0.120542
0.113036,-0.160522,0.120542
0.113036,-0.160522,0.120542
-0.113035,0.160522,-0.120542
0.113035,-0.160522,0.120543
-0.113035,0.160522,-0.120543
-0.113036,0.160522,-0.120542
0.113036,-0.160522,0.120542
-0.113035,0.160522,-0.120542
0.113036,-0.160522,0.120542
0.113035,-0.160522,0.120543
-0.113035,0.160522,-0.120543
0.113036,-0.160522,0.120542
-0.113035,0.160522,-0.120542
