mx,my,mz
0,0,2.38823e-05
0,0,-2.38868e-05
0,0,2.3888e-05
0,0,-2.38791e-05
0,0,-2.38855e-05
0,0,2.38826e-05
0,0,-2.38783e-05
0,0,2.3877e-05
0,0,2.3888e-05
0,0,-2.38791e-05
0,0,2.38823e-05
0,0,-2.38868e-05
0,0,-2.38783e-05
0,0,2.3877e-05
0,0,-2.38855e-05
0,0,2.38826e-05
