mx,my,mz
-0.236038,0.167859,0.0932609
0.23604,-0.167856,-0.0932594
-0.236038,0.167859,0.0932603
0.236039,-0.167856,-0.0932612
0.23604,-0.167858,-0.0932564
-0.236038,0.167861,0.0932566
0.236042,-0.167856,-0.0932558
-0.236039,0.16786,0.0932559
-0.236038,0.167859,0.0932603
0.236039,-0.167856,-0.0932612
-0.236038,0.167859,0.093261
0.23604,-0.167856,-0.0932593
0.236042,-0.167856,-0.0932557
-0.236039,0.16786,0.0932559
0.23604,-0.167858,-0.0932564
-0.236038,0.167861,0.0932566
