mx,my,mz
-0.168654,0.0833619,-0.0575315
0.168654,-0.0833619,0.0575315
-0.168654,0.0833619,-0.0575315
0.168654,-0.0833619,0.0575315
0.168654,-0.0833619,0.0575315
-0.168654,0.0833619,-0.0575315
0.168654,-0.0833619,0.0575315
-0.168654,0.0833619,-0.0575315
-0.168654,0.0833619,-0.0575315
0.168654,-0.0833619,0.0575315
-0.168654,0.0833619,-0.0575315
0.168654,-0.0833619,0.0575315
0.168654,-0.0833619,0.0575315
-0.168654,0.0833619,-0.0575315
0.168654,-0.0833619,0.0575315
-0.168654,0.0833619,-0.0575315
