mx,my,mz
-0.166828,0.154689,-0.0791307
0.166829,-0.154688,0.0791306
-0.166829,0.154688,-0.0791297
0.16683,-0.154688,0.0791302
0.166829,-0.154687,0.0791328
-0.166828,0.154688,-0.0791327
0.166829,-0.154687,0.0791325
-0.166828,0.154688,-0.0791329
-0.166829,0.154688,-0.0791298
0.16683,-0.154688,0.0791302
-0.166828,0.154688,-0.0791307
0.166829,-0.154688,0.0791305
0.166829,-0.154687,0.0791326
-0.166828,0.154688,-0.0791329
0.166829,-0.154687,0.0791328
-0.166828,0.154688,-0.0791328
