mx,my,mz
0,0,-1.00394e-06
0,0,4.90239e-07
0,0,4.98303e-07
0,0,7.90393e-08
0,0,2.53594e-06
0,0,-1.70698e-06
0,0,8.81647e-07
0,0,-1.77367e-06
0,0,-1.21691e-06
0,0,3.80063e-08
0,0,1.11903e-07
0,0,1.01438e-06
0,0,1.63485e-06
0,0,-7.90215e-07
0,0,4.65741e-07
0,0,-1.47718e-06
