mx,my,mz
0.0576543,-0.274688,0.0445661
-0.0576526,0.274689,-0.0445635
0.0576555,-0.274688,0.0445661
-0.0576512,0.274689,-0.0445648
-0.0576527,0.274689,-0.044562
0.0576558,-0.274689,0.0445596
-0.0576524,0.27469,-0.0445609
0.0576561,-0.274689,0.0445608
0.0576555,-0.274688,0.0445661
-0.0576512,0.274689,-0.0445648
0.0576543,-0.274688,0.0445661
-0.0576527,0.274689,-0.0445635
-0.0576525,0.27469,-0.0445609
0.0576561,-0.274689,0.0445608
-0.0576528,0.274689,-0.044562
0.0576559,-0.274689,0.0445596
