mx,my,mz
-0.0299161,-0.112091,-0.0534794
0.0299161,0.112091,0.0534794
-0.0299161,-0.112091,-0.0534794
0.0299161,0.112091,0.0534794
0.0299161,0.112091,0.0534794
-0.0299161,-0.112091,-0.0534794
0.0299161,0.112091,0.0534794
-0.0299161,-0.112091,-0.0534794
-0.0299161,-0.112091,-0.0534794
0.0299161,0.112091,0.0534794
-0.0299161,-0.112091,-0.0534794
0.0299161,0.112091,0.0534794
0.0299161,0.112091,0.0534794
-0.0299161,-0.112091,-0.0534794
0.0299161,0.112091,0.0534794
-0.0299161,-0.112091,-0.0534794
