mx,my,mz
0,0,-0.292315
0,0,0.292315
0,0,-0.292315
0,0,0.292315
0,0,0.292315
0,0,-0.292315
0,0,0.292315
0,0,-0.292315
0,0,-0.292315
0,0,0.292315
0,0,-0.292315
0,0,0.292315
0,0,0.292315
0,0,-0.292315
0,0,0.292315
0,0,-0.292315
