mx,my,mz
-0.200914,0.199091,0.03883
0.200918,-0.199088,-0.0388287
-0.200916,0.19909,0.0388296
0.200917,-0.199088,-0.0388296
0.200918,-0.199089,-0.0388254
-0.200915,0.199091,0.0388251
0.200918,-0.199088,-0.0388262
-0.200914,0.199092,0.0388245
-0.200915,0.19909,0.0388296
0.200917,-0.199088,-0.0388296
-0.200914,0.199091,0.03883
0.200918,-0.199088,-0.0388287
0.200918,-0.199088,-0.0388262
-0.200914,0.199092,0.0388245
0.200918,-0.199089,-0.0388254
-0.200915,0.199091,0.0388251
