mx,my,mz
-0.00515646,-0.038898,-0.198241
0.0051565,0.038898,0.198241
-0.00515646,-0.038898,-0.198241
0.00515647,0.0388981,0.198241
0.00515646,0.038898,0.198241
-0.00515645,-0.038898,-0.198241
0.00515645,0.038898,0.198241
-0.00515649,-0.038898,-0.198241
-0.00515646,-0.038898,-0.198241
0.00515647,0.0388981,0.198241
-0.00515646,-0.038898,-0.198241
0.00515649,0.038898,0.198241
0.00515645,0.038898,0.198241
-0.00515649,-0.038898,-0.198241
0.00515646,0.038898,0.198241
-0.00515645,-0.038898,-0.198241
