mx,my,mz
0,0,-0.294204
0,0,0.294204
0,0,-0.294204
0,0,0.294204
0,0,0.294204
0,0,-0.294204
0,0,0.294204
0,0,-0.294204
0,0,-0.294204
0,0,0.294204
0,0,-0.294204
0,0,0.294204
0,0,0.294204
0,0,-0.294204
0,0,0.294204
0,0,-0.294204
