mx,my,mz
0,0,0.239354
0,0,-0.209464
0,0,0.033281
0,0,-0.193261
0,0,0.020121
0,0,-0.0273633
0,0,0.291968
0,0,-0.290275
0,0,0.338293
0,0,-0.208445
0,0,0.299913
0,0,-0.0546215
0,0,0.158648
0,0,-0.112114
0,0,0.309698
0,0,-0.139266
