mx,my,mz
0,0,0.24027
0,0,-0.210266
0,0,0.0334082
0,0,-0.194001
0,0,0.0201978
0,0,-0.0274679
0,0,0.293085
0,0,-0.291385
0,0,0.339587
0,0,-0.209244
0,0,0.30106
0,0,-0.0548307
0,0,0.159255
0,0,-0.112543
0,0,0.310883
0,0,-0.139799
