mx,my,mz
0,0,0.228779
0,0,-0.228779
0,0,0.228779
0,0,-0.228779
0,0,-0.228779
0,0,0.228779
0,0,-0.228779
0,0,0.228779
0,0,0.228779
0,0,-0.228779
0,0,0.228779
0,0,-0.228779
0,0,-0.228779
0,0,0.228779
0,0,-0.228779
0,0,0.228779
