mx,my,mz
0,0,0.27955
0,0,-0.27955
0,0,0.27955
0,0,-0.27955
0,0,-0.27955
0,0,0.27955
0,0,-0.27955
0,0,0.27955
0,0,0.27955
0,0,-0.27955
0,0,0.27955
0,0,-0.27955
0,0,-0.27955
0,0,0.27955
0,0,-0.27955
0,0,0.27955
