mx,my,mz
0,0,0.228414
0,0,-0.228414
0,0,0.228414
0,0,-0.228414
0,0,0.233855
0,0,0.228413
0,0,-0.228414
0,0,-0.233854
0,0,0.228414
0,0,-0.228414
0,0,0.228414
0,0,-0.228413
0,0,-0.228414
0,0,-0.233859
0,0,0.233858
0,0,0.228412
