mx,my,mz
0,0,-1.04389e-05
0,0,1.04484e-05
0,0,-1.04556e-05
0,0,1.04452e-05
0,0,1.04579e-05
0,0,-1.04521e-05
0,0,1.04476e-05
0,0,-1.04525e-05
0,0,-1.04556e-05
0,0,1.04452e-05
0,0,-1.04389e-05
0,0,1.04484e-05
0,0,1.04476e-05
0,0,-1.04525e-05
0,0,1.04579e-05
0,0,-1.04521e-05
