mx,my,mz
0.0166375,0.157946,0.157684
-0.0166374,-0.157946,-0.157684
0.0166375,0.157946,0.157684
-0.0166375,-0.157946,-0.157684
-0.0166375,-0.157946,-0.157684
0.0166375,0.157946,0.157684
-0.0166375,-0.157946,-0.157684
0.0166375,0.157946,0.157683
0.0166375,0.157946,0.157684
-0.0166375,-0.157946,-0.157684
0.0166375,0.157946,0.157684
-0.0166374,-0.157946,-0.157684
-0.0166375,-0.157946,-0.157684
0.0166375,0.157946,0.157683
-0.0166375,-0.157946,-0.157684
0.0166375,0.157946,0.157684
