mx,my,mz
-0.142033,0.165641,-0.210949
0.142039,-0.165635,0.21095
-0.142033,0.165642,-0.210949
0.142038,-0.165637,0.210949
0.142034,-0.165634,0.210954
-0.142031,0.165637,-0.210954
0.142034,-0.165638,0.210951
-0.142032,0.16564,-0.210951
-0.142033,0.165642,-0.210949
0.142038,-0.165637,0.210949
-0.142033,0.165641,-0.210949
0.142039,-0.165635,0.21095
0.142034,-0.165638,0.210951
-0.142032,0.16564,-0.210951
0.142034,-0.165634,0.210954
-0.142031,0.165637,-0.210954
