mx,my,mz
0.204013,-0.207374,-0.00893709
-0.20401,0.207377,0.00893428
0.204012,-0.207374,-0.00893507
-0.204011,0.207375,0.00893582
-0.204012,0.207374,0.00894049
0.204012,-0.207374,-0.00893833
-0.20401,0.207376,0.00893867
0.204013,-0.207373,-0.00893876
0.204013,-0.207374,-0.00893516
-0.204011,0.207375,0.00893592
0.204013,-0.207374,-0.00893713
-0.20401,0.207377,0.0089343
-0.20401,0.207376,0.00893872
0.204013,-0.207373,-0.00893881
-0.204012,0.207374,0.00894048
0.204012,-0.207374,-0.00893831
