mx,my,mz
0,0,7.93795e-08
0,0,-8.16935e-08
0,0,2.58536e-07
0,0,-1.88337e-07
0,0,5.91999e-09
0,0,-5.14232e-07
0,0,1.1146e-07
0,0,-5.29171e-07
0,0,2.20221e-07
0,0,-5.07639e-07
0,0,2.17988e-07
0,0,-4.33066e-07
0,0,2.57459e-07
0,0,-2.28923e-08
0,0,4.68233e-07
0,0,-1.16144e-08
