mx,my,mz
0,0,5.2518e-07
0,0,-1.37474e-07
0,0,1.77636e-08
0,0,-5.86339e-07
0,0,8.428e-08
0,0,-5.31674e-07
0,0,7.90798e-08
0,0,-5.35554e-07
0,0,2.28438e-07
0,0,-4.68044e-07
0,0,1.23888e-08
0,0,-5.50271e-07
0,0,2.45729e-07
0,0,-4.37551e-07
0,0,2.65228e-07
0,0,-2.96171e-07
