mx,my,mz
0,0,-4.19106e-06
0,0,4.1986e-06
0,0,-4.18859e-06
0,0,4.1913e-06
0,0,4.19196e-06
0,0,-4.20159e-06
0,0,4.19583e-06
0,0,-4.1966e-06
0,0,-4.18717e-06
0,0,4.18882e-06
0,0,-4.18881e-06
0,0,4.1974e-06
0,0,4.1909e-06
0,0,-4.19072e-06
0,0,4.18635e-06
0,0,-4.19692e-06
