mx,my,mz
0,0,-0.297271
0,0,0.297271
0,0,-0.297271
0,0,0.297271
0,0,0.297271
0,0,-0.297271
0,0,0.297271
0,0,-0.297271
0,0,-0.297271
0,0,0.297271
0,0,-0.297271
0,0,0.297271
0,0,0.297271
0,0,-0.297271
0,0,0.297271
0,0,-0.297271
