mx,my,mz
0,0,0.149776
0,0,-0.149776
0,0,0.149776
0,0,-0.149776
0,0,-0.149776
0,0,0.149776
0,0,-0.149776
0,0,0.149776
0,0,0.149776
0,0,-0.149776
0,0,0.149776
0,0,-0.149776
0,0,-0.149776
0,0,0.149776
0,0,-0.149776
0,0,0.149776
