mx,my,mz
0,0,0.30334
0,0,-0.30334
0,0,0.30334
0,0,-0.30334
0,0,-0.30334
0,0,0.30334
0,0,-0.30334
0,0,0.30334
0,0,0.30334
0,0,-0.30334
0,0,0.30334
0,0,-0.30334
0,0,-0.30334
0,0,0.30334
0,0,-0.30334
0,0,0.30334
