mx,my,mz
0,0,-0.265481
0,0,0.265481
0,0,-0.265481
0,0,0.265481
0,0,0.265481
0,0,-0.265481
0,0,0.265481
0,0,-0.265481
0,0,-0.265481
0,0,0.265481
0,0,-0.265481
0,0,0.265481
0,0,0.265481
0,0,-0.265481
0,0,0.265481
0,0,-0.265481
