mx,my,mz
0,0,-0.29488
0,0,0.29488
0,0,-0.29488
0,0,0.29488
0,0,-0.29488
0,0,0.29488
0,0,0.29488
0,0,-0.29488
0,0,0.29488
0,0,-0.29488
0,0,0.29488
0,0,-0.29488
0,0,-0.29488
0,0,0.29488
0,0,-0.29488
0,0,0.29488
0,0,-0.29488
0,0,0.29488
0,0,0.29488
0,0,-0.29488
0,0,0.29488
0,0,-0.29488
0,0,0.29488
0,0,-0.29488
0,0,-0.29488
0,0,0.29488
0,0,-0.29488
0,0,0.29488
0,0,-0.29488
0,0,0.29488
0,0,0.29488
0,0,-0.29488
0,0,0.29488
0,0,-0.29488
0,0,0.29488
0,0,-0.29488
