mx,my,mz
0,0,-0.180201
0,0,0.180201
0,0,-0.180201
0,0,0.180201
0,0,0.180201
0,0,-0.180201
0,0,0.180201
0,0,-0.180201
0,0,-0.180201
0,0,0.180201
0,0,-0.180201
0,0,0.180201
0,0,0.180201
0,0,-0.180201
0,0,0.180201
0,0,-0.180201
