mx,my,mz
0,0,-0.148102
0,0,0.148102
0,0,-0.148102
0,0,0.148102
0,0,0.148102
0,0,-0.148102
0,0,0.148102
0,0,-0.148102
0,0,-0.148102
0,0,0.148102
0,0,-0.148102
0,0,0.148102
0,0,0.148102
0,0,-0.148102
0,0,0.148102
0,0,-0.148102
