mx,my,mz
0,0,-0.296706
0,0,0.296706
0,0,-0.296705
0,0,0.296705
0,0,0.296706
0,0,-0.296706
0,0,0.296706
0,0,-0.296706
0,0,-0.296706
0,0,0.296705
0,0,-0.296706
0,0,0.296706
0,0,0.296706
0,0,-0.296706
0,0,0.296706
0,0,-0.296706
