mx,my,mz
0,0,-1.54332e-06
0,0,1.21288e-06
0,0,-1.35968e-06
0,0,1.16809e-06
0,0,2.70627e-06
0,0,-2.59387e-06
0,0,2.42477e-06
0,0,-2.33395e-06
0,0,-1.67648e-06
0,0,1.533e-06
0,0,-1.15839e-06
0,0,9.87461e-07
0,0,2.03394e-06
0,0,-1.74514e-06
0,0,1.66522e-06
0,0,-1.62613e-06
