mx,my,mz
0,0,5.5897e-06
0,0,-5.58563e-06
0,0,5.58163e-06
0,0,-5.59087e-06
0,0,-5.58132e-06
0,0,5.58882e-06
0,0,-5.59215e-06
0,0,5.58984e-06
0,0,5.5814e-06
0,0,-5.59049e-06
0,0,5.58934e-06
0,0,-5.58543e-06
0,0,-5.59217e-06
0,0,5.58971e-06
0,0,-5.58122e-06
0,0,5.58887e-06
