mx,my,mz
0,0,5.39065e-06
0,0,-5.39323e-06
0,0,5.37966e-06
0,0,-5.38422e-06
0,0,-5.38736e-06
0,0,5.39503e-06
0,0,-5.38734e-06
0,0,5.3868e-06
0,0,5.37942e-06
0,0,-5.3838e-06
0,0,5.39027e-06
0,0,-5.39301e-06
0,0,-5.38736e-06
0,0,5.38665e-06
0,0,-5.38725e-06
0,0,5.39509e-06
