mx,my,mz
0,0,0.217877
0,0,-0.0540008
0,0,0.348031
0,0,-0.345785
0,0,0.0483376
0,0,-0.222466
0,0,0.315312
0,0,-0.116691
0,0,0.377719
0,0,-0.208653
0,0,0.0649695
0,0,-0.0896037
0,0,0.366628
0,0,-0.264573
0,0,0.0706622
0,0,-0.25187
