mx,my,mz
0,0,0.300859
0,0,-0.300859
0,0,0.300859
0,0,-0.300859
0,0,-0.300859
0,0,0.300859
0,0,-0.300859
0,0,0.300859
0,0,0.300859
0,0,-0.300859
0,0,0.300859
0,0,-0.300859
0,0,-0.300859
0,0,0.300859
0,0,-0.300859
0,0,0.300859
