mx,my,mz
-0.104095,0.0966001,-0.270641
0.104103,-0.0965833,0.270644
-0.104091,0.0965934,-0.270645
0.104106,-0.0965843,0.270642
0.1041,-0.096584,0.270645
-0.104092,0.0965869,-0.270647
0.104099,-0.0965886,0.270644
-0.104092,0.0965906,-0.270646
-0.10409,0.0965935,-0.270645
0.104106,-0.0965845,0.270642
-0.104095,0.0966002,-0.270641
0.104103,-0.0965834,0.270644
0.104099,-0.0965885,0.270644
-0.104092,0.0965906,-0.270646
0.1041,-0.0965839,0.270645
-0.104093,0.0965868,-0.270647
