mx,my,mz
0,0,-1.15114e-05
0,0,1.15154e-05
0,0,-1.1517e-05
0,0,1.15058e-05
0,0,1.15184e-05
0,0,-1.15124e-05
0,0,1.15147e-05
0,0,-1.15134e-05
0,0,-1.1517e-05
0,0,1.15058e-05
0,0,-1.15114e-05
0,0,1.15154e-05
0,0,1.15147e-05
0,0,-1.15134e-05
0,0,1.15184e-05
0,0,-1.15124e-05
