mx,my,mz
0,0,-1.97595e-05
0,0,1.97573e-05
0,0,-1.97504e-05
0,0,1.9757e-05
0,0,1.975e-05
0,0,-1.97629e-05
0,0,1.97576e-05
0,0,-1.97491e-05
0,0,-1.97504e-05
0,0,1.9757e-05
0,0,-1.97595e-05
0,0,1.97573e-05
0,0,1.97576e-05
0,0,-1.97491e-05
0,0,1.975e-05
0,0,-1.97629e-05
