mx,my,mz
0.236857,-0.182506,-0.0294695
-0.236855,0.182509,0.0294696
0.236857,-0.182507,-0.0294711
-0.236855,0.182509,0.0294696
-0.236854,0.18251,0.0294747
0.236856,-0.182507,-0.0294722
-0.236853,0.182511,0.0294744
0.236856,-0.182507,-0.0294739
0.236857,-0.182507,-0.0294711
-0.236855,0.182509,0.0294696
0.236857,-0.182506,-0.0294695
-0.236855,0.182509,0.0294696
-0.236853,0.182511,0.0294743
0.236856,-0.182507,-0.0294739
-0.236854,0.18251,0.0294747
0.236856,-0.182507,-0.0294722
