mx,my,mz
0,0,4.5028e-06
0,0,-4.29156e-06
0,0,4.17766e-06
0,0,-4.25898e-06
0,0,-4.36686e-06
0,0,4.11181e-06
0,0,-3.99373e-06
0,0,4.12088e-06
0,0,4.7395e-06
0,0,-4.40499e-06
0,0,4.30538e-06
0,0,-4.52424e-06
0,0,-4.26672e-06
0,0,3.96631e-06
0,0,-3.87558e-06
0,0,4.05484e-06
