mx,my,mz
-0.148057,0.139649,-0.0438472
0.148057,-0.139649,0.0438472
-0.148057,0.139649,-0.0438472
0.148057,-0.139649,0.0438472
0.148057,-0.139649,0.0438473
-0.148057,0.139649,-0.0438473
0.148057,-0.139649,0.0438473
-0.148057,0.139649,-0.0438473
-0.148057,0.139649,-0.0438472
0.148057,-0.139649,0.0438472
-0.148057,0.139649,-0.0438472
0.148057,-0.139649,0.0438472
0.148057,-0.139649,0.0438473
-0.148057,0.139649,-0.0438473
0.148057,-0.139649,0.0438473
-0.148057,0.139649,-0.0438473
