mx,my,mz
0,0,5.31166e-07
0,0,-5.47459e-07
0,0,5.75052e-07
0,0,-2.15713e-07
0,0,1.465e-07
0,0,-2.63828e-07
0,0,6.94915e-08
0,0,-2.61047e-07
0,0,2.66175e-07
0,0,-5.09111e-07
0,0,2.36903e-07
0,0,-7.03645e-07
0,0,6.27695e-07
0,0,-5.64427e-08
0,0,5.27258e-07
0,0,-5.20888e-07
