mx,my,mz
0,0,-2.71619e-06
0,0,2.63639e-06
0,0,-2.59031e-06
0,0,2.73331e-06
0,0,2.90388e-06
0,0,-2.78068e-06
0,0,2.72248e-06
0,0,-2.88612e-06
0,0,-3.02384e-06
0,0,2.86467e-06
0,0,-2.762e-06
0,0,2.97956e-06
0,0,3.18272e-06
0,0,-3.05267e-06
0,0,2.98513e-06
0,0,-3.16148e-06
