mx,my,mz
0.19697,-0.164088,-0.136654
-0.196967,0.164092,0.136654
0.19697,-0.164088,-0.136653
-0.196967,0.164091,0.136654
-0.196967,0.164088,0.136658
0.196969,-0.164088,-0.136656
-0.196967,0.164089,0.136657
0.196969,-0.164087,-0.136657
0.19697,-0.164088,-0.136653
-0.196967,0.164091,0.136654
0.19697,-0.164088,-0.136654
-0.196967,0.164092,0.136654
-0.196967,0.164089,0.136657
0.196969,-0.164087,-0.136657
-0.196967,0.164088,0.136658
0.196968,-0.164088,-0.136656
