mx,my,mz
0,0,0.296512
0,0,-0.296512
0,0,0.296512
0,0,-0.296512
0,0,-0.296512
0,0,0.296512
0,0,-0.296512
0,0,0.296512
0,0,0.296512
0,0,-0.296512
0,0,0.296512
0,0,-0.296512
0,0,-0.296512
0,0,0.296512
0,0,-0.296512
0,0,0.296512
