mx,my,mz
0,0,-0.175328
0,0,-0.175326
0,0,0.275898
0,0,-0.175326
0,0,-0.175328
0,0,-0.175325
0,0,0.275898
0,0,-0.175325
0,0,0.2759
0,0,-0.175329
0,0,-0.175325
0,0,-0.175329
0,0,0.2759
0,0,-0.175329
0,0,-0.175324
0,0,-0.175329
