mx,my,mz
0,0,-0.175328
0,0,-0.175326
0,0,0.27591
0,0,-0.175326
0,0,-0.175328
0,0,-0.175326
0,0,0.27591
0,0,-0.175326
0,0,0.275912
0,0,-0.175329
0,0,-0.175325
0,0,-0.175329
0,0,0.275912
0,0,-0.175329
0,0,-0.175325
0,0,-0.175329
