mx,my,mz
0,0,1.47165e-07
0,0,-3.24367e-07
0,0,3.67286e-07
0,0,-1.05104e-08
0,0,5.05687e-07
0,0,-2.40555e-07
0,0,1.26373e-07
0,0,-2.60465e-07
0,0,2.17202e-07
0,0,-5.27015e-07
0,0,4.3387e-08
0,0,-3.81833e-07
0,0,5.31017e-07
0,0,-3.71901e-07
0,0,2.93254e-07
0,0,-4.18954e-07
