mx,my,mz
0,0,0.304918
0,0,-0.304918
0,0,0.304918
0,0,-0.304918
0,0,-0.304918
0,0,0.304918
0,0,-0.304918
0,0,0.304918
0,0,0.304918
0,0,-0.304918
0,0,0.304918
0,0,-0.304918
0,0,-0.304918
0,0,0.304918
0,0,-0.304918
0,0,0.304918
