mx,my,mz
0,0,2.13871e-07
0,0,-3.4257e-08
0,0,4.76259e-07
0,0,-3.67318e-07
0,0,4.62835e-07
0,0,-5.09669e-07
0,0,1.42442e-07
0,0,-8.75587e-09
0,0,2.17593e-07
0,0,-2.73625e-08
0,0,4.03839e-07
0,0,-3.38877e-07
0,0,2.7331e-07
0,0,-1.83648e-07
0,0,1.3117e-07
0,0,-2.86838e-07
