mx,my,mz
-0.103916,0.0964398,-0.270764
0.103925,-0.0964229,0.270767
-0.103912,0.096433,-0.270768
0.103927,-0.096424,0.270765
0.103921,-0.0964236,0.270768
-0.103914,0.0964266,-0.27077
0.10392,-0.0964282,0.270767
-0.103913,0.0964303,-0.270769
-0.103912,0.0964331,-0.270768
0.103927,-0.0964241,0.270765
-0.103916,0.0964399,-0.270764
0.103924,-0.096423,0.270767
0.10392,-0.0964281,0.270767
-0.103913,0.0964302,-0.270769
0.103921,-0.0964235,0.270768
-0.103914,0.0964264,-0.27077
