mx,my,mz
0,0,-5.0222e-06
0,0,5.02981e-06
0,0,-5.02868e-06
0,0,5.02639e-06
0,0,5.04358e-06
0,0,-5.04117e-06
0,0,5.02834e-06
0,0,-5.03609e-06
0,0,-5.0238e-06
0,0,5.02486e-06
0,0,-5.02297e-06
0,0,5.02723e-06
0,0,5.02258e-06
0,0,-5.03365e-06
0,0,5.04342e-06
0,0,-5.03768e-06
