mx,my,mz
0,0,0.228339
0,0,-0.22834
0,0,0.228339
0,0,-0.228339
0,0,-0.228339
0,0,0.228339
0,0,0.23449
0,0,-0.23449
0,0,0.228339
0,0,-0.228339
0,0,0.228339
0,0,-0.228339
0,0,0.234485
0,0,-0.234486
0,0,-0.228339
0,0,0.228339
