mx,my,mz
0,0,0.210459
0,0,-0.0520499
0,0,0.336621
0,0,-0.334265
0,0,0.0469272
0,0,-0.214848
0,0,0.304948
0,0,-0.112761
0,0,0.365594
0,0,-0.201616
0,0,0.0628115
0,0,-0.0864343
0,0,0.354735
0,0,-0.255528
0,0,0.0680764
0,0,-0.243381
