mx,my,mz
-0.171346,0.222063,0.0103144
0.171347,-0.222062,-0.0103146
-0.171344,0.222064,0.0103157
0.171346,-0.222062,-0.0103144
0.171348,-0.222061,-0.0103124
-0.171345,0.222064,0.0103126
0.171347,-0.222062,-0.0103111
-0.171346,0.222063,0.0103095
-0.171344,0.222064,0.0103159
0.171346,-0.222062,-0.0103145
-0.171346,0.222063,0.0103144
0.171347,-0.222062,-0.0103146
0.171347,-0.222062,-0.0103112
-0.171346,0.222063,0.0103096
0.171348,-0.222061,-0.0103124
-0.171345,0.222064,0.0103127
