mx,my,mz
-0.103672,0.0980493,-0.0673315
0.103672,-0.0980493,0.0673315
-0.103672,0.0980493,-0.0673315
0.103672,-0.0980493,0.0673315
0.103672,-0.0980493,0.0673315
-0.103672,0.0980493,-0.0673315
0.103672,-0.0980494,0.0673315
-0.103672,0.0980493,-0.0673315
-0.103672,0.0980493,-0.0673315
0.103672,-0.0980493,0.0673315
-0.103672,0.0980493,-0.0673315
0.103672,-0.0980493,0.0673315
0.103672,-0.0980494,0.0673315
-0.103672,0.0980493,-0.0673315
0.103672,-0.0980493,0.0673315
-0.103672,0.0980493,-0.0673315
