mx,my,mz
0,0,-0.299901
0,0,0.299901
0,0,-0.299901
0,0,0.299901
0,0,0.299901
0,0,-0.299901
0,0,0.299901
0,0,-0.299901
0,0,-0.299901
0,0,0.299901
0,0,-0.299901
0,0,0.299901
0,0,0.299901
0,0,-0.299901
0,0,0.299901
0,0,-0.299901
