mx,my,mz
-0.0483123,0.0750521,0.292335
0.0483258,-0.075044,-0.292335
-0.0483063,0.0750571,0.292335
0.0483259,-0.0750442,-0.292335
0.0483449,-0.0750389,-0.292333
-0.0483065,0.075063,0.292333
0.0483408,-0.0750413,-0.292333
-0.0483131,0.0750681,0.292331
-0.0483063,0.0750571,0.292335
0.0483259,-0.0750442,-0.292335
-0.0483122,0.0750523,0.292335
0.0483257,-0.0750442,-0.292335
0.0483407,-0.0750413,-0.292333
-0.048313,0.0750681,0.292331
0.0483447,-0.075039,-0.292333
-0.0483064,0.0750631,0.292333
