mx,my,mz
-0.219901,0.0724187,0.0404255
0.219902,-0.0724185,-0.0404248
-0.219901,0.0724188,0.0404256
0.219902,-0.0724184,-0.040425
0.219902,-0.0724185,-0.0404243
-0.219902,0.0724187,0.0404236
0.219902,-0.0724183,-0.0404241
-0.219901,0.0724194,0.0404239
-0.219901,0.0724188,0.0404256
0.219902,-0.0724184,-0.040425
-0.219901,0.0724186,0.0404255
0.219902,-0.0724185,-0.0404248
0.219902,-0.0724183,-0.0404241
-0.219901,0.0724193,0.0404239
0.219902,-0.0724184,-0.0404243
-0.219902,0.0724186,0.0404236
