mx,my,mz
0,0,5.28361e-07
0,0,-1.38317e-07
0,0,1.78802e-08
0,0,-5.89833e-07
0,0,8.47789e-08
0,0,-5.34915e-07
0,0,7.95453e-08
0,0,-5.38766e-07
0,0,2.29823e-07
0,0,-4.70826e-07
0,0,1.24825e-08
0,0,-5.53599e-07
0,0,2.47197e-07
0,0,-4.40173e-07
0,0,2.66816e-07
0,0,-2.97994e-07
