mx,my,mz
0,0,0.238269
0,0,-0.208514
0,0,0.0331301
0,0,-0.192385
0,0,0.0200298
0,0,-0.0272392
0,0,0.290643
0,0,-0.288958
0,0,0.336758
0,0,-0.2075
0,0,0.298553
0,0,-0.0543736
0,0,0.157929
0,0,-0.111605
0,0,0.308294
0,0,-0.138634
