mx,my,mz
0,0,-4.92865e-06
0,0,4.94623e-06
0,0,-4.93569e-06
0,0,4.92557e-06
0,0,4.92225e-06
0,0,-4.9509e-06
0,0,4.9401e-06
0,0,-4.91892e-06
0,0,-4.93034e-06
0,0,4.92389e-06
0,0,-4.9295e-06
0,0,4.9434e-06
0,0,4.93377e-06
0,0,-4.91625e-06
0,0,4.92208e-06
0,0,-4.94708e-06
