mx,my,mz
0,0,5.08963e-07
0,0,-5.24552e-07
0,0,5.50997e-07
0,0,-2.06684e-07
0,0,1.40376e-07
0,0,-2.52795e-07
0,0,6.65834e-08
0,0,-2.50154e-07
0,0,2.55035e-07
0,0,-4.87812e-07
0,0,2.26999e-07
0,0,-6.74218e-07
0,0,6.01439e-07
0,0,-5.40985e-08
0,0,5.05209e-07
0,0,-4.99092e-07
