mx,my,mz
0,0,0.303259
0,0,-0.303259
0,0,0.303259
0,0,-0.303259
0,0,-0.303259
0,0,0.303259
0,0,-0.303259
0,0,0.303259
0,0,0.303259
0,0,-0.303259
0,0,0.303259
0,0,-0.303259
0,0,-0.303259
0,0,0.303259
0,0,-0.303259
0,0,0.303259
