mx,my,mz
0.186744,-0.239833,-0.0321492
-0.186741,0.239835,0.0321502
0.186746,-0.239832,-0.0321506
-0.186742,0.239835,0.0321487
-0.186743,0.239833,0.0321537
0.186745,-0.239831,-0.0321543
-0.186742,0.239834,0.0321535
0.186745,-0.239832,-0.0321532
0.186746,-0.239832,-0.0321505
-0.186742,0.239835,0.0321488
0.186744,-0.239833,-0.0321492
-0.186741,0.239835,0.0321501
-0.186742,0.239834,0.0321535
0.186745,-0.239832,-0.0321532
-0.186743,0.239833,0.0321537
0.186745,-0.239831,-0.0321543
