mx,my,mz
0,0,0.2482
0,0,-0.217204
0,0,0.0344966
0,0,-0.200384
0,0,0.0208455
0,0,-0.0283666
0,0,0.302725
0,0,-0.300976
0,0,0.350752
0,0,-0.216175
0,0,0.310938
0,0,-0.0566554
0,0,0.164483
0,0,-0.11626
0,0,0.3211
0,0,-0.144426
