mx,my,mz
0,0,-0.0969416
0,0,0.0969416
0,0,-0.0969416
0,0,0.0969416
0,0,0.0969416
0,0,-0.0969416
0,0,0.0969416
0,0,-0.0969416
0,0,-0.0969416
0,0,0.0969416
0,0,-0.0969416
0,0,0.0969416
0,0,0.0969416
0,0,-0.0969416
0,0,0.0969416
0,0,-0.0969416
