mx,my,mz
0,0,2.15002e-07
0,0,-3.44087e-08
0,0,4.78753e-07
0,0,-3.69274e-07
0,0,4.6526e-07
0,0,-5.12356e-07
0,0,1.43196e-07
0,0,-8.79196e-09
0,0,2.18728e-07
0,0,-2.75319e-08
0,0,4.05968e-07
0,0,-3.40629e-07
0,0,2.74752e-07
0,0,-1.84603e-07
0,0,1.31851e-07
0,0,-2.88354e-07
