mx,my,mz
0,0,0.298665
0,0,-0.298665
0,0,0.298665
0,0,-0.298665
0,0,-0.298665
0,0,0.298665
0,0,-0.298665
0,0,0.298665
0,0,0.298665
0,0,-0.298665
0,0,0.298665
0,0,-0.298665
0,0,-0.298665
0,0,0.298665
0,0,-0.298665
0,0,0.298665
