mx,my,mz
0,0,-0.208209
0,0,0.208209
0,0,-0.208209
0,0,0.208209
0,0,0.208209
0,0,-0.208209
0,0,0.208209
0,0,-0.208209
0,0,-0.208209
0,0,0.208209
0,0,-0.208209
0,0,0.208209
0,0,0.208209
0,0,-0.208209
0,0,0.208209
0,0,-0.208209
