mx,my,mz
-0.131135,0.122841,-0.247266
0.131148,-0.122829,0.247265
-0.131134,0.122838,-0.247268
0.131148,-0.122831,0.247264
0.131143,-0.122825,0.24727
-0.131141,0.122835,-0.247266
0.131144,-0.12283,0.247267
-0.131136,0.122833,-0.247269
-0.131134,0.122838,-0.247268
0.131148,-0.122831,0.247264
-0.131135,0.122841,-0.247266
0.131148,-0.122829,0.247265
0.131144,-0.12283,0.247267
-0.131136,0.122833,-0.247269
0.131143,-0.122825,0.24727
-0.131141,0.122835,-0.247266
