mx,my,mz
0,0,0.238346
0,0,-0.208581
0,0,0.0331408
0,0,-0.192447
0,0,0.0200363
0,0,-0.027248
0,0,0.290737
0,0,-0.289052
0,0,0.336867
0,0,-0.207567
0,0,0.29865
0,0,-0.0543912
0,0,0.15798
0,0,-0.111642
0,0,0.308393
0,0,-0.138679
