mx,my,mz
0.0614316,0.0831544,0.236994
-0.0614313,-0.083152,-0.236995
0.0614318,0.0831528,0.236995
-0.0614318,-0.0831505,-0.236996
-0.0614281,-0.0831543,-0.236995
0.061433,0.0831565,0.236993
-0.0614331,-0.0831528,-0.236995
0.0614363,0.0831525,0.236994
0.0614321,0.0831526,0.236995
-0.0614321,-0.0831504,-0.236996
0.061432,0.0831544,0.236994
-0.0614316,-0.0831519,-0.236995
-0.0614332,-0.0831526,-0.236995
0.0614364,0.0831524,0.236994
-0.0614281,-0.0831543,-0.236995
0.0614331,0.0831564,0.236993
