mx,my,mz
0,0,0.238356
0,0,-0.208591
0,0,0.0331423
0,0,-0.192456
0,0,0.0200372
0,0,-0.0272492
0,0,0.29075
0,0,-0.289065
0,0,0.336883
0,0,-0.207576
0,0,0.298663
0,0,-0.0543937
0,0,0.157987
0,0,-0.111647
0,0,0.308407
0,0,-0.138685
