mx,my,mz
0,0,0.239037
0,0,-0.209186
0,0,0.0332369
0,0,-0.193005
0,0,0.0200944
0,0,-0.027327
0,0,0.29158
0,0,-0.28989
0,0,0.337844
0,0,-0.208169
0,0,0.299515
0,0,-0.054549
0,0,0.158438
0,0,-0.111965
0,0,0.309287
0,0,-0.139081
