mx,my,mz
0,0,-0.269376
0,0,0.269376
0,0,-0.269376
0,0,0.269376
0,0,0.269376
0,0,-0.269376
0,0,0.269376
0,0,-0.269376
0,0,-0.269376
0,0,0.269376
0,0,-0.269376
0,0,0.269376
0,0,0.269376
0,0,-0.269376
0,0,0.269376
0,0,-0.269376
