mx,my,mz
0.0883979,-0.114411,0.103181
-0.0883979,0.114411,-0.103181
0.0883979,-0.114411,0.103181
-0.0883979,0.114411,-0.103181
-0.0883979,0.114411,-0.103181
0.0883979,-0.114411,0.103181
-0.0883979,0.114411,-0.103181
0.0883979,-0.114411,0.103181
0.0883979,-0.114411,0.103181
-0.0883979,0.114411,-0.103181
0.0883979,-0.114411,0.103181
-0.0883979,0.114411,-0.103181
-0.0883979,0.114411,-0.103181
0.0883979,-0.114411,0.103181
-0.0883979,0.114411,-0.103181
0.0883979,-0.114411,0.103181
