mx,my,mz
0,0,0.302037
0,0,-0.302037
0,0,0.302037
0,0,-0.302037
0,0,-0.302037
0,0,0.302037
0,0,-0.302037
0,0,0.302037
0,0,0.302037
0,0,-0.302037
0,0,0.302037
0,0,-0.302037
0,0,-0.302037
0,0,0.302037
0,0,-0.302037
0,0,0.302037
