mx,my,mz
0,0,0.175067
0,0,-0.274444
0,0,0.175067
0,0,0.175064
0,0,0.175068
0,0,-0.274444
0,0,0.175068
0,0,0.175065
0,0,0.175064
0,0,0.175067
0,0,0.175065
0,0,-0.274443
0,0,0.175065
0,0,0.175067
0,0,0.175065
0,0,-0.274443
