mx,my,mz
0,0,4.89572e-06
0,0,-4.88539e-06
0,0,4.88843e-06
0,0,-4.89163e-06
0,0,-4.88938e-06
0,0,4.89243e-06
0,0,-4.8993e-06
0,0,4.88914e-06
0,0,4.88862e-06
0,0,-4.89294e-06
0,0,4.89678e-06
0,0,-4.88534e-06
0,0,-4.89923e-06
0,0,4.89018e-06
0,0,-4.89018e-06
0,0,4.89212e-06
