mx,my,mz
0,0,-3.45369e-06
0,0,3.45654e-06
0,0,-3.47004e-06
0,0,3.47229e-06
0,0,3.50928e-06
0,0,-3.50785e-06
0,0,3.515e-06
0,0,-3.52267e-06
0,0,-3.53049e-06
0,0,3.53297e-06
0,0,-3.54004e-06
0,0,3.54345e-06
0,0,3.5242e-06
0,0,-3.53222e-06
0,0,3.54479e-06
0,0,-3.5433e-06
