mx,my,mz
0,0,-0.227843
0,0,0.227843
0,0,0.238394
0,0,-0.238394
0,0,0.227842
0,0,-0.227842
0,0,0.227843
0,0,-0.227843
0,0,0.238398
0,0,-0.238399
0,0,-0.227842
0,0,0.227842
0,0,0.227842
0,0,-0.227842
0,0,0.227843
0,0,-0.227843
