mx,my,mz
0,0,0.241677
0,0,-0.211496
0,0,0.0336031
0,0,-0.195135
0,0,0.0203152
0,0,-0.0276284
0,0,0.294799
0,0,-0.29309
0,0,0.341573
0,0,-0.210469
0,0,0.30282
0,0,-0.0551523
0,0,0.160186
0,0,-0.113202
0,0,0.312701
0,0,-0.140618
