mx,my,mz
0,0,-5.13607e-06
0,0,5.14163e-06
0,0,-5.13383e-06
0,0,5.13804e-06
0,0,5.14007e-06
0,0,-5.14666e-06
0,0,5.13765e-06
0,0,-5.14085e-06
0,0,-5.12938e-06
0,0,5.13665e-06
0,0,-5.13677e-06
0,0,5.13927e-06
0,0,5.13239e-06
0,0,-5.13863e-06
0,0,5.13993e-06
0,0,-5.14348e-06
