mx,my,mz
0,0,0.27598
0,0,-0.175328
0,0,-0.175324
0,0,-0.175328
0,0,0.27598
0,0,-0.175328
0,0,-0.175324
0,0,-0.175328
0,0,-0.175328
0,0,-0.175324
0,0,0.275978
0,0,-0.175324
0,0,-0.175328
0,0,-0.175324
0,0,0.275978
0,0,-0.175324
