mx,my,mz
-0.00517831,-0.039125,-0.200309
0.00517836,0.039125,0.200309
-0.0051783,-0.039125,-0.200309
0.00517833,0.0391251,0.200309
0.0051783,0.039125,0.200309
-0.00517829,-0.039125,-0.200309
0.0051783,0.039125,0.200309
-0.00517835,-0.039125,-0.200309
-0.0051783,-0.039125,-0.200309
0.00517832,0.0391251,0.200309
-0.00517831,-0.039125,-0.200309
0.00517836,0.039125,0.200309
0.0051783,0.039125,0.200309
-0.00517834,-0.039125,-0.200309
0.0051783,0.039125,0.200309
-0.00517829,-0.039125,-0.200309
