mx,my,mz
-0.131544,0.194825,-0.188938
0.13155,-0.194823,0.188936
-0.131544,0.194826,-0.188937
0.131549,-0.194823,0.188938
0.131548,-0.194822,0.188939
-0.131546,0.194824,-0.188939
0.131546,-0.194821,0.188942
-0.131545,0.194823,-0.18894
-0.131544,0.194826,-0.188937
0.131549,-0.194823,0.188938
-0.131544,0.194825,-0.188938
0.13155,-0.194823,0.188936
0.131546,-0.194821,0.188942
-0.131545,0.194823,-0.18894
0.131548,-0.194822,0.188939
-0.131546,0.194824,-0.188939
