mx,my,mz
0.0973716,-0.0518457,0.153183
-0.0973716,0.0518457,-0.153183
0.0973716,-0.0518457,0.153183
-0.0973716,0.0518457,-0.153183
-0.0973716,0.0518457,-0.153183
0.0973716,-0.0518457,0.153183
-0.0973716,0.0518457,-0.153183
0.0973716,-0.0518457,0.153183
0.0973716,-0.0518457,0.153183
-0.0973716,0.0518457,-0.153183
0.0973716,-0.0518457,0.153183
-0.0973716,0.0518457,-0.153183
-0.0973716,0.0518457,-0.153183
0.0973716,-0.0518457,0.153183
-0.0973716,0.0518457,-0.153183
0.0973716,-0.0518457,0.153183
