mx,my,mz
0,0,-0.153052
0,0,0.153052
0,0,-0.153052
0,0,0.153052
0,0,0.153052
0,0,-0.153052
0,0,0.153052
0,0,-0.153052
0,0,-0.153052
0,0,0.153052
0,0,-0.153052
0,0,0.153052
0,0,0.153052
0,0,-0.153052
0,0,0.153052
0,0,-0.153052
