mx,my,mz
-0.0781411,-0.0386739,0.108669
0.0781411,0.0386739,-0.108669
-0.0781411,-0.0386739,0.108669
0.0781411,0.0386739,-0.108669
0.0781411,0.0386739,-0.108669
-0.0781411,-0.0386739,0.108669
0.0781411,0.0386739,-0.108669
-0.0781411,-0.0386739,0.108669
-0.0781411,-0.0386739,0.108669
0.0781411,0.0386739,-0.108669
-0.0781411,-0.0386739,0.108669
0.0781411,0.0386739,-0.108669
0.0781411,0.0386739,-0.108669
-0.0781411,-0.0386739,0.108669
0.0781411,0.0386739,-0.108669
-0.0781411,-0.0386739,0.108669
