mx,my,mz
-0.142295,0.16562,-0.211002
0.142301,-0.165615,0.211002
-0.142295,0.165621,-0.211001
0.1423,-0.165617,0.211002
0.142296,-0.165614,0.211006
-0.142293,0.165617,-0.211006
0.142296,-0.165618,0.211004
-0.142294,0.16562,-0.211003
-0.142295,0.165621,-0.211001
0.1423,-0.165617,0.211002
-0.142295,0.16562,-0.211002
0.142301,-0.165615,0.211002
0.142296,-0.165618,0.211004
-0.142294,0.16562,-0.211003
0.142296,-0.165614,0.211006
-0.142293,0.165617,-0.211006
