mx,my,mz
0,0,-5.74383e-06
0,0,5.92384e-06
0,0,-5.95479e-06
0,0,5.84385e-06
0,0,6.01598e-06
0,0,-6.15316e-06
0,0,6.16023e-06
0,0,-6.09786e-06
0,0,-5.92752e-06
0,0,6.07457e-06
0,0,-6.12718e-06
0,0,6.05671e-06
0,0,6.03348e-06
0,0,-6.22582e-06
0,0,6.29471e-06
0,0,-6.1832e-06
