mx,my,mz
0,0,-3.27095e-06
0,0,3.27491e-06
0,0,-3.28841e-06
0,0,3.28904e-06
0,0,3.32163e-06
0,0,-3.32036e-06
0,0,3.3266e-06
0,0,-3.33344e-06
0,0,-3.34229e-06
0,0,3.34312e-06
0,0,-3.34791e-06
0,0,3.35235e-06
0,0,3.3348e-06
0,0,-3.34195e-06
0,0,3.35325e-06
0,0,-3.35193e-06
