mx,my,mz
-0.163728,0.11184,0.138009
0.163729,-0.11184,-0.138008
-0.163728,0.111841,0.138008
0.163729,-0.11184,-0.138008
0.163729,-0.11184,-0.138007
-0.163729,0.11184,0.138007
0.16373,-0.111839,-0.138007
-0.163729,0.111841,0.138007
-0.163729,0.11184,0.138008
0.163729,-0.11184,-0.138008
-0.163728,0.11184,0.138009
0.163729,-0.11184,-0.138008
0.16373,-0.111839,-0.138007
-0.163729,0.111841,0.138007
0.163729,-0.11184,-0.138007
-0.163729,0.111841,0.138007
