mx,my,mz
-0.073046,0.163007,0.182957
0.0730469,-0.163008,-0.182957
-0.0730446,0.163008,0.182957
0.0730466,-0.163007,-0.182958
0.0730481,-0.163008,-0.182956
-0.0730449,0.16301,0.182955
0.0730461,-0.163008,-0.182956
-0.0730464,0.16301,0.182955
-0.0730446,0.163008,0.182957
0.0730467,-0.163006,-0.182958
-0.0730459,0.163007,0.182957
0.0730468,-0.163008,-0.182957
0.0730463,-0.163008,-0.182956
-0.0730465,0.16301,0.182955
0.0730481,-0.163008,-0.182956
-0.0730449,0.16301,0.182955
