mx,my,mz
0,0,-2.98718e-06
0,0,3.29449e-06
0,0,-3.45098e-06
0,0,3.01893e-06
0,0,3.46234e-06
0,0,-3.73201e-06
0,0,3.89533e-06
0,0,-3.50126e-06
0,0,-3.21234e-06
0,0,3.43084e-06
0,0,-3.57143e-06
0,0,3.20789e-06
0,0,3.32829e-06
0,0,-3.61075e-06
0,0,3.77717e-06
0,0,-3.37012e-06
