mx,my,mz
0,0,0.238479
0,0,-0.208698
0,0,0.0331594
0,0,-0.192555
0,0,0.0200475
0,0,-0.0272633
0,0,0.2909
0,0,-0.289213
0,0,0.337056
0,0,-0.207683
0,0,0.298817
0,0,-0.0544217
0,0,0.158068
0,0,-0.111704
0,0,0.308566
0,0,-0.138757
