mx,my,mz
0,0,-1.63864e-06
0,0,1.33668e-06
0,0,-1.46801e-06
0,0,1.29602e-06
0,0,2.71474e-06
0,0,-2.60962e-06
0,0,2.4531e-06
0,0,-2.36706e-06
0,0,-1.76313e-06
0,0,1.62918e-06
0,0,-1.28456e-06
0,0,1.12781e-06
0,0,2.08918e-06
0,0,-1.82399e-06
0,0,1.74712e-06
0,0,-1.71103e-06
