mx,my,mz
0,0,-3.56423e-05
0,0,3.56422e-05
0,0,-3.56462e-05
0,0,3.56385e-05
0,0,3.56485e-05
0,0,-3.56465e-05
0,0,3.56428e-05
0,0,-3.5637e-05
0,0,-3.56462e-05
0,0,3.56385e-05
0,0,-3.56423e-05
0,0,3.56422e-05
0,0,3.56428e-05
0,0,-3.5637e-05
0,0,3.56485e-05
0,0,-3.56465e-05
