mx,my,mz
-0.200046,0.21379,0.0877625
0.20005,-0.213787,-0.0877612
-0.200047,0.21379,0.0877617
0.200048,-0.213787,-0.0877649
0.200051,-0.213788,-0.0877577
-0.200047,0.21379,0.0877596
0.20005,-0.213788,-0.0877595
-0.200048,0.21379,0.0877585
-0.200047,0.21379,0.0877616
0.200048,-0.213787,-0.0877649
-0.200046,0.21379,0.0877625
0.200049,-0.213787,-0.0877612
0.20005,-0.213788,-0.0877595
-0.200048,0.21379,0.0877585
0.200051,-0.213788,-0.0877577
-0.200047,0.21379,0.0877596
