mx,my,mz
0,0,-4.91193e-06
0,0,4.92181e-06
0,0,-4.9218e-06
0,0,4.91129e-06
0,0,4.92374e-06
0,0,-4.92344e-06
0,0,4.92222e-06
0,0,-4.92178e-06
0,0,-4.91331e-06
0,0,4.90677e-06
0,0,-4.91104e-06
0,0,4.91685e-06
0,0,4.91503e-06
0,0,-4.91868e-06
0,0,4.92419e-06
0,0,-4.91973e-06
