mx,my,mz
0,0,9.84847e-06
0,0,-9.84604e-06
0,0,9.85128e-06
0,0,-9.85545e-06
0,0,-9.84713e-06
0,0,9.85507e-06
0,0,-9.85203e-06
0,0,9.84584e-06
0,0,9.85128e-06
0,0,-9.85545e-06
0,0,9.84847e-06
0,0,-9.84604e-06
0,0,-9.85203e-06
0,0,9.84584e-06
0,0,-9.84713e-06
0,0,9.85507e-06
