mx,my,mz
0,0,0.0573107
0,0,-0.0573107
0,0,0.0573107
0,0,-0.0573107
0,0,-0.0573107
0,0,0.0573107
0,0,-0.0573107
0,0,0.0573107
0,0,0.0573107
0,0,-0.0573107
0,0,0.0573107
0,0,-0.0573107
0,0,-0.0573107
0,0,0.0573107
0,0,-0.0573107
0,0,0.0573107
