mx,my,mz
0,0,-8.43944e-06
0,0,8.43639e-06
0,0,-8.4576e-06
0,0,8.44905e-06
0,0,8.4426e-06
0,0,-8.44364e-06
0,0,8.44799e-06
0,0,-8.43536e-06
0,0,-8.4576e-06
0,0,8.44905e-06
0,0,-8.43943e-06
0,0,8.43639e-06
0,0,8.448e-06
0,0,-8.43536e-06
0,0,8.44259e-06
0,0,-8.44364e-06
