mx,my,mz
0,0,0.18639
0,0,-0.18639
0,0,0.18639
0,0,-0.18639
0,0,-0.18639
0,0,0.18639
0,0,-0.18639
0,0,0.18639
0,0,0.18639
0,0,-0.18639
0,0,0.18639
0,0,-0.18639
0,0,-0.18639
0,0,0.18639
0,0,-0.18639
0,0,0.18639
