mx,my,mz
0,0,8.20585e-06
0,0,-8.20705e-06
0,0,8.21071e-06
0,0,-8.20849e-06
0,0,-8.212e-06
0,0,8.21925e-06
0,0,-8.21917e-06
0,0,8.2109e-06
0,0,8.2107e-06
0,0,-8.20848e-06
0,0,8.20586e-06
0,0,-8.20705e-06
0,0,-8.21917e-06
0,0,8.2109e-06
0,0,-8.212e-06
0,0,8.21925e-06
