mx,my,mz
-0.190942,0.162303,-0.150491
0.190944,-0.162299,0.150493
-0.190939,0.162303,-0.150494
0.190944,-0.1623,0.150492
0.190941,-0.1623,0.150495
-0.190941,0.162301,-0.150495
0.190942,-0.162298,0.150495
-0.19094,0.162301,-0.150496
-0.190939,0.162303,-0.150494
0.190944,-0.1623,0.150492
-0.190942,0.162303,-0.150491
0.190944,-0.162299,0.150493
0.190942,-0.162298,0.150495
-0.19094,0.162301,-0.150496
0.190941,-0.1623,0.150495
-0.190941,0.162301,-0.150495
