mx,my,mz
0,0,-1.02468e-06
0,0,5.48718e-07
0,0,3.59478e-07
0,0,1.74079e-07
0,0,2.43239e-06
0,0,-1.66969e-06
0,0,9.08702e-07
0,0,-1.72987e-06
0,0,-1.22016e-06
0,0,1.35969e-07
0,0,4.92066e-09
0,0,1.03466e-06
0,0,1.60391e-06
0,0,-8.2453e-07
0,0,5.25079e-07
0,0,-1.45403e-06
