mx,my,mz
-0.215147,0.217024,-0.00624971
0.21515,-0.217022,0.00625106
-0.215148,0.217023,-0.00625283
0.215151,-0.21702,0.0062526
0.21515,-0.217021,0.00625453
-0.215148,0.217024,-0.00625508
0.21515,-0.217021,0.00625474
-0.215149,0.217022,-0.0062546
-0.215148,0.217023,-0.00625285
0.215151,-0.21702,0.0062526
-0.215147,0.217024,-0.00624972
0.21515,-0.217022,0.00625108
0.21515,-0.217021,0.00625473
-0.215149,0.217022,-0.00625456
0.21515,-0.217021,0.0062545
-0.215148,0.217024,-0.00625508
