mx,my,mz
0,0,-0.189947
0,0,0.189947
0,0,-0.189947
0,0,0.189947
0,0,0.189947
0,0,-0.189947
0,0,0.189947
0,0,-0.189947
0,0,-0.189947
0,0,0.189947
0,0,-0.189947
0,0,0.189947
0,0,0.189947
0,0,-0.189947
0,0,0.189947
0,0,-0.189947
