mx,my,mz
0,0,4.82985e-07
0,0,-4.97875e-07
0,0,5.22867e-07
0,0,-1.96198e-07
0,0,1.33194e-07
0,0,-2.39762e-07
0,0,6.31477e-08
0,0,-2.37308e-07
0,0,2.42057e-07
0,0,-4.62956e-07
0,0,2.15509e-07
0,0,-6.39764e-07
0,0,5.70719e-07
0,0,-5.13653e-08
0,0,4.79415e-07
0,0,-4.73613e-07
