mx,my,mz
0,0,0.228539
0,0,-0.228538
0,0,0.228539
0,0,-0.228538
0,0,0.232777
0,0,0.228537
0,0,-0.228538
0,0,-0.232777
0,0,0.228539
0,0,-0.228538
0,0,0.228538
0,0,-0.228538
0,0,-0.228538
0,0,-0.232781
0,0,0.23278
0,0,0.228537
