mx,my,mz
0,0,3.95459e-07
0,0,-3.84805e-07
0,0,9.15199e-08
0,0,-2.77244e-07
0,0,5.98622e-07
0,0,-3.58931e-07
0,0,2.24399e-07
0,0,-4.01465e-07
0,0,3.09661e-07
0,0,-8.73627e-08
0,0,3.34071e-07
0,0,-4.22283e-07
0,0,3.42447e-08
0,0,-2.33097e-09
0,0,6.98436e-07
0,0,-2.26001e-07
