mx,my,mz
0.152594,-0.183355,0.00934404
-0.152592,0.183357,-0.00934599
0.152595,-0.183355,0.00934584
-0.152593,0.183356,-0.00934474
-0.152594,0.183356,-0.00934074
0.152594,-0.183356,0.00934199
-0.152592,0.183357,-0.00934207
0.152593,-0.183356,0.00934199
0.152595,-0.183355,0.00934571
-0.152593,0.183356,-0.00934462
0.152594,-0.183355,0.00934386
-0.152592,0.183357,-0.0093458
-0.152592,0.183357,-0.00934202
0.152594,-0.183356,0.00934195
-0.152594,0.183356,-0.00934064
0.152594,-0.183355,0.00934189
