mx,my,mz
0.183316,-0.232596,0.0360136
-0.183315,0.232597,-0.0360122
0.183316,-0.232595,0.0360132
-0.183314,0.232597,-0.0360135
-0.183314,0.232598,-0.0360109
0.183317,-0.232595,0.0360114
-0.183314,0.232598,-0.0360114
0.183318,-0.232595,0.0360085
0.183316,-0.232595,0.0360133
-0.183314,0.232597,-0.0360135
0.183316,-0.232596,0.0360136
-0.183315,0.232597,-0.0360122
-0.183314,0.232598,-0.0360114
0.183318,-0.232595,0.0360085
-0.183314,0.232598,-0.0360109
0.183317,-0.232595,0.0360114
