mx,my,mz
0,0,-3.26947e-06
0,0,3.15391e-06
0,0,-3.11252e-06
0,0,3.18628e-06
0,0,3.33705e-06
0,0,-3.19065e-06
0,0,3.18218e-06
0,0,-3.27502e-06
0,0,-3.38135e-06
0,0,3.25231e-06
0,0,-3.29123e-06
0,0,3.36287e-06
0,0,3.55589e-06
0,0,-3.46421e-06
0,0,3.46464e-06
0,0,-3.51343e-06
