mx,my,mz
0,0,0.275989
0,0,-0.275989
0,0,0.275989
0,0,-0.275989
0,0,-0.275989
0,0,0.275989
0,0,-0.275989
0,0,0.275989
0,0,0.275989
0,0,-0.275989
0,0,0.275989
0,0,-0.275989
0,0,-0.275989
0,0,0.275989
0,0,-0.275989
0,0,0.275989
