mx,my,mz
0,0,0.123608
0,0,-0.123608
0,0,0.123608
0,0,-0.123608
0,0,-0.123608
0,0,0.123608
0,0,-0.123608
0,0,0.123608
0,0,0.123608
0,0,-0.123608
0,0,0.123608
0,0,-0.123608
0,0,-0.123608
0,0,0.123608
0,0,-0.123608
0,0,0.123608
