mx,my,mz
0,0,5.42792e-07
0,0,-1.42064e-07
0,0,1.83363e-08
0,0,-6.05961e-07
0,0,8.70928e-08
0,0,-5.49485e-07
0,0,8.17273e-08
0,0,-5.53468e-07
0,0,2.36064e-07
0,0,-4.83705e-07
0,0,1.28376e-08
0,0,-5.68677e-07
0,0,2.5395e-07
0,0,-4.52188e-07
0,0,2.74099e-07
0,0,-3.06098e-07
