mx,my,mz
0,0,-3.35723e-06
0,0,3.3593e-06
0,0,-3.37263e-06
0,0,3.37475e-06
0,0,3.40786e-06
0,0,-3.40644e-06
0,0,3.41199e-06
0,0,-3.41859e-06
0,0,-3.42713e-06
0,0,3.42946e-06
0,0,-3.43506e-06
0,0,3.43761e-06
0,0,3.42029e-06
0,0,-3.4272e-06
0,0,3.43983e-06
0,0,-3.43836e-06
