mx,my,mz
0.105022,0.10288,0.155483
-0.105022,-0.10288,-0.155483
0.105022,0.10288,0.155483
-0.105022,-0.10288,-0.155483
-0.105022,-0.10288,-0.155483
0.105022,0.10288,0.155483
-0.105022,-0.10288,-0.155483
0.105022,0.10288,0.155483
0.105022,0.10288,0.155483
-0.105022,-0.10288,-0.155483
0.105022,0.10288,0.155483
-0.105022,-0.10288,-0.155483
-0.105022,-0.10288,-0.155483
0.105022,0.10288,0.155483
-0.105022,-0.10288,-0.155483
0.105022,0.10288,0.155483
