mx,my,mz
-0.134572,0.0446005,0.0576368
0.134572,-0.0446005,-0.0576368
-0.134572,0.0446005,0.0576368
0.134572,-0.0446005,-0.0576368
0.134572,-0.0446005,-0.0576368
-0.134572,0.0446005,0.0576368
0.134572,-0.0446005,-0.0576368
-0.134572,0.0446005,0.0576368
-0.134572,0.0446005,0.0576368
0.134572,-0.0446005,-0.0576368
-0.134572,0.0446005,0.0576368
0.134572,-0.0446005,-0.0576368
0.134572,-0.0446005,-0.0576368
-0.134572,0.0446005,0.0576368
0.134572,-0.0446005,-0.0576368
-0.134572,0.0446005,0.0576368
