mx,my,mz
-0.236,0.167819,0.0932422
0.236003,-0.167817,-0.0932406
-0.236001,0.167819,0.0932416
0.236002,-0.167817,-0.0932424
0.236003,-0.167818,-0.0932376
-0.236,0.167822,0.0932379
0.236005,-0.167816,-0.093237
-0.236002,0.16782,0.0932372
-0.236001,0.167819,0.0932415
0.236002,-0.167817,-0.0932425
-0.236,0.167819,0.0932422
0.236003,-0.167817,-0.0932406
0.236005,-0.167816,-0.0932369
-0.236002,0.16782,0.0932372
0.236003,-0.167818,-0.0932376
-0.236,0.167822,0.0932378
