mx,my,mz
0,0,-4.66953e-06
0,0,4.67652e-06
0,0,-4.6742e-06
0,0,4.6743e-06
0,0,4.6726e-06
0,0,-4.6861e-06
0,0,4.68701e-06
0,0,-4.68057e-06
0,0,-4.66633e-06
0,0,4.67172e-06
0,0,-4.67259e-06
0,0,4.67447e-06
0,0,4.67227e-06
0,0,-4.67087e-06
0,0,4.66873e-06
0,0,-4.67709e-06
