mx,my,mz
0,0,-6.39501e-06
0,0,6.39072e-06
0,0,-6.3878e-06
0,0,6.38776e-06
0,0,6.39294e-06
0,0,-6.39002e-06
0,0,6.39656e-06
0,0,-6.39514e-06
0,0,-6.38776e-06
0,0,6.38733e-06
0,0,-6.39453e-06
0,0,6.39063e-06
0,0,6.39689e-06
0,0,-6.39507e-06
0,0,6.39282e-06
0,0,-6.3903e-06
