mx,my,mz
0,0,0.304764
0,0,-0.304764
0,0,0.304764
0,0,-0.304764
0,0,-0.304764
0,0,0.304764
0,0,-0.304764
0,0,0.304764
0,0,0.304764
0,0,-0.304764
0,0,0.304764
0,0,-0.304764
0,0,-0.304764
0,0,0.304764
0,0,-0.304764
0,0,0.304764
