mx,my,mz
0.0565177,-0.274612,0.0443508
-0.0565161,0.274612,-0.0443482
0.0565189,-0.274611,0.0443508
-0.0565147,0.274612,-0.0443495
-0.0565162,0.274613,-0.0443467
0.0565193,-0.274612,0.0443442
-0.0565159,0.274613,-0.0443456
0.0565196,-0.274612,0.0443455
0.056519,-0.274611,0.0443508
-0.0565147,0.274612,-0.0443495
0.0565177,-0.274612,0.0443508
-0.0565162,0.274612,-0.0443481
-0.056516,0.274613,-0.0443456
0.0565196,-0.274612,0.0443455
-0.0565163,0.274613,-0.0443466
0.0565194,-0.274612,0.0443442
