mx,my,mz
0,0,-3.83882e-06
0,0,3.86026e-06
0,0,-3.86779e-06
0,0,3.81677e-06
0,0,3.93894e-06
0,0,-3.945e-06
0,0,3.90397e-06
0,0,-3.87106e-06
0,0,-3.92003e-06
0,0,3.90551e-06
0,0,-3.88933e-06
0,0,3.87362e-06
0,0,3.9396e-06
0,0,-3.94087e-06
0,0,3.96793e-06
0,0,-3.93659e-06
