mx,my,mz
0,0,-1.04449e-06
0,0,5.64871e-07
0,0,3.51762e-07
0,0,1.85883e-07
0,0,2.46619e-06
0,0,-1.69718e-06
0,0,9.28846e-07
0,0,-1.75713e-06
0,0,-1.24143e-06
0,0,1.47495e-07
0,0,-5.94551e-09
0,0,1.05511e-06
0,0,1.63008e-06
0,0,-8.4407e-07
0,0,5.42439e-07
0,0,-1.47933e-06
