mx,my,mz
0,0,0.0848639
0,0,-0.0848639
0,0,0.0848639
0,0,-0.0848639
0,0,-0.0848639
0,0,0.0848639
0,0,-0.0848639
0,0,0.0848639
0,0,0.0848639
0,0,-0.0848639
0,0,0.0848639
0,0,-0.0848639
0,0,-0.0848639
0,0,0.0848639
0,0,-0.0848639
0,0,0.0848639
