mx,my,mz
0,0,0.218626
0,0,-0.218626
0,0,-0.230082
0,0,0.230082
0,0,0.230082
0,0,-0.230082
0,0,0.230082
0,0,-0.230082
0,0,-0.230082
0,0,0.230082
0,0,0.218626
0,0,-0.218626
0,0,0.230082
0,0,-0.230082
0,0,0.230082
0,0,-0.230082
