mx,my,mz
0,0,8.01846e-06
0,0,-8.01747e-06
0,0,8.01347e-06
0,0,-8.02349e-06
0,0,-8.0293e-06
0,0,8.02662e-06
0,0,-8.01947e-06
0,0,8.03118e-06
0,0,8.01346e-06
0,0,-8.02349e-06
0,0,8.01847e-06
0,0,-8.01747e-06
0,0,-8.01946e-06
0,0,8.03118e-06
0,0,-8.0293e-06
0,0,8.02662e-06
