mx,my,mz
0,0,-1.92951e-05
0,0,1.92937e-05
0,0,-1.92949e-05
0,0,1.92862e-05
0,0,1.92868e-05
0,0,-1.92809e-05
0,0,1.92967e-05
0,0,-1.92925e-05
0,0,-1.92949e-05
0,0,1.92862e-05
0,0,-1.92951e-05
0,0,1.92937e-05
0,0,1.92967e-05
0,0,-1.92925e-05
0,0,1.92868e-05
0,0,-1.92809e-05
