mx,my,mz
0.203883,-0.207133,-0.0089074
-0.20388,0.207136,0.00890459
0.203882,-0.207133,-0.00890538
-0.203881,0.207134,0.00890612
-0.203882,0.207133,0.00891079
0.203882,-0.207133,-0.00890864
-0.20388,0.207135,0.00890898
0.203883,-0.207132,-0.00890906
0.203882,-0.207133,-0.00890547
-0.203881,0.207134,0.00890623
0.203883,-0.207133,-0.00890743
-0.20388,0.207136,0.00890461
-0.20388,0.207135,0.00890903
0.203883,-0.207132,-0.00890912
-0.203882,0.207133,0.00891078
0.203882,-0.207133,-0.00890862
