mx,my,mz
-0.233941,0.150161,-0.0773881
0.233942,-0.150158,0.0773884
-0.23394,0.150162,-0.0773877
0.233943,-0.150157,0.0773878
0.233942,-0.150157,0.0773911
-0.233941,0.15016,-0.0773903
0.233941,-0.150158,0.0773916
-0.23394,0.15016,-0.0773926
-0.23394,0.150162,-0.0773878
0.233943,-0.150157,0.0773878
-0.233941,0.150161,-0.0773881
0.233942,-0.150158,0.0773884
0.233941,-0.150158,0.0773916
-0.23394,0.15016,-0.0773926
0.233942,-0.150157,0.0773911
-0.233941,0.15016,-0.0773903
