mx,my,mz
0,0,0.277608
0,0,-0.277608
0,0,0.277608
0,0,-0.277608
0,0,-0.277608
0,0,0.277608
0,0,-0.277608
0,0,0.277608
0,0,0.277608
0,0,-0.277608
0,0,0.277608
0,0,-0.277608
0,0,-0.277608
0,0,0.277608
0,0,-0.277608
0,0,0.277608
