mx,my,mz
0,0,0.228631
0,0,-0.22863
0,0,0.228631
0,0,-0.22863
0,0,0.231965
0,0,0.22863
0,0,-0.228631
0,0,-0.231964
0,0,0.228631
0,0,-0.22863
0,0,0.228631
0,0,-0.22863
0,0,-0.22863
0,0,-0.231968
0,0,0.231968
0,0,0.228629
