mx,my,mz
0,0,-5.17755e-06
0,0,5.17993e-06
0,0,-5.18718e-06
0,0,5.19054e-06
0,0,5.18128e-06
0,0,-5.18711e-06
0,0,5.1852e-06
0,0,-5.18511e-06
0,0,-5.18575e-06
0,0,5.18862e-06
0,0,-5.1766e-06
0,0,5.17948e-06
0,0,5.18599e-06
0,0,-5.18542e-06
0,0,5.18255e-06
0,0,-5.18887e-06
