mx,my,mz
-0.195008,0.151456,0.163093
0.19501,-0.151454,-0.163093
-0.195007,0.151457,0.163093
0.195011,-0.151454,-0.163092
0.195012,-0.151455,-0.163089
-0.195011,0.151457,0.163088
0.195013,-0.151452,-0.163091
-0.19501,0.151457,0.163089
-0.195007,0.151457,0.163093
0.195011,-0.151454,-0.163092
-0.195008,0.151456,0.163093
0.19501,-0.151454,-0.163093
0.195013,-0.151452,-0.163091
-0.19501,0.151457,0.163089
0.195012,-0.151455,-0.163089
-0.195011,0.151457,0.163088
