mx,my,mz
0,0,5.46532e-06
0,0,-5.45962e-06
0,0,5.45563e-06
0,0,-5.46161e-06
0,0,-5.46294e-06
0,0,5.46633e-06
0,0,-5.46231e-06
0,0,5.45921e-06
0,0,5.45567e-06
0,0,-5.46223e-06
0,0,5.4656e-06
0,0,-5.45932e-06
0,0,-5.46303e-06
0,0,5.46051e-06
0,0,-5.4639e-06
0,0,5.4667e-06
