mx,my,mz
0,0,0.187588
0,0,-0.187588
0,0,0.187588
0,0,-0.187588
0,0,-0.187588
0,0,0.187588
0,0,-0.187588
0,0,0.187588
0,0,0.187588
0,0,-0.187588
0,0,0.187588
0,0,-0.187588
0,0,-0.187588
0,0,0.187588
0,0,-0.187588
0,0,0.187588
