mx,my,mz
0,0,0.238533
0,0,0.227823
0,0,-0.227823
0,0,-0.238533
0,0,0.227823
0,0,-0.227823
0,0,0.227823
0,0,-0.227823
0,0,-0.227823
0,0,-0.238538
0,0,0.238538
0,0,0.227823
0,0,0.227823
0,0,-0.227823
0,0,0.227823
0,0,-0.227823
