mx,my,mz
0,0,0.23886
0,0,-0.209032
0,0,0.0332124
0,0,-0.192863
0,0,0.0200796
0,0,-0.0273069
0,0,0.291365
0,0,-0.289676
0,0,0.337595
0,0,-0.208015
0,0,0.299294
0,0,-0.0545087
0,0,0.158321
0,0,-0.111883
0,0,0.309059
0,0,-0.138979
