mx,my,mz
0,0,2.06969e-05
0,0,-2.07078e-05
0,0,2.0704e-05
0,0,-2.07019e-05
0,0,-2.06996e-05
0,0,2.07117e-05
0,0,-2.07079e-05
0,0,2.07045e-05
0,0,2.0704e-05
0,0,-2.07019e-05
0,0,2.06969e-05
0,0,-2.07078e-05
0,0,-2.07079e-05
0,0,2.07045e-05
0,0,-2.06996e-05
0,0,2.07117e-05
