mx,my,mz
0,0,3.93393e-06
0,0,-3.93729e-06
0,0,3.94268e-06
0,0,-3.92652e-06
0,0,-3.92266e-06
0,0,3.925e-06
0,0,-3.93499e-06
0,0,3.92032e-06
0,0,3.92668e-06
0,0,-3.93018e-06
0,0,3.94214e-06
0,0,-3.92803e-06
0,0,-3.90412e-06
0,0,3.9075e-06
0,0,-3.91479e-06
0,0,3.89889e-06
