mx,my,mz
0.181715,-0.19663,-0.138056
-0.181708,0.196637,0.138055
0.181716,-0.196632,-0.138053
-0.181709,0.196637,0.138055
-0.181711,0.196633,0.138058
0.181712,-0.196632,-0.138057
-0.181711,0.196633,0.138058
0.181714,-0.196632,-0.138056
0.181716,-0.196632,-0.138053
-0.181709,0.196637,0.138055
0.181715,-0.19663,-0.138056
-0.181708,0.196637,0.138055
-0.181711,0.196633,0.138058
0.181714,-0.196632,-0.138056
-0.18171,0.196634,0.138058
0.181712,-0.196632,-0.138057
