mx,my,mz
0,0,0.230592
0,0,-0.230592
0,0,-0.228784
0,0,0.228784
0,0,0.228784
0,0,-0.228784
0,0,0.228784
0,0,-0.228784
0,0,-0.228784
0,0,0.228784
0,0,0.230587
0,0,-0.230587
0,0,0.228784
0,0,-0.228784
0,0,0.228784
0,0,-0.228784
