mx,my,mz
0.133736,-0.0672813,-0.124201
-0.133736,0.0672813,0.124201
0.133736,-0.0672813,-0.124201
-0.133736,0.0672813,0.124201
-0.133736,0.0672813,0.124201
0.133736,-0.0672813,-0.124201
-0.133736,0.0672813,0.124201
0.133736,-0.0672813,-0.124201
0.133736,-0.0672813,-0.124201
-0.133736,0.0672813,0.124201
0.133736,-0.0672813,-0.124201
-0.133736,0.0672813,0.124201
-0.133736,0.0672813,0.124201
0.133736,-0.0672813,-0.124201
-0.133736,0.0672813,0.124201
0.133736,-0.0672813,-0.124201
