mx,my,mz
0,0,0.278784
0,0,-0.278784
0,0,0.278784
0,0,-0.278784
0,0,-0.278784
0,0,0.278784
0,0,-0.278784
0,0,0.278784
0,0,0.278784
0,0,-0.278784
0,0,0.278784
0,0,-0.278784
0,0,-0.278784
0,0,0.278784
0,0,-0.278784
0,0,0.278784
