mx,my,mz
-0.237884,0.17974,0.0646618
0.237886,-0.179738,-0.0646613
-0.237884,0.179739,0.0646618
0.237885,-0.179738,-0.0646611
0.237887,-0.179737,-0.0646587
-0.237885,0.17974,0.0646583
0.237886,-0.179738,-0.0646587
-0.237883,0.179742,0.0646568
-0.237884,0.179739,0.0646618
0.237885,-0.179738,-0.0646611
-0.237884,0.17974,0.0646618
0.237886,-0.179738,-0.0646613
0.237886,-0.179738,-0.0646587
-0.237883,0.179742,0.0646568
0.237887,-0.179737,-0.0646588
-0.237885,0.17974,0.0646583
