mx,my,mz
0,0,6.32012e-06
0,0,-6.32245e-06
0,0,6.31749e-06
0,0,-6.31217e-06
0,0,-6.31644e-06
0,0,6.30953e-06
0,0,-6.31404e-06
0,0,6.31796e-06
0,0,6.31767e-06
0,0,-6.31224e-06
0,0,6.32014e-06
0,0,-6.32259e-06
0,0,-6.31413e-06
0,0,6.31795e-06
0,0,-6.31638e-06
0,0,6.30958e-06
