mx,my,mz
0,0,0.20146
0,0,-0.0497624
0,0,0.322431
0,0,-0.320072
0,0,0.0450437
0,0,-0.205616
0,0,0.292084
0,0,-0.107953
0,0,0.35032
0,0,-0.193017
0,0,0.0601515
0,0,-0.0826701
0,0,0.339863
0,0,-0.244559
0,0,0.0650771
0,0,-0.233007
