mx,my,mz
0,0,5.71675e-07
0,0,-1.49651e-07
0,0,1.9357e-08
0,0,-6.38164e-07
0,0,9.17482e-08
0,0,-5.78773e-07
0,0,8.60572e-08
0,0,-5.82899e-07
0,0,2.48676e-07
0,0,-5.09399e-07
0,0,1.3518e-08
0,0,-5.98968e-07
0,0,2.67436e-07
0,0,-4.76238e-07
0,0,2.88711e-07
0,0,-3.22431e-07
