mx,my,mz
0,0,5.54457e-06
0,0,-5.54973e-06
0,0,5.553e-06
0,0,-5.5465e-06
0,0,-5.55555e-06
0,0,5.5448e-06
0,0,-5.54335e-06
0,0,5.55275e-06
0,0,5.55279e-06
0,0,-5.54615e-06
0,0,5.54425e-06
0,0,-5.54955e-06
0,0,-5.54337e-06
0,0,5.55263e-06
0,0,-5.55545e-06
0,0,5.54485e-06
