mx,my,mz
0,0,4.88992e-06
0,0,-4.67303e-06
0,0,4.55695e-06
0,0,-4.63803e-06
0,0,-4.74471e-06
0,0,4.48202e-06
0,0,-4.36147e-06
0,0,4.49037e-06
0,0,5.13443e-06
0,0,-4.78823e-06
0,0,4.68728e-06
0,0,-4.91223e-06
0,0,-4.64182e-06
0,0,4.33148e-06
0,0,-4.23984e-06
0,0,4.42326e-06
