mx,my,mz
0.104784,0.102471,0.15462
-0.104784,-0.102471,-0.15462
0.104784,0.102471,0.15462
-0.104784,-0.102471,-0.15462
-0.104784,-0.102471,-0.15462
0.104784,0.102471,0.15462
-0.104784,-0.102471,-0.15462
0.104784,0.102471,0.15462
0.104784,0.102471,0.15462
-0.104784,-0.102471,-0.15462
0.104784,0.102471,0.15462
-0.104784,-0.102471,-0.15462
-0.104784,-0.102471,-0.15462
0.104784,0.102471,0.15462
-0.104784,-0.102471,-0.15462
0.104784,0.102471,0.15462
