mx,my,mz
0.0515951,-0.0289209,0.038362
-0.0515951,0.0289209,-0.038362
0.0515951,-0.0289209,0.038362
-0.0515951,0.0289209,-0.038362
-0.0515951,0.0289208,-0.038362
0.0515951,-0.0289209,0.038362
-0.0515951,0.0289208,-0.038362
0.0515951,-0.0289209,0.038362
0.0515951,-0.0289209,0.038362
-0.0515951,0.0289209,-0.038362
0.0515951,-0.0289209,0.038362
-0.0515951,0.0289209,-0.038362
-0.0515951,0.0289208,-0.038362
0.0515951,-0.0289209,0.038362
-0.0515951,0.0289208,-0.038362
0.0515951,-0.0289209,0.038362
