mx,my,mz
0.183758,-0.108736,0.031478
-0.183758,0.108737,-0.0314779
0.183758,-0.108737,0.0314779
-0.183758,0.108737,-0.0314778
-0.183758,0.108737,-0.0314774
0.183758,-0.108737,0.031477
-0.183758,0.108737,-0.0314767
0.183758,-0.108737,0.0314769
0.183758,-0.108737,0.031478
-0.183758,0.108737,-0.0314779
0.183758,-0.108736,0.031478
-0.183758,0.108737,-0.0314779
-0.183758,0.108737,-0.0314767
0.183758,-0.108737,0.0314769
-0.183758,0.108737,-0.0314774
0.183758,-0.108737,0.0314769
