mx,my,mz
0,0,5.70117e-06
0,0,-5.70031e-06
0,0,5.71258e-06
0,0,-5.70937e-06
0,0,-5.70564e-06
0,0,5.71015e-06
0,0,-5.71073e-06
0,0,5.70216e-06
0,0,5.7126e-06
0,0,-5.70941e-06
0,0,5.70118e-06
0,0,-5.7003e-06
0,0,-5.71071e-06
0,0,5.70215e-06
0,0,-5.70561e-06
0,0,5.7101e-06
