mx,my,mz
0,0,3.99807e-07
0,0,-3.88952e-07
0,0,9.25246e-08
0,0,-2.80185e-07
0,0,6.05119e-07
0,0,-3.62851e-07
0,0,2.26736e-07
0,0,-4.05866e-07
0,0,3.13034e-07
0,0,-8.82421e-08
0,0,3.37753e-07
0,0,-4.26837e-07
0,0,3.45177e-08
0,0,-2.39937e-09
0,0,7.06017e-07
0,0,-2.28478e-07
