mx,my,mz
0,0,0.221683
0,0,-0.221683
0,0,-0.229748
0,0,0.229748
0,0,0.229748
0,0,-0.229748
0,0,0.229748
0,0,-0.229748
0,0,-0.229748
0,0,0.229748
0,0,0.221682
0,0,-0.221682
0,0,0.229748
0,0,-0.229748
0,0,0.229748
0,0,-0.229748
