mx,my,mz
0,0,4.95283e-07
0,0,-2.50912e-07
0,0,4.7575e-07
0,0,-5.00065e-07
0,0,2.19061e-07
0,0,-6.82026e-07
0,0,5.1552e-08
0,0,-6.71462e-07
0,0,2.94753e-07
0,0,-5.21252e-07
0,0,5.19484e-07
0,0,-4.81447e-08
0,0,2.87721e-07
0,0,-3.4016e-07
0,0,3.41043e-08
0,0,-7.78378e-07
