mx,my,mz
0,0,-0.281039
0,0,0.281039
0,0,-0.281039
0,0,0.281039
0,0,0.281039
0,0,-0.281039
0,0,0.281039
0,0,-0.281039
0,0,-0.281039
0,0,0.281039
0,0,-0.281039
0,0,0.281039
0,0,0.281039
0,0,-0.281039
0,0,0.281039
0,0,-0.281039
