mx,my,mz
0,0,-3.72379e-05
0,0,3.72441e-05
0,0,-3.72417e-05
0,0,3.72346e-05
0,0,3.72522e-05
0,0,-3.72459e-05
0,0,3.72423e-05
0,0,-3.72477e-05
0,0,-3.72417e-05
0,0,3.72346e-05
0,0,-3.72379e-05
0,0,3.72441e-05
0,0,3.72423e-05
0,0,-3.72477e-05
0,0,3.72522e-05
0,0,-3.72459e-05
