mx,my,mz
0,0,-0.250855
0,0,0.250855
0,0,-0.250855
0,0,0.250855
0,0,0.250855
0,0,-0.250855
0,0,0.250855
0,0,-0.250855
0,0,-0.250855
0,0,0.250855
0,0,-0.250855
0,0,0.250855
0,0,0.250855
0,0,-0.250855
0,0,0.250855
0,0,-0.250855
