mx,my,mz
0,0,4.20632e-07
0,0,-2.44994e-07
0,0,5.60781e-07
0,0,-7.14449e-08
0,0,2.29726e-07
0,0,-1.5093e-07
0,0,3.91249e-08
0,0,-3.02348e-07
0,0,3.47163e-07
0,0,-2.31433e-07
0,0,1.1649e-07
0,0,-2.2408e-07
0,0,6.46232e-08
0,0,-4.07193e-07
0,0,4.48209e-07
0,0,-4.79641e-07
