mx,my,mz
-0.14194,0.143359,0.0588975
0.14194,-0.143359,-0.0588976
-0.14194,0.143359,0.0588977
0.14194,-0.143358,-0.0588977
0.14194,-0.143359,-0.0588972
-0.14194,0.143359,0.0588973
0.14194,-0.143359,-0.0588972
-0.14194,0.143359,0.0588973
-0.14194,0.143359,0.0588977
0.14194,-0.143358,-0.0588977
-0.14194,0.143359,0.0588975
0.14194,-0.143359,-0.0588976
0.14194,-0.143359,-0.0588973
-0.14194,0.143359,0.0588973
0.14194,-0.143359,-0.0588972
-0.14194,0.143359,0.0588973
