mx,my,mz
0,0,-0.228017
0,0,-0.237087
0,0,0.237087
0,0,0.228019
0,0,0.228018
0,0,-0.228019
0,0,0.228018
0,0,-0.228019
0,0,0.237085
0,0,0.228019
0,0,-0.228017
0,0,-0.237085
0,0,0.228018
0,0,-0.228019
0,0,0.228018
0,0,-0.228019
