mx,my,mz
0,0,-3.04438e-06
0,0,2.93246e-06
0,0,-2.89196e-06
0,0,2.96377e-06
0,0,3.10926e-06
0,0,-2.96742e-06
0,0,2.95887e-06
0,0,-3.04903e-06
0,0,-3.1528e-06
0,0,3.02773e-06
0,0,-3.06542e-06
0,0,3.13508e-06
0,0,3.32142e-06
0,0,-3.23263e-06
0,0,3.23294e-06
0,0,-3.28052e-06
