mx,my,mz
0,0,-0.133703
0,0,0.133703
0,0,-0.133703
0,0,0.133703
0,0,0.133703
0,0,-0.133703
0,0,0.133703
0,0,-0.133703
0,0,-0.133703
0,0,0.133703
0,0,-0.133703
0,0,0.133703
0,0,0.133703
0,0,-0.133703
0,0,0.133703
0,0,-0.133703
