mx,my,mz
0,0,0.301707
0,0,-0.301707
0,0,0.301707
0,0,-0.301707
0,0,-0.301706
0,0,0.301706
0,0,-0.301706
0,0,0.301706
0,0,0.301707
0,0,-0.301707
0,0,0.301707
0,0,-0.301707
0,0,-0.301706
0,0,0.301706
0,0,-0.301706
0,0,0.301706
