mx,my,mz
0.117887,-0.0765554,0.0408529
-0.117887,0.0765555,-0.0408529
0.117887,-0.0765554,0.0408529
-0.117887,0.0765555,-0.0408529
-0.117887,0.0765555,-0.0408529
0.117887,-0.0765555,0.0408529
-0.117887,0.0765555,-0.0408529
0.117887,-0.0765555,0.0408529
0.117887,-0.0765554,0.0408529
-0.117887,0.0765555,-0.0408529
0.117887,-0.0765554,0.0408529
-0.117887,0.0765555,-0.0408529
-0.117887,0.0765555,-0.0408529
0.117887,-0.0765555,0.0408529
-0.117887,0.0765555,-0.0408529
0.117887,-0.0765555,0.0408529
