mx,my,mz
0,0,-2.75974e-06
0,0,3.05879e-06
0,0,-3.21019e-06
0,0,2.79099e-06
0,0,3.21845e-06
0,0,-3.48146e-06
0,0,3.63989e-06
0,0,-3.2569e-06
0,0,-2.97808e-06
0,0,3.19147e-06
0,0,-3.32781e-06
0,0,2.97435e-06
0,0,3.08824e-06
0,0,-3.36336e-06
0,0,3.52494e-06
0,0,-3.12966e-06
