mx,my,mz
-0.170944,0.221428,0.0103957
0.170945,-0.221427,-0.0103958
-0.170942,0.221429,0.010397
0.170944,-0.221428,-0.0103957
0.170946,-0.221427,-0.0103936
-0.170942,0.221429,0.0103939
0.170945,-0.221427,-0.0103924
-0.170944,0.221428,0.0103908
-0.170942,0.221429,0.0103971
0.170944,-0.221428,-0.0103958
-0.170944,0.221428,0.0103957
0.170945,-0.221427,-0.0103959
0.170945,-0.221427,-0.0103925
-0.170944,0.221428,0.0103909
0.170946,-0.221427,-0.0103937
-0.170942,0.221429,0.010394
