mx,my,mz
0,0,0.000119703
0,0,-0.000119706
0,0,0.000119691
0,0,-0.000119698
0,0,-0.000119693
0,0,0.000119701
0,0,-0.000119699
0,0,0.000119701
0,0,0.000119691
0,0,-0.000119698
0,0,0.000119703
0,0,-0.000119706
0,0,-0.000119699
0,0,0.000119701
0,0,-0.000119693
0,0,0.000119701
