mx,my,mz
0,0,0.304954
0,0,-0.304954
0,0,0.304954
0,0,-0.304954
0,0,-0.304954
0,0,0.304954
0,0,-0.304954
0,0,0.304954
0,0,0.304954
0,0,-0.304954
0,0,0.304954
0,0,-0.304954
0,0,-0.304954
0,0,0.304954
0,0,-0.304954
0,0,0.304954
