mx,my,mz
0.158641,-0.1645,0.202971
-0.158638,0.164504,-0.20297
0.158641,-0.1645,0.202971
-0.158637,0.164503,-0.202971
-0.158639,0.164506,-0.202968
0.158643,-0.164501,0.202968
-0.158641,0.164506,-0.202966
0.158644,-0.164503,0.202967
0.158641,-0.1645,0.202971
-0.158637,0.164503,-0.202971
0.158641,-0.1645,0.202971
-0.158638,0.164504,-0.20297
-0.158641,0.164506,-0.202966
0.158644,-0.164503,0.202967
-0.158639,0.164506,-0.202968
0.158644,-0.164501,0.202968
