mx,my,mz
0,0,-1.00531e-06
0,0,5.32945e-07
0,0,3.66885e-07
0,0,1.62669e-07
0,0,2.39927e-06
0,0,-1.64274e-06
0,0,8.8892e-07
0,0,-1.70314e-06
0,0,-1.19931e-06
0,0,1.24835e-07
0,0,1.5414e-08
0,0,1.01461e-06
0,0,1.57815e-06
0,0,-8.05453e-07
0,0,5.08267e-07
0,0,-1.42926e-06
