mx,my,mz
0,0,1.19949e-05
0,0,-1.19939e-05
0,0,1.19917e-05
0,0,-1.19875e-05
0,0,-1.19944e-05
0,0,1.19977e-05
0,0,-1.1994e-05
0,0,1.19855e-05
0,0,1.19917e-05
0,0,-1.19875e-05
0,0,1.19949e-05
0,0,-1.19939e-05
0,0,-1.1994e-05
0,0,1.19855e-05
0,0,-1.19944e-05
0,0,1.19977e-05
