mx,my,mz
0.186766,-0.239822,-0.0321039
-0.186763,0.239824,0.0321048
0.186768,-0.23982,-0.0321052
-0.186765,0.239823,0.0321034
-0.186766,0.239822,0.0321084
0.186768,-0.23982,-0.032109
-0.186765,0.239823,0.0321082
0.186768,-0.23982,-0.0321078
0.186768,-0.23982,-0.0321052
-0.186764,0.239823,0.0321034
0.186766,-0.239822,-0.0321039
-0.186763,0.239824,0.0321048
-0.186765,0.239823,0.0321082
0.186767,-0.23982,-0.0321079
-0.186766,0.239822,0.0321084
0.186768,-0.23982,-0.032109
