mx,my,mz
0,0,0.304167
0,0,-0.304167
0,0,0.304167
0,0,-0.304167
0,0,-0.304167
0,0,0.304167
0,0,-0.304167
0,0,0.304167
0,0,0.304167
0,0,-0.304167
0,0,0.304167
0,0,-0.304167
0,0,-0.304167
0,0,0.304167
0,0,-0.304167
0,0,0.304167
