mx,my,mz
-0.164138,0.112211,0.138445
0.164139,-0.112211,-0.138444
-0.164139,0.112212,0.138443
0.164139,-0.112211,-0.138443
0.16414,-0.112211,-0.138442
-0.164139,0.112212,0.138443
0.16414,-0.11221,-0.138443
-0.164139,0.112212,0.138442
-0.164139,0.112212,0.138443
0.164139,-0.112211,-0.138443
-0.164138,0.112211,0.138445
0.164139,-0.112211,-0.138444
0.16414,-0.11221,-0.138443
-0.164139,0.112212,0.138442
0.164139,-0.112211,-0.138443
-0.164139,0.112212,0.138443
