mx,my,mz
0.0404828,0.169317,-0.0962255
-0.0404828,-0.169317,0.0962255
0.0404828,0.169317,-0.0962255
-0.0404828,-0.169317,0.0962255
-0.0404828,-0.169317,0.0962255
0.0404828,0.169317,-0.0962255
-0.0404828,-0.169317,0.0962255
0.0404828,0.169317,-0.0962255
0.0404828,0.169317,-0.0962255
-0.0404828,-0.169317,0.0962255
0.0404828,0.169317,-0.0962255
-0.0404828,-0.169317,0.0962255
-0.0404828,-0.169317,0.0962255
0.0404828,0.169317,-0.0962255
-0.0404828,-0.169317,0.0962255
0.0404828,0.169317,-0.0962255
