mx,my,mz
0,0,0.302449
0,0,-0.302449
0,0,0.302449
0,0,-0.302449
0,0,-0.302449
0,0,0.302449
0,0,-0.302449
0,0,0.302449
0,0,0.302449
0,0,-0.302449
0,0,0.302449
0,0,-0.302449
0,0,-0.302449
0,0,0.302449
0,0,-0.302449
0,0,0.302449
