mx,my,mz
0,0,0.304635
0,0,-0.304635
0,0,0.304635
0,0,-0.304635
0,0,-0.304635
0,0,0.304635
0,0,-0.304635
0,0,0.304635
0,0,0.304635
0,0,-0.304635
0,0,0.304635
0,0,-0.304635
0,0,-0.304635
0,0,0.304635
0,0,-0.304635
0,0,0.304635
