mx,my,mz
0.213631,-0.149539,0.120037
-0.21363,0.149541,-0.120037
0.213631,-0.149539,0.120037
-0.213628,0.149542,-0.120039
-0.213631,0.149541,-0.120034
0.213632,-0.14954,0.120034
-0.21363,0.149542,-0.120035
0.213632,-0.149539,0.120036
0.213631,-0.149539,0.120037
-0.213628,0.149542,-0.120039
0.213631,-0.149539,0.120037
-0.21363,0.14954,-0.120037
-0.21363,0.149542,-0.120035
0.213632,-0.149539,0.120035
-0.213632,0.149541,-0.120034
0.213632,-0.14954,0.120034
