mx,my,mz
0,0,5.94337e-06
0,0,-5.94609e-06
0,0,5.95152e-06
0,0,-5.94296e-06
0,0,-5.95431e-06
0,0,5.947e-06
0,0,-5.94867e-06
0,0,5.95014e-06
0,0,5.95205e-06
0,0,-5.94323e-06
0,0,5.94349e-06
0,0,-5.94647e-06
0,0,-5.94882e-06
0,0,5.95002e-06
0,0,-5.95406e-06
0,0,5.94701e-06
