mx,my,mz
0,0,2.19479e-05
0,0,-2.19551e-05
0,0,2.19538e-05
0,0,-2.19414e-05
0,0,-2.19495e-05
0,0,2.19441e-05
0,0,-2.19484e-05
0,0,2.19485e-05
0,0,2.19538e-05
0,0,-2.19414e-05
0,0,2.19479e-05
0,0,-2.19551e-05
0,0,-2.19484e-05
0,0,2.19485e-05
0,0,-2.19495e-05
0,0,2.19441e-05
