mx,my,mz
0,0,-1.00024e-05
0,0,1.0006e-05
0,0,-1.00065e-05
0,0,9.99708e-06
0,0,1.0007e-05
0,0,-1.00026e-05
0,0,1.0009e-05
0,0,-1.00076e-05
0,0,-1.00065e-05
0,0,9.99708e-06
0,0,-1.00024e-05
0,0,1.0006e-05
0,0,1.0009e-05
0,0,-1.00076e-05
0,0,1.0007e-05
0,0,-1.00026e-05
