mx,my,mz
0.195064,-0.222102,0.0746621
-0.19506,0.222105,-0.0746618
0.195063,-0.222103,0.0746604
-0.195062,0.222104,-0.0746604
-0.195061,0.222106,-0.074658
0.195064,-0.222103,0.0746582
-0.195061,0.222105,-0.0746581
0.195065,-0.222102,0.0746566
0.195063,-0.222103,0.0746604
-0.195062,0.222104,-0.0746604
0.195064,-0.222102,0.0746621
-0.19506,0.222105,-0.0746617
-0.195061,0.222105,-0.0746581
0.195065,-0.222102,0.0746566
-0.195061,0.222106,-0.074658
0.195064,-0.222103,0.0746582
