mx,my,mz
0,0,0.227927
0,0,-0.227926
0,0,0.227927
0,0,-0.227926
0,0,-0.227926
0,0,0.227925
0,0,0.237786
0,0,-0.237787
0,0,0.227927
0,0,-0.227926
0,0,0.227927
0,0,-0.227926
0,0,0.237784
0,0,-0.237784
0,0,-0.227926
0,0,0.227925
