mx,my,mz
0,0,-4.20285e-06
0,0,4.19631e-06
0,0,-4.20072e-06
0,0,4.19788e-06
0,0,4.20866e-06
0,0,-4.20566e-06
0,0,4.20772e-06
0,0,-4.20147e-06
0,0,-4.19954e-06
0,0,4.19583e-06
0,0,-4.20099e-06
0,0,4.19531e-06
0,0,4.20367e-06
0,0,-4.19661e-06
0,0,4.20403e-06
0,0,-4.20181e-06
