mx,my,mz
0,0,0.238622
0,0,-0.208823
0,0,0.0331792
0,0,-0.19267
0,0,0.0200595
0,0,-0.0272796
0,0,0.291074
0,0,-0.289386
0,0,0.337257
0,0,-0.207807
0,0,0.298995
0,0,-0.0544542
0,0,0.158163
0,0,-0.111771
0,0,0.30875
0,0,-0.13884
