mx,my,mz
-0.180587,0.177204,0.0674741
0.180589,-0.177203,-0.0674728
-0.180587,0.177205,0.067473
0.180588,-0.177203,-0.0674752
0.180589,-0.177204,-0.0674691
-0.180586,0.177206,0.0674701
0.180589,-0.177204,-0.0674704
-0.180587,0.177206,0.0674703
-0.180587,0.177205,0.0674731
0.180587,-0.177203,-0.0674753
-0.180587,0.177204,0.0674741
0.180589,-0.177203,-0.0674727
0.180589,-0.177203,-0.0674704
-0.180587,0.177206,0.0674704
0.180589,-0.177204,-0.0674691
-0.180587,0.177206,0.06747
