mx,my,mz
0,0,0.296117
0,0,-0.296117
0,0,0.296117
0,0,-0.296117
0,0,-0.296117
0,0,0.296117
0,0,-0.296117
0,0,0.296117
0,0,0.296117
0,0,-0.296117
0,0,0.296117
0,0,-0.296117
0,0,-0.296117
0,0,0.296117
0,0,-0.296117
0,0,0.296117
