mx,my,mz
0,0,-4.81224e-06
0,0,4.8196e-06
0,0,-4.81243e-06
0,0,4.81915e-06
0,0,4.81259e-06
0,0,-4.8191e-06
0,0,4.81157e-06
0,0,-4.81903e-06
0,0,-4.80479e-06
0,0,4.81508e-06
0,0,-4.81143e-06
0,0,4.81513e-06
0,0,4.80509e-06
0,0,-4.81624e-06
0,0,4.81299e-06
0,0,-4.81576e-06
