mx,my,mz
-0.219355,0.0716946,0.0402746
0.219355,-0.0716944,-0.040274
-0.219355,0.0716947,0.0402748
0.219355,-0.0716943,-0.0402742
0.219355,-0.0716944,-0.0402735
-0.219355,0.0716946,0.0402728
0.219355,-0.0716942,-0.0402733
-0.219355,0.0716953,0.0402731
-0.219355,0.0716947,0.0402748
0.219355,-0.0716943,-0.0402742
-0.219355,0.0716945,0.0402747
0.219355,-0.0716944,-0.040274
0.219355,-0.0716942,-0.0402733
-0.219355,0.0716952,0.0402731
0.219355,-0.0716943,-0.0402735
-0.219355,0.0716945,0.0402728
