mx,my,mz
-0.19064,0.11775,-0.206099
0.190645,-0.117741,0.206099
-0.190636,0.117753,-0.206101
0.190645,-0.117738,0.206101
0.19064,-0.117742,0.206103
-0.190636,0.117747,-0.206104
0.190641,-0.117739,0.206104
-0.190638,0.117745,-0.206103
-0.190635,0.117753,-0.206101
0.190645,-0.117738,0.206101
-0.19064,0.11775,-0.206099
0.190645,-0.117741,0.206099
0.190641,-0.117739,0.206104
-0.190638,0.117745,-0.206103
0.19064,-0.117742,0.206103
-0.190636,0.117746,-0.206104
