mx,my,mz
0,0,0.144676
0,0,-0.144676
0,0,0.144676
0,0,-0.144676
0,0,-0.144676
0,0,0.144676
0,0,-0.144676
0,0,0.144676
0,0,0.144676
0,0,-0.144676
0,0,0.144676
0,0,-0.144676
0,0,-0.144676
0,0,0.144676
0,0,-0.144676
0,0,0.144676
