mx,my,mz
0,0,0.242203
0,0,-0.211957
0,0,0.0336759
0,0,-0.19556
0,0,0.0203589
0,0,-0.0276883
0,0,0.295439
0,0,-0.293727
0,0,0.342315
0,0,-0.210928
0,0,0.303477
0,0,-0.0552728
0,0,0.160534
0,0,-0.113448
0,0,0.31338
0,0,-0.140924
