mx,my,mz
0,0,0.241582
0,0,-0.241582
0,0,0.241582
0,0,-0.241582
0,0,-0.241582
0,0,0.241582
0,0,-0.241582
0,0,0.241582
0,0,0.241582
0,0,-0.241582
0,0,0.241582
0,0,-0.241582
0,0,-0.241582
0,0,0.241582
0,0,-0.241582
0,0,0.241582
