mx,my,mz
0,0,5.94609e-06
0,0,-5.93817e-06
0,0,5.94513e-06
0,0,-5.94847e-06
0,0,-5.9391e-06
0,0,5.93764e-06
0,0,-5.9495e-06
0,0,5.94638e-06
0,0,5.94556e-06
0,0,-5.94868e-06
0,0,5.94619e-06
0,0,-5.93848e-06
0,0,-5.94962e-06
0,0,5.94628e-06
0,0,-5.93889e-06
0,0,5.93764e-06
