mx,my,mz
0,0,0.289966
0,0,-0.289966
0,0,0.289966
0,0,-0.289966
0,0,-0.289966
0,0,0.289966
0,0,-0.289966
0,0,0.289966
0,0,0.289966
0,0,-0.289966
0,0,0.289966
0,0,-0.289966
0,0,-0.289966
0,0,0.289966
0,0,-0.289966
0,0,0.289966
