mx,my,mz
-0.18811,0.212698,0.106724
0.188112,-0.212695,-0.106725
-0.188111,0.212698,0.106721
0.188112,-0.212696,-0.106723
0.188114,-0.212696,-0.106719
-0.18811,0.212699,0.10672
0.188113,-0.212698,-0.106717
-0.18811,0.2127,0.106719
-0.188111,0.212698,0.106721
0.188112,-0.212696,-0.106723
-0.18811,0.212698,0.106724
0.188112,-0.212695,-0.106725
0.188113,-0.212698,-0.106717
-0.18811,0.2127,0.106719
0.188114,-0.212696,-0.106719
-0.18811,0.212699,0.10672
