mx,my,mz
0,0,-0.303919
0,0,0.303919
0,0,-0.303919
0,0,0.303919
0,0,0.303919
0,0,-0.303919
0,0,0.303919
0,0,-0.303919
0,0,-0.303919
0,0,0.303919
0,0,-0.303919
0,0,0.303919
0,0,0.303919
0,0,-0.303919
0,0,0.303919
0,0,-0.303919
