mx,my,mz
0,0,-0.227839
0,0,0.227839
0,0,0.23842
0,0,-0.23842
0,0,0.227839
0,0,-0.227839
0,0,0.227839
0,0,-0.227839
0,0,0.238424
0,0,-0.238424
0,0,-0.227839
0,0,0.227839
0,0,0.227839
0,0,-0.227839
0,0,0.227839
0,0,-0.227839
