mx,my,mz
0,0,5.97652e-06
0,0,-5.98394e-06
0,0,5.99099e-06
0,0,-5.9863e-06
0,0,-5.98727e-06
0,0,5.98984e-06
0,0,-5.97818e-06
0,0,5.97833e-06
0,0,5.99143e-06
0,0,-5.98556e-06
0,0,5.97654e-06
0,0,-5.98513e-06
0,0,-5.97796e-06
0,0,5.97694e-06
0,0,-5.98663e-06
0,0,5.99037e-06
