mx,my,mz
0,0,0.228422
0,0,-0.228422
0,0,-0.229021
0,0,0.229021
0,0,0.229022
0,0,-0.229022
0,0,0.229022
0,0,-0.229022
0,0,-0.229022
0,0,0.229022
0,0,0.228418
0,0,-0.228418
0,0,0.229021
0,0,-0.229022
0,0,0.229022
0,0,-0.229022
