mx,my,mz
0,0,4.40096e-06
0,0,-4.41143e-06
0,0,4.41131e-06
0,0,-4.40458e-06
0,0,-4.38356e-06
0,0,4.38758e-06
0,0,-4.39057e-06
0,0,4.39077e-06
0,0,4.40305e-06
0,0,-4.40741e-06
0,0,4.40987e-06
0,0,-4.40968e-06
0,0,-4.39472e-06
0,0,4.40504e-06
0,0,-4.40285e-06
0,0,4.39615e-06
