mx,my,mz
0.192826,-0.156647,0.162218
-0.192822,0.156649,-0.16222
0.192825,-0.156645,0.162221
-0.192824,0.156648,-0.162219
-0.192826,0.15665,-0.162215
0.192827,-0.156648,0.162216
-0.192823,0.156651,-0.162218
0.192829,-0.156645,0.162216
0.192825,-0.156645,0.162221
-0.192824,0.156648,-0.162219
0.192826,-0.156647,0.162218
-0.192822,0.156649,-0.16222
-0.192823,0.156651,-0.162218
0.192829,-0.156646,0.162216
-0.192826,0.15665,-0.162215
0.192827,-0.156648,0.162216
