mx,my,mz
0.106724,-0.171528,-0.224953
-0.106718,0.171533,0.224952
0.106726,-0.171531,-0.22495
-0.106721,0.171533,0.224951
-0.10672,0.171529,0.224954
0.106724,-0.171526,-0.224955
-0.106722,0.171529,0.224953
0.106723,-0.171528,-0.224953
0.106726,-0.171531,-0.22495
-0.106721,0.171533,0.224951
0.106724,-0.171528,-0.224953
-0.106718,0.171533,0.224952
-0.106722,0.171529,0.224953
0.106723,-0.171528,-0.224953
-0.10672,0.171529,0.224954
0.106723,-0.171526,-0.224955
