mx,my,mz
0.265927,-0.126825,-0.0813837
-0.265925,0.126829,0.0813827
0.265927,-0.126825,-0.0813852
-0.265925,0.126829,0.081385
-0.265923,0.12683,0.0813882
0.265926,-0.126826,-0.0813864
-0.265925,0.126828,0.0813864
0.265926,-0.126826,-0.0813865
0.265927,-0.126825,-0.0813852
-0.265925,0.126828,0.081385
0.265927,-0.126825,-0.0813837
-0.265925,0.126829,0.0813827
-0.265925,0.126828,0.0813864
0.265926,-0.126826,-0.0813865
-0.265923,0.12683,0.0813882
0.265926,-0.126826,-0.0813864
