mx,my,mz
0,0,0.240622
0,0,-0.210574
0,0,0.033457
0,0,-0.194285
0,0,0.0202272
0,0,-0.0275081
0,0,0.293514
0,0,-0.291812
0,0,0.340084
0,0,-0.20955
0,0,0.301501
0,0,-0.0549112
0,0,0.159488
0,0,-0.112708
0,0,0.311338
0,0,-0.140004
