mx,my,mz
0,0,0.2265
0,0,0.229229
0,0,-0.229229
0,0,-0.2265
0,0,0.229229
0,0,-0.22923
0,0,0.229229
0,0,-0.229229
0,0,-0.229229
0,0,-0.226496
0,0,0.226496
0,0,0.22923
0,0,0.229229
0,0,-0.22923
0,0,0.229229
0,0,-0.229229
