mx,my,mz
0.0955358,0.201579,0.06064
-0.0955358,-0.201579,-0.0606403
0.0955354,0.201579,0.0606399
-0.095535,-0.201579,-0.0606405
-0.0955353,-0.20158,-0.0606387
0.0955351,0.20158,0.0606395
-0.0955352,-0.20158,-0.0606394
0.0955354,0.20158,0.0606393
0.0955355,0.201579,0.0606398
-0.0955351,-0.201579,-0.0606405
0.0955358,0.201579,0.0606399
-0.0955358,-0.201579,-0.0606403
-0.0955353,-0.20158,-0.0606393
0.0955355,0.20158,0.0606393
-0.0955353,-0.20158,-0.0606387
0.0955352,0.20158,0.0606395
