mx,my,mz
0.238243,-0.16257,-0.101184
-0.238239,0.162576,0.101183
0.238242,-0.16257,-0.101186
-0.238239,0.162575,0.101186
-0.238238,0.162573,0.101189
0.23824,-0.162571,-0.101187
-0.238239,0.162574,0.101187
0.238241,-0.162571,-0.101187
0.238242,-0.16257,-0.101186
-0.238239,0.162575,0.101186
0.238243,-0.16257,-0.101184
-0.238239,0.162576,0.101183
-0.238239,0.162574,0.101187
0.238241,-0.162571,-0.101187
-0.238238,0.162573,0.101189
0.23824,-0.162571,-0.101187
