mx,my,mz
-0.207858,0.213578,0.0218704
0.20786,-0.213576,-0.021869
-0.207858,0.213578,0.0218704
0.20786,-0.213576,-0.0218705
0.207861,-0.213576,-0.0218659
-0.207856,0.213581,0.0218646
0.207861,-0.213576,-0.0218648
-0.207858,0.213578,0.0218657
-0.207858,0.213578,0.0218703
0.207861,-0.213576,-0.0218704
-0.207858,0.213578,0.0218703
0.20786,-0.213576,-0.021869
0.207861,-0.213576,-0.0218648
-0.207859,0.213578,0.0218656
0.207861,-0.213576,-0.0218659
-0.207856,0.213581,0.0218647
