mx,my,mz
-0.18234,0.226803,0.0931604
0.182343,-0.226802,-0.0931601
-0.18234,0.226804,0.093159
0.182342,-0.226802,-0.0931615
0.182343,-0.226803,-0.0931562
-0.18234,0.226805,0.0931568
0.182344,-0.226802,-0.0931574
-0.18234,0.226805,0.0931581
-0.18234,0.226804,0.093159
0.182342,-0.226802,-0.0931615
-0.182341,0.226803,0.0931604
0.182343,-0.226802,-0.0931602
0.182344,-0.226802,-0.0931574
-0.18234,0.226805,0.0931581
0.182343,-0.226803,-0.0931562
-0.18234,0.226805,0.0931568
