mx,my,mz
0,0,0.245017
0,0,-0.245017
0,0,0.245017
0,0,-0.245017
0,0,-0.245017
0,0,0.245017
0,0,-0.245017
0,0,0.245017
0,0,0.245017
0,0,-0.245017
0,0,0.245017
0,0,-0.245017
0,0,-0.245017
0,0,0.245017
0,0,-0.245017
0,0,0.245017
