mx,my,mz
0,0,-7.25269e-06
0,0,7.24169e-06
0,0,-7.25048e-06
0,0,7.25804e-06
0,0,7.25004e-06
0,0,-7.25471e-06
0,0,7.25417e-06
0,0,-7.24606e-06
0,0,-7.25047e-06
0,0,7.25807e-06
0,0,-7.2527e-06
0,0,7.24166e-06
0,0,7.25415e-06
0,0,-7.24608e-06
0,0,7.25004e-06
0,0,-7.25468e-06
