mx,my,mz
0.0675226,-0.098425,-0.238255
-0.0675125,0.0984309,0.238255
0.0675217,-0.0984236,-0.238256
-0.0675143,0.0984276,0.238256
-0.0675144,0.098427,0.238256
0.0675121,-0.098421,-0.238259
-0.0675102,0.0984228,0.238259
0.0675156,-0.098421,-0.238258
0.0675217,-0.0984233,-0.238256
-0.0675141,0.0984273,0.238256
0.0675226,-0.0984249,-0.238255
-0.0675126,0.0984309,0.238255
-0.0675104,0.0984226,0.238259
0.0675157,-0.0984206,-0.238259
-0.0675146,0.0984269,0.238256
0.0675124,-0.0984209,-0.238259
