mx,my,mz
0,0,0.23864
0,0,-0.208839
0,0,0.0331817
0,0,-0.192685
0,0,0.0200611
0,0,-0.0272817
0,0,0.291096
0,0,-0.289408
0,0,0.337283
0,0,-0.207823
0,0,0.299018
0,0,-0.0544584
0,0,0.158175
0,0,-0.111779
0,0,0.308774
0,0,-0.13885
