mx,my,mz
0.208326,-0.16207,-0.0538325
-0.208326,0.162071,0.0538311
0.208327,-0.16207,-0.0538311
-0.208325,0.162073,0.0538311
-0.208324,0.162072,0.0538348
0.208327,-0.162068,-0.0538354
-0.208325,0.16207,0.0538366
0.208327,-0.162069,-0.0538343
0.208327,-0.16207,-0.0538312
-0.208325,0.162073,0.0538312
0.208326,-0.16207,-0.0538325
-0.208326,0.162071,0.0538311
-0.208325,0.16207,0.0538365
0.208327,-0.162069,-0.0538343
-0.208324,0.162072,0.0538346
0.208327,-0.162068,-0.0538352
