mx,my,mz
0,0,-0.266973
0,0,0.266973
0,0,-0.266973
0,0,0.266973
0,0,0.266973
0,0,-0.266973
0,0,0.266973
0,0,-0.266973
0,0,-0.266973
0,0,0.266973
0,0,-0.266973
0,0,0.266973
0,0,0.266973
0,0,-0.266973
0,0,0.266973
0,0,-0.266973
