mx,my,mz
0,0,2.26791e-05
0,0,-2.26698e-05
0,0,2.26683e-05
0,0,-2.26814e-05
0,0,-2.2672e-05
0,0,2.26754e-05
0,0,-2.26753e-05
0,0,2.26757e-05
0,0,2.26683e-05
0,0,-2.26814e-05
0,0,2.26791e-05
0,0,-2.26698e-05
0,0,-2.26753e-05
0,0,2.26757e-05
0,0,-2.2672e-05
0,0,2.26754e-05
