mx,my,mz
0,0,-0.178922
0,0,0.178922
0,0,-0.178922
0,0,0.178922
0,0,0.178922
0,0,-0.178922
0,0,0.178922
0,0,-0.178922
0,0,-0.178922
0,0,0.178922
0,0,-0.178922
0,0,0.178922
0,0,0.178922
0,0,-0.178922
0,0,0.178922
0,0,-0.178922
