mx,my,mz
0,0,0.304282
0,0,-0.304282
0,0,0.304282
0,0,-0.304282
0,0,-0.304282
0,0,0.304282
0,0,-0.304282
0,0,0.304282
0,0,0.304282
0,0,-0.304282
0,0,0.304282
0,0,-0.304282
0,0,-0.304282
0,0,0.304282
0,0,-0.304282
0,0,0.304282
