mx,my,mz
0,0,-4.64794e-06
0,0,4.66109e-06
0,0,-4.66603e-06
0,0,4.65627e-06
0,0,4.65633e-06
0,0,-4.65749e-06
0,0,4.65605e-06
0,0,-4.65816e-06
0,0,-4.67324e-06
0,0,4.66093e-06
0,0,-4.65086e-06
0,0,4.66652e-06
0,0,4.65833e-06
0,0,-4.65796e-06
0,0,4.65429e-06
0,0,-4.65798e-06
