mx,my,mz
0,0,0.239004
0,0,-0.209158
0,0,0.0332324
0,0,-0.192979
0,0,0.0200917
0,0,-0.0273233
0,0,0.291541
0,0,-0.28985
0,0,0.337798
0,0,-0.208141
0,0,0.299475
0,0,-0.0545416
0,0,0.158416
0,0,-0.11195
0,0,0.309246
0,0,-0.139062
