mx,my,mz
0,0,-0.206212
0,0,0.206212
0,0,-0.206212
0,0,0.206212
0,0,0.206212
0,0,-0.206212
0,0,0.206212
0,0,-0.206212
0,0,-0.206212
0,0,0.206212
0,0,-0.206212
0,0,0.206212
0,0,0.206212
0,0,-0.206212
0,0,0.206212
0,0,-0.206212
