mx,my,mz
0,0,0.239454
0,0,-0.209552
0,0,0.0332949
0,0,-0.193342
0,0,0.0201294
0,0,-0.0273747
0,0,0.29209
0,0,-0.290396
0,0,0.338434
0,0,-0.208533
0,0,0.300039
0,0,-0.0546444
0,0,0.158714
0,0,-0.112161
0,0,0.309828
0,0,-0.139324
