mx,my,mz
0.109042,-0.171139,0.13968
-0.109043,0.171139,-0.139679
0.109043,-0.171138,0.139681
-0.109042,0.171139,-0.139681
-0.109043,0.17114,-0.139678
0.109044,-0.171139,0.139679
-0.109042,0.17114,-0.139679
0.109044,-0.17114,0.139678
0.109043,-0.171138,0.139681
-0.109042,0.171139,-0.139681
0.109042,-0.171139,0.13968
-0.109043,0.171139,-0.139679
-0.109042,0.17114,-0.139679
0.109044,-0.17114,0.139678
-0.109043,0.17114,-0.139678
0.109044,-0.171139,0.139679
