mx,my,mz
0,0,-7.2965e-06
0,0,7.30497e-06
0,0,-7.2955e-06
0,0,7.29068e-06
0,0,7.29437e-06
0,0,-7.31982e-06
0,0,7.3193e-06
0,0,-7.29751e-06
0,0,-7.29548e-06
0,0,7.29071e-06
0,0,-7.29651e-06
0,0,7.30494e-06
0,0,7.31927e-06
0,0,-7.29753e-06
0,0,7.29437e-06
0,0,-7.31977e-06
