mx,my,mz
0,0,0.287372
0,0,-0.287372
0,0,0.287372
0,0,-0.287372
0,0,-0.287372
0,0,0.287372
0,0,-0.287372
0,0,0.287372
0,0,0.287372
0,0,-0.287372
0,0,0.287372
0,0,-0.287372
0,0,-0.287372
0,0,0.287372
0,0,-0.287372
0,0,0.287372
