mx,my,mz
0.186814,-0.239798,-0.0320083
-0.186811,0.2398,0.0320093
0.186815,-0.239796,-0.0320096
-0.186812,0.239799,0.0320078
-0.186813,0.239798,0.0320128
0.186815,-0.239796,-0.0320134
-0.186812,0.239799,0.0320126
0.186815,-0.239796,-0.0320123
0.186815,-0.239796,-0.0320096
-0.186812,0.239799,0.0320078
0.186814,-0.239798,-0.0320083
-0.186811,0.2398,0.0320092
-0.186812,0.239798,0.0320126
0.186815,-0.239796,-0.0320123
-0.186813,0.239798,0.0320128
0.186815,-0.239796,-0.0320134
