mx,my,mz
0,0,6.81348e-09
0,0,-3.90157e-07
0,0,1.40805e-07
0,0,-3.74718e-07
0,0,4.29957e-08
0,0,-2.32604e-07
0,0,9.46456e-08
0,0,-2.42034e-07
0,0,2.21162e-07
0,0,-4.82091e-07
0,0,4.00575e-07
0,0,-4.8293e-07
0,0,5.31578e-07
0,0,-2.1933e-07
0,0,8.25436e-08
0,0,-1.46526e-07
