mx,my,mz
0,0,3.03876e-07
0,0,-4.865e-08
0,0,6.76756e-07
0,0,-5.21959e-07
0,0,6.57659e-07
0,0,-7.24231e-07
0,0,2.024e-07
0,0,-1.24175e-08
0,0,3.09205e-07
0,0,-3.88995e-08
0,0,5.7381e-07
0,0,-4.81499e-07
0,0,3.88357e-07
0,0,-2.6093e-07
0,0,1.86381e-07
0,0,-4.076e-07
