mx,my,mz
-0.121716,0.102928,-0.0305986
0.121716,-0.102928,0.0305986
-0.121716,0.102928,-0.0305986
0.121716,-0.102928,0.0305986
0.121716,-0.102928,0.0305986
-0.121716,0.102928,-0.0305986
0.121716,-0.102928,0.0305986
-0.121716,0.102928,-0.0305986
-0.121716,0.102928,-0.0305986
0.121716,-0.102928,0.0305986
-0.121716,0.102928,-0.0305986
0.121716,-0.102928,0.0305986
0.121716,-0.102928,0.0305986
-0.121716,0.102928,-0.0305986
0.121716,-0.102928,0.0305986
-0.121716,0.102928,-0.0305986
