mx,my,mz
0,0,0.290776
0,0,-0.290776
0,0,0.290776
0,0,-0.290776
0,0,-0.290776
0,0,0.290776
0,0,-0.290776
0,0,0.290776
0,0,0.290776
0,0,-0.290776
0,0,0.290776
0,0,-0.290776
0,0,-0.290776
0,0,0.290776
0,0,-0.290776
0,0,0.290776
