mx,my,mz
0.0871071,-0.109273,0.176966
-0.0871071,0.109273,-0.176966
0.0871071,-0.109273,0.176966
-0.087107,0.109273,-0.176966
-0.0871071,0.109273,-0.176966
0.0871071,-0.109273,0.176966
-0.0871071,0.109273,-0.176966
0.0871071,-0.109273,0.176966
0.0871071,-0.109273,0.176966
-0.087107,0.109273,-0.176966
0.0871071,-0.109273,0.176966
-0.0871071,0.109273,-0.176966
-0.0871071,0.109273,-0.176966
0.0871071,-0.109273,0.176966
-0.0871071,0.109273,-0.176966
0.0871071,-0.109273,0.176966
