mx,my,mz
-0.194104,0.117634,-0.204704
0.194106,-0.117626,0.204706
-0.194102,0.117629,-0.204709
0.194106,-0.117627,0.204706
0.194105,-0.117626,0.204708
-0.194102,0.117628,-0.20471
0.194105,-0.117625,0.204708
-0.194104,0.117627,-0.204708
-0.194102,0.117629,-0.204709
0.194106,-0.117627,0.204706
-0.194104,0.117634,-0.204704
0.194106,-0.117626,0.204706
0.194105,-0.117625,0.204708
-0.194104,0.117627,-0.204708
0.194105,-0.117626,0.204708
-0.194102,0.117628,-0.20471
