mx,my,mz
0,0,-4.69558e-06
0,0,4.70474e-06
0,0,-4.70341e-06
0,0,4.69976e-06
0,0,4.70644e-06
0,0,-4.71118e-06
0,0,4.70269e-06
0,0,-4.70345e-06
0,0,-4.70225e-06
0,0,4.70114e-06
0,0,-4.69945e-06
0,0,4.70612e-06
0,0,4.70171e-06
0,0,-4.70496e-06
0,0,4.71044e-06
0,0,-4.71271e-06
