mx,my,mz
0.213418,-0.148976,0.119641
-0.213417,0.148977,-0.11964
0.213418,-0.148976,0.11964
-0.213416,0.148978,-0.119642
-0.213419,0.148978,-0.119637
0.213419,-0.148977,0.119638
-0.213417,0.148979,-0.119639
0.213419,-0.148976,0.119639
0.213418,-0.148976,0.11964
-0.213416,0.148978,-0.119642
0.213418,-0.148976,0.119641
-0.213417,0.148977,-0.11964
-0.213417,0.148979,-0.119639
0.213419,-0.148976,0.119639
-0.213419,0.148978,-0.119637
0.213419,-0.148977,0.119638
