mx,my,mz
0,0,-0.219458
0,0,0.219458
0,0,-0.219458
0,0,0.219458
0,0,0.219458
0,0,-0.219458
0,0,0.219458
0,0,-0.219458
0,0,-0.219458
0,0,0.219458
0,0,-0.219458
0,0,0.219458
0,0,0.219458
0,0,-0.219458
0,0,0.219458
0,0,-0.219458
