mx,my,mz
0,0,-0.188774
0,0,0.188774
0,0,-0.188774
0,0,0.188774
0,0,0.188774
0,0,-0.188774
0,0,0.188774
0,0,-0.188774
0,0,-0.188774
0,0,0.188774
0,0,-0.188774
0,0,0.188774
0,0,0.188774
0,0,-0.188774
0,0,0.188774
0,0,-0.188774
