mx,my,mz
0,0,0.275157
0,0,-0.275157
0,0,0.275157
0,0,-0.275157
0,0,-0.275157
0,0,0.275157
0,0,-0.275157
0,0,0.275157
0,0,0.275157
0,0,-0.275157
0,0,0.275157
0,0,-0.275157
0,0,-0.275157
0,0,0.275157
0,0,-0.275157
0,0,0.275157
