mx,my,mz
0,0,-3.54045e-06
0,0,3.54435e-06
0,0,-3.54021e-06
0,0,3.54482e-06
0,0,3.58262e-06
0,0,-3.5548e-06
0,0,3.54368e-06
0,0,-3.57966e-06
0,0,-3.50762e-06
0,0,3.4629e-06
0,0,-3.45774e-06
0,0,3.50771e-06
0,0,3.54482e-06
0,0,-3.53422e-06
0,0,3.53431e-06
0,0,-3.55218e-06
