mx,my,mz
0,0,0.228271
0,0,-0.228272
0,0,0.228271
0,0,-0.228271
0,0,-0.228271
0,0,0.228271
0,0,0.235058
0,0,-0.235058
0,0,0.228271
0,0,-0.228272
0,0,0.228271
0,0,-0.228271
0,0,0.235054
0,0,-0.235054
0,0,-0.228271
0,0,0.228272
