mx,my,mz
0,0,1.4724e-05
0,0,-1.47189e-05
0,0,1.47183e-05
0,0,-1.47252e-05
0,0,-1.47185e-05
0,0,1.47173e-05
0,0,-1.4717e-05
0,0,1.472e-05
0,0,1.47183e-05
0,0,-1.47252e-05
0,0,1.4724e-05
0,0,-1.47189e-05
0,0,-1.4717e-05
0,0,1.472e-05
0,0,-1.47185e-05
0,0,1.47173e-05
