mx,my,mz
0.185236,-0.109802,0.0316801
-0.185236,0.109803,-0.03168
0.185236,-0.109803,0.03168
-0.185236,0.109803,-0.0316799
-0.185236,0.109803,-0.0316794
0.185236,-0.109802,0.0316788
-0.185236,0.109803,-0.0316784
0.185236,-0.109802,0.0316788
0.185235,-0.109803,0.0316801
-0.185236,0.109803,-0.03168
0.185236,-0.109802,0.0316801
-0.185235,0.109803,-0.03168
-0.185236,0.109803,-0.0316785
0.185236,-0.109802,0.0316788
-0.185236,0.109803,-0.0316793
0.185236,-0.109803,0.0316788
