mx,my,mz
0,0,0.228454
0,0,-0.228453
0,0,0.228454
0,0,-0.228453
0,0,0.233514
0,0,0.228453
0,0,-0.228454
0,0,-0.233513
0,0,0.228454
0,0,-0.228453
0,0,0.228454
0,0,-0.228453
0,0,-0.228453
0,0,-0.233517
0,0,0.233517
0,0,0.228452
