mx,my,mz
0,0,0.246885
0,0,-0.216054
0,0,0.0343184
0,0,-0.199328
0,0,0.0207412
0,0,-0.0282189
0,0,0.301132
0,0,-0.29939
0,0,0.348907
0,0,-0.215021
0,0,0.30931
0,0,-0.0563504
0,0,0.163621
0,0,-0.115643
0,0,0.319413
0,0,-0.143657
