mx,my,mz
0,0,5.95647e-06
0,0,-5.951e-06
0,0,5.95908e-06
0,0,-5.96875e-06
0,0,-5.94457e-06
0,0,5.96224e-06
0,0,-5.95922e-06
0,0,5.94575e-06
0,0,5.95967e-06
0,0,-5.96904e-06
0,0,5.9566e-06
0,0,-5.95142e-06
0,0,-5.95939e-06
0,0,5.94562e-06
0,0,-5.94428e-06
0,0,5.96224e-06
