mx,my,mz
-0.17637,0.127441,-0.205735
0.176379,-0.127436,0.205731
-0.176376,0.127441,-0.20573
0.176379,-0.127433,0.205733
0.176377,-0.127434,0.205734
-0.176375,0.127438,-0.205733
0.176377,-0.127436,0.205733
-0.176372,0.127438,-0.205735
-0.176376,0.127441,-0.20573
0.176379,-0.127433,0.205733
-0.17637,0.127441,-0.205735
0.176379,-0.127436,0.205731
0.176377,-0.127436,0.205733
-0.176372,0.127438,-0.205735
0.176377,-0.127434,0.205734
-0.176375,0.127438,-0.205733
