mx,my,mz
0.238618,-0.187441,0.0355744
-0.238615,0.187444,-0.0355752
0.238617,-0.187442,0.0355733
-0.238615,0.187444,-0.0355743
-0.238615,0.187445,-0.0355699
0.238617,-0.187442,0.0355718
-0.238616,0.187444,-0.0355704
0.238616,-0.187443,0.0355695
0.238617,-0.187442,0.0355733
-0.238615,0.187444,-0.0355743
0.238618,-0.187441,0.0355744
-0.238615,0.187444,-0.0355751
-0.238616,0.187444,-0.0355704
0.238616,-0.187443,0.0355695
-0.238615,0.187445,-0.0355699
0.238617,-0.187442,0.0355718
