mx,my,mz
0,0,-5.11826e-06
0,0,5.12705e-06
0,0,-5.11777e-06
0,0,5.11543e-06
0,0,5.12512e-06
0,0,-5.12968e-06
0,0,5.12035e-06
0,0,-5.12227e-06
0,0,-5.11235e-06
0,0,5.11374e-06
0,0,-5.11912e-06
0,0,5.12418e-06
0,0,5.11395e-06
0,0,-5.11956e-06
0,0,5.12494e-06
0,0,-5.1258e-06
