mx,my,mz
0,0,-4.71198e-06
0,0,4.72551e-06
0,0,-4.72014e-06
0,0,4.71884e-06
0,0,4.71283e-06
0,0,-4.72676e-06
0,0,4.72972e-06
0,0,-4.72799e-06
0,0,-4.71298e-06
0,0,4.71649e-06
0,0,-4.71476e-06
0,0,4.72363e-06
0,0,4.71631e-06
0,0,-4.71917e-06
0,0,4.7093e-06
0,0,-4.71855e-06
