mx,my,mz
0,0,-6.16088e-05
0,0,6.16137e-05
0,0,-6.16133e-05
0,0,6.16042e-05
0,0,6.16191e-05
0,0,-6.16144e-05
0,0,6.16128e-05
0,0,-6.16134e-05
0,0,-6.16133e-05
0,0,6.16042e-05
0,0,-6.16088e-05
0,0,6.16137e-05
0,0,6.16128e-05
0,0,-6.16134e-05
0,0,6.16191e-05
0,0,-6.16144e-05
