mx,my,mz
0,0,0.227149
0,0,-0.227149
0,0,0.227149
0,0,-0.227149
0,0,-0.227149
0,0,0.227149
0,0,-0.227149
0,0,0.227149
0,0,0.227149
0,0,-0.227149
0,0,0.227149
0,0,-0.227149
0,0,-0.227149
0,0,0.227149
0,0,-0.227149
0,0,0.227149
