mx,my,mz
0.192538,-0.156797,0.16206
-0.192535,0.1568,-0.162062
0.192538,-0.156795,0.162063
-0.192537,0.156798,-0.162061
-0.192538,0.1568,-0.162057
0.19254,-0.156798,0.162058
-0.192536,0.156801,-0.16206
0.192542,-0.156796,0.162058
0.192538,-0.156795,0.162063
-0.192537,0.156798,-0.162061
0.192538,-0.156797,0.16206
-0.192535,0.156799,-0.162062
-0.192536,0.156801,-0.16206
0.192542,-0.156796,0.162058
-0.192538,0.1568,-0.162057
0.19254,-0.156798,0.162058
