mx,my,mz
0,0,0.23983
0,0,-0.20988
0,0,0.0333471
0,0,-0.193645
0,0,0.0201609
0,0,-0.0274176
0,0,0.292548
0,0,-0.290852
0,0,0.338965
0,0,-0.20886
0,0,0.300509
0,0,-0.0547302
0,0,0.158963
0,0,-0.112337
0,0,0.310314
0,0,-0.139543
