mx,my,mz
0,0,0.302643
0,0,-0.302643
0,0,0.302643
0,0,-0.302643
0,0,-0.302643
0,0,0.302643
0,0,-0.302643
0,0,0.302643
0,0,0.302643
0,0,-0.302643
0,0,0.302643
0,0,-0.302643
0,0,-0.302643
0,0,0.302643
0,0,-0.302643
0,0,0.302643
