mx,my,mz
0,0,0.24091
0,0,-0.210826
0,0,0.033497
0,0,-0.194517
0,0,0.0202513
0,0,-0.027541
0,0,0.293865
0,0,-0.292161
0,0,0.340491
0,0,-0.209801
0,0,0.301861
0,0,-0.054977
0,0,0.159679
0,0,-0.112843
0,0,0.31171
0,0,-0.140172
