mx,my,mz
0,0,-5.89374e-06
0,0,6.02747e-06
0,0,-6.05001e-06
0,0,5.96826e-06
0,0,6.09696e-06
0,0,-6.19859e-06
0,0,6.20297e-06
0,0,-6.15728e-06
0,0,-6.03036e-06
0,0,6.13877e-06
0,0,-6.17724e-06
0,0,6.12571e-06
0,0,6.10935e-06
0,0,-6.25169e-06
0,0,6.30314e-06
0,0,-6.22068e-06
