mx,my,mz
0,0,-0.209194
0,0,0.209194
0,0,-0.209194
0,0,0.209194
0,0,0.209194
0,0,-0.209194
0,0,0.209194
0,0,-0.209194
0,0,-0.209194
0,0,0.209194
0,0,-0.209194
0,0,0.209194
0,0,0.209194
0,0,-0.209194
0,0,0.209194
0,0,-0.209194
