mx,my,mz
-0.158804,0.172716,0.195577
0.158806,-0.172714,-0.195577
-0.158804,0.172715,0.195578
0.158804,-0.172712,-0.195581
0.158811,-0.172712,-0.195575
-0.158804,0.172718,0.195575
0.158809,-0.172713,-0.195576
-0.158805,0.172718,0.195575
-0.158804,0.172715,0.195578
0.158804,-0.172712,-0.195581
-0.158804,0.172716,0.195577
0.158806,-0.172714,-0.195577
0.158809,-0.172713,-0.195576
-0.158805,0.172718,0.195575
0.158811,-0.172712,-0.195575
-0.158804,0.172718,0.195576
