mx,my,mz
-0.182312,0.226791,0.0932196
0.182315,-0.226789,-0.0932193
-0.182312,0.226791,0.093218
0.182314,-0.226789,-0.0932208
0.182315,-0.22679,-0.0932149
-0.182312,0.226792,0.0932156
0.182316,-0.226789,-0.0932163
-0.182312,0.226792,0.093217
-0.182312,0.226791,0.093218
0.182314,-0.226788,-0.0932207
-0.182312,0.22679,0.0932196
0.182315,-0.226789,-0.0932193
0.182316,-0.226789,-0.0932163
-0.182312,0.226792,0.093217
0.182315,-0.22679,-0.093215
-0.182312,0.226792,0.0932156
