mx,my,mz
0,0,4.50605e-07
0,0,-2.27929e-07
0,0,4.34119e-07
0,0,-4.53106e-07
0,0,2.00512e-07
0,0,-6.18169e-07
0,0,4.77409e-08
0,0,-6.09558e-07
0,0,2.68046e-07
0,0,-4.73085e-07
0,0,4.73022e-07
0,0,-4.21211e-08
0,0,2.62341e-07
0,0,-3.0787e-07
0,0,3.12623e-08
0,0,-7.06367e-07
