mx,my,mz
0,0,0.305311
0,0,-0.305311
0,0,0.305311
0,0,-0.305311
0,0,-0.305311
0,0,0.305311
0,0,-0.305311
0,0,0.305311
0,0,0.305311
0,0,-0.305311
0,0,0.305311
0,0,-0.305311
0,0,-0.305311
0,0,0.305311
0,0,-0.305311
0,0,0.305311
