mx,my,mz
0,0,0.253315
0,0,-0.253315
0,0,0.253315
0,0,-0.253315
0,0,-0.253315
0,0,0.253315
0,0,-0.253315
0,0,0.253315
0,0,0.253315
0,0,-0.253315
0,0,0.253315
0,0,-0.253315
0,0,-0.253315
0,0,0.253315
0,0,-0.253315
0,0,0.253315
