mx,my,mz
0.191256,-0.158753,-0.171785
-0.19125,0.15876,0.171784
0.191254,-0.158757,-0.171783
-0.19125,0.15876,0.171784
-0.19125,0.158757,0.171787
0.191252,-0.158756,-0.171786
-0.19125,0.158756,0.171788
0.191253,-0.158753,-0.171788
0.191254,-0.158757,-0.171783
-0.19125,0.15876,0.171784
0.191255,-0.158753,-0.171785
-0.19125,0.15876,0.171784
-0.19125,0.158756,0.171788
0.191253,-0.158753,-0.171788
-0.19125,0.158758,0.171787
0.191252,-0.158756,-0.171786
