mx,my,mz
0,0,4.04718e-06
0,0,-4.04523e-06
0,0,4.07939e-06
0,0,-4.06671e-06
0,0,-3.96892e-06
0,0,3.98064e-06
0,0,-4.02749e-06
0,0,3.99411e-06
0,0,3.99844e-06
0,0,-4.00611e-06
0,0,4.0776e-06
0,0,-4.05597e-06
0,0,-3.95582e-06
0,0,3.94285e-06
0,0,-4.00524e-06
0,0,4.00479e-06
