mx,my,mz
0,0,-0.251478
0,0,0.251478
0,0,-0.251478
0,0,0.251478
0,0,0.251478
0,0,-0.251478
0,0,0.251478
0,0,-0.251478
0,0,-0.251478
0,0,0.251478
0,0,-0.251478
0,0,0.251478
0,0,0.251478
0,0,-0.251478
0,0,0.251478
0,0,-0.251478
