mx,my,mz
0,0,6.86198e-09
0,0,-3.94906e-07
0,0,1.42557e-07
0,0,-3.79302e-07
0,0,4.35141e-08
0,0,-2.35436e-07
0,0,9.58069e-08
0,0,-2.44989e-07
0,0,2.23894e-07
0,0,-4.87986e-07
0,0,4.05429e-07
0,0,-4.88811e-07
0,0,5.38071e-07
0,0,-2.22009e-07
0,0,8.35441e-08
0,0,-1.48309e-07
