mx,my,mz
0.204593,-0.169643,-0.150963
-0.204591,0.169645,0.150963
0.204594,-0.169643,-0.150962
-0.204591,0.169646,0.150962
-0.204591,0.169645,0.150963
0.204592,-0.169642,-0.150964
-0.20459,0.169643,0.150966
0.204593,-0.169641,-0.150965
0.204594,-0.169643,-0.150962
-0.204591,0.169646,0.150962
0.204593,-0.169643,-0.150963
-0.204591,0.169645,0.150963
-0.20459,0.169643,0.150966
0.204593,-0.169641,-0.150965
-0.204591,0.169645,0.150963
0.204592,-0.169642,-0.150964
