mx,my,mz
0.200552,-0.226736,-0.0394695
-0.200549,0.22674,0.039468
0.200552,-0.226737,-0.039469
-0.200549,0.22674,0.0394702
-0.200549,0.226739,0.0394734
0.200553,-0.226735,-0.0394721
-0.200549,0.226739,0.039472
0.200551,-0.226737,-0.039473
0.200552,-0.226737,-0.039469
-0.200549,0.22674,0.0394702
0.200552,-0.226736,-0.0394695
-0.200549,0.22674,0.039468
-0.200549,0.226739,0.039472
0.200551,-0.226737,-0.039473
-0.200549,0.226739,0.0394734
0.200553,-0.226735,-0.0394721
