mx,my,mz
0,0,0.23854
0,0,0.227822
0,0,-0.227822
0,0,-0.23854
0,0,0.227822
0,0,-0.227822
0,0,0.227822
0,0,-0.227822
0,0,-0.227822
0,0,-0.238545
0,0,0.238545
0,0,0.227822
0,0,0.227822
0,0,-0.227822
0,0,0.227822
0,0,-0.227822
