mx,my,mz
0.0142021,-0.0597363,0.286784
-0.0142037,0.0597344,-0.286784
0.0142041,-0.0597323,0.286785
-0.0142044,0.0597386,-0.286784
-0.0142081,0.0597499,-0.286781
0.01422,-0.0597335,0.286784
-0.0141988,0.0597424,-0.286783
0.0142131,-0.0597277,0.286785
0.0142042,-0.0597317,0.286785
-0.0142044,0.0597384,-0.286784
0.0142023,-0.0597364,0.286784
-0.014204,0.0597341,-0.286784
-0.0141987,0.059742,-0.286783
0.014213,-0.0597277,0.286785
-0.0142081,0.0597502,-0.286781
0.0142201,-0.0597334,0.286784
