mx,my,mz
0,0,7.08473e-09
0,0,-4.06449e-07
0,0,1.46708e-07
0,0,-3.90368e-07
0,0,4.48e-08
0,0,-2.42312e-07
0,0,9.85902e-08
0,0,-2.5215e-07
0,0,2.3042e-07
0,0,-5.02227e-07
0,0,4.17294e-07
0,0,-5.03098e-07
0,0,5.53772e-07
0,0,-2.285e-07
0,0,8.59979e-08
0,0,-1.5264e-07
