mx,my,mz
-0.131286,0.194822,-0.188935
0.131292,-0.19482,0.188933
-0.131286,0.194823,-0.188934
0.131291,-0.194819,0.188934
0.131289,-0.194819,0.188936
-0.131288,0.194821,-0.188935
0.131287,-0.194818,0.188938
-0.131286,0.19482,-0.188937
-0.131286,0.194823,-0.188934
0.131291,-0.194819,0.188934
-0.131286,0.194822,-0.188935
0.131292,-0.19482,0.188933
0.131287,-0.194818,0.188938
-0.131286,0.19482,-0.188937
0.131289,-0.194819,0.188936
-0.131288,0.194821,-0.188935
