mx,my,mz
0,0,2.54315e-05
0,0,-2.5429e-05
0,0,2.54259e-05
0,0,-2.54345e-05
0,0,-2.54305e-05
0,0,2.54472e-05
0,0,-2.54374e-05
0,0,2.54267e-05
0,0,2.54259e-05
0,0,-2.54345e-05
0,0,2.54315e-05
0,0,-2.5429e-05
0,0,-2.54374e-05
0,0,2.54267e-05
0,0,-2.54305e-05
0,0,2.54472e-05
