mx,my,mz
0.193387,-0.156346,0.162535
-0.193384,0.156348,-0.162537
0.193387,-0.156344,0.162537
-0.193386,0.156347,-0.162536
-0.193387,0.156349,-0.162532
0.193389,-0.156347,0.162532
-0.193385,0.15635,-0.162534
0.19339,-0.156344,0.162533
0.193387,-0.156344,0.162537
-0.193386,0.156347,-0.162536
0.193387,-0.156346,0.162535
-0.193384,0.156348,-0.162537
-0.193385,0.15635,-0.162534
0.19339,-0.156344,0.162533
-0.193387,0.156349,-0.162532
0.193389,-0.156346,0.162532
