mx,my,mz
0,0,0.238943
0,0,-0.209104
0,0,0.0332239
0,0,-0.19293
0,0,0.0200865
0,0,-0.0273163
0,0,0.291467
0,0,-0.289776
0,0,0.337712
0,0,-0.208088
0,0,0.299398
0,0,-0.0545277
0,0,0.158376
0,0,-0.111922
0,0,0.309167
0,0,-0.139027
