mx,my,mz
0,0,0.175093
0,0,-0.27455
0,0,0.175093
0,0,0.175089
0,0,0.175093
0,0,-0.27455
0,0,0.175093
0,0,0.17509
0,0,0.17509
0,0,0.175092
0,0,0.17509
0,0,-0.274549
0,0,0.175091
0,0,0.175093
0,0,0.175091
0,0,-0.274549
