mx,my,mz
0,0,-0.000175844
0,0,0.000175877
0,0,-0.000175899
0,0,0.000175882
0,0,0.00017587
0,0,-0.000175876
0,0,0.000175869
0,0,-0.000175878
0,0,-0.000175899
0,0,0.000175882
0,0,-0.000175844
0,0,0.000175877
0,0,0.000175869
0,0,-0.000175878
0,0,0.00017587
0,0,-0.000175876
