mx,my,mz
0,0,4.93328e-06
0,0,-4.93259e-06
0,0,4.943e-06
0,0,-4.94198e-06
0,0,-4.9354e-06
0,0,4.93171e-06
0,0,-4.93434e-06
0,0,4.93633e-06
0,0,4.94316e-06
0,0,-4.94306e-06
0,0,4.93415e-06
0,0,-4.93255e-06
0,0,-4.93429e-06
0,0,4.93718e-06
0,0,-4.93605e-06
0,0,4.93146e-06
