mx,my,mz
0,0,5.46887e-07
0,0,-1.43167e-07
0,0,1.84926e-08
0,0,-6.10564e-07
0,0,8.77506e-08
0,0,-5.53669e-07
0,0,8.23786e-08
0,0,-5.57649e-07
0,0,2.37875e-07
0,0,-4.87379e-07
0,0,1.29068e-08
0,0,-5.73021e-07
0,0,2.55909e-07
0,0,-4.556e-07
0,0,2.76178e-07
0,0,-3.08433e-07
