mx,my,mz
0,0,-0.305141
0,0,0.305141
0,0,-0.305141
0,0,0.305141
0,0,0.305141
0,0,-0.305141
0,0,0.305141
0,0,-0.305141
0,0,-0.305141
0,0,0.305141
0,0,-0.305141
0,0,0.305141
0,0,0.305141
0,0,-0.305141
0,0,0.305141
0,0,-0.305141
