mx,my,mz
0,0,0.235782
0,0,-0.235782
0,0,0.235782
0,0,-0.235782
0,0,-0.235782
0,0,0.235782
0,0,-0.235782
0,0,0.235782
0,0,0.235782
0,0,-0.235782
0,0,0.235782
0,0,-0.235782
0,0,-0.235782
0,0,0.235782
0,0,-0.235782
0,0,0.235782
