mx,my,mz
0,0,0.295294
0,0,-0.295294
0,0,0.295294
0,0,-0.295294
0,0,-0.295294
0,0,0.295294
0,0,-0.295294
0,0,0.295294
0,0,0.295294
0,0,-0.295294
0,0,0.295294
0,0,-0.295294
0,0,-0.295294
0,0,0.295294
0,0,-0.295294
0,0,0.295294
