mx,my,mz
-0.155798,0.0560755,-0.256923
0.155803,-0.0560656,0.256922
-0.1558,0.0560748,-0.256922
0.155805,-0.056066,0.25692
0.155802,-0.056066,0.256922
-0.155796,0.0560662,-0.256926
0.155799,-0.0560651,0.256925
-0.155797,0.0560693,-0.256925
-0.1558,0.0560749,-0.256922
0.155805,-0.0560662,0.25692
-0.155798,0.0560755,-0.256923
0.155803,-0.0560656,0.256922
0.155799,-0.0560651,0.256925
-0.155797,0.0560693,-0.256925
0.155802,-0.0560659,0.256922
-0.155796,0.056066,-0.256926
