mx,my,mz
0,0,0.246352
0,0,-0.246352
0,0,0.246352
0,0,-0.246352
0,0,-0.246352
0,0,0.246352
0,0,-0.246352
0,0,0.246352
0,0,0.246352
0,0,-0.246352
0,0,0.246352
0,0,-0.246352
0,0,-0.246352
0,0,0.246352
0,0,-0.246352
0,0,0.246352
