mx,my,mz
0,0,-4.48876e-06
0,0,4.48544e-06
0,0,-4.48993e-06
0,0,4.4999e-06
0,0,4.50401e-06
0,0,-4.4978e-06
0,0,4.49406e-06
0,0,-4.5068e-06
0,0,-4.49705e-06
0,0,4.5045e-06
0,0,-4.49164e-06
0,0,4.4908e-06
0,0,4.49631e-06
0,0,-4.50661e-06
0,0,4.502e-06
0,0,-4.49828e-06
