mx,my,mz
0.119218,-0.0775032,0.0413246
-0.119218,0.0775032,-0.0413246
0.119218,-0.0775032,0.0413246
-0.119218,0.0775032,-0.0413246
-0.119218,0.0775032,-0.0413246
0.119218,-0.0775032,0.0413246
-0.119218,0.0775032,-0.0413246
0.119218,-0.0775032,0.0413246
0.119218,-0.0775032,0.0413246
-0.119218,0.0775032,-0.0413246
0.119218,-0.0775032,0.0413246
-0.119218,0.0775032,-0.0413246
-0.119218,0.0775032,-0.0413246
0.119218,-0.0775032,0.0413246
-0.119218,0.0775032,-0.0413246
0.119218,-0.0775032,0.0413246
