mx,my,mz
0,0,6.98972e-09
0,0,-4.0029e-07
0,0,1.44468e-07
0,0,-3.84479e-07
0,0,4.41092e-08
0,0,-2.38633e-07
0,0,9.71116e-08
0,0,-2.48344e-07
0,0,2.26915e-07
0,0,-4.94646e-07
0,0,4.10995e-07
0,0,-4.95477e-07
0,0,5.4541e-07
0,0,-2.25051e-07
0,0,8.46849e-08
0,0,-1.50317e-07
