mx,my,mz
0.134321,-0.101788,0.22256
-0.134321,0.101789,-0.22256
0.13432,-0.101786,0.222562
-0.134319,0.10179,-0.22256
-0.134319,0.101794,-0.222559
0.134327,-0.101787,0.222557
-0.134321,0.101795,-0.222557
0.134324,-0.101789,0.222558
0.134319,-0.101786,0.222562
-0.134319,0.10179,-0.222561
0.134322,-0.101788,0.22256
-0.13432,0.101789,-0.22256
-0.134321,0.101795,-0.222557
0.134324,-0.101789,0.222558
-0.134319,0.101794,-0.222558
0.134327,-0.101787,0.222557
