mx,my,mz
-0.155954,0.05623,-0.256794
0.15596,-0.0562202,0.256793
-0.155956,0.0562293,-0.256793
0.155962,-0.0562206,0.256792
0.155958,-0.0562205,0.256794
-0.155953,0.0562207,-0.256797
0.155955,-0.0562196,0.256796
-0.155953,0.0562238,-0.256796
-0.155956,0.0562294,-0.256793
0.155961,-0.0562208,0.256792
-0.155954,0.0562301,-0.256794
0.15596,-0.0562201,0.256793
0.155955,-0.0562196,0.256796
-0.155953,0.0562239,-0.256796
0.155959,-0.0562204,0.256794
-0.155953,0.0562205,-0.256797
