mx,my,mz
0,0,-2.90927e-06
0,0,3.21381e-06
0,0,-3.36866e-06
0,0,2.94093e-06
0,0,3.37892e-06
0,0,-3.64637e-06
0,0,3.80801e-06
0,0,-3.41766e-06
0,0,-3.13221e-06
0,0,3.34899e-06
0,0,-3.48808e-06
0,0,3.12794e-06
0,0,3.24614e-06
0,0,-3.52612e-06
0,0,3.69095e-06
0,0,-3.28788e-06
