mx,my,mz
0,0,0.277209
0,0,-0.277209
0,0,0.277209
0,0,-0.277209
0,0,-0.277209
0,0,0.277209
0,0,-0.277209
0,0,0.277209
0,0,0.277209
0,0,-0.277209
0,0,0.277209
0,0,-0.277209
0,0,-0.277209
0,0,0.277209
0,0,-0.277209
0,0,0.277209
