mx,my,mz
-0.205199,0.0957556,-0.132547
0.205198,-0.0957554,0.132549
-0.205197,0.0957572,-0.13255
0.205199,-0.0957541,0.132548
0.205198,-0.0957531,0.132552
-0.205197,0.0957537,-0.132553
0.205198,-0.0957528,0.132552
-0.205197,0.0957553,-0.132552
-0.205197,0.0957573,-0.13255
0.205199,-0.0957543,0.132549
-0.205199,0.0957557,-0.132547
0.205198,-0.0957554,0.132549
0.205198,-0.0957526,0.132552
-0.205196,0.0957552,-0.132552
0.205198,-0.0957531,0.132552
-0.205197,0.0957535,-0.132552
