mx,my,mz
0,0,0.303418
0,0,-0.303418
0,0,0.303418
0,0,-0.303418
0,0,-0.303418
0,0,0.303418
0,0,-0.303418
0,0,0.303418
0,0,0.303418
0,0,-0.303418
0,0,0.303418
0,0,-0.303418
0,0,-0.303418
0,0,0.303418
0,0,-0.303418
0,0,0.303418
