mx,my,mz
0,0,0.288844
0,0,-0.288844
0,0,0.288844
0,0,-0.288844
0,0,-0.288844
0,0,0.288844
0,0,-0.288844
0,0,0.288844
0,0,0.288844
0,0,-0.288844
0,0,0.288844
0,0,-0.288844
0,0,-0.288844
0,0,0.288844
0,0,-0.288844
0,0,0.288844
