mx,my,mz
0.204391,-0.208083,-0.00902631
-0.204388,0.208086,0.00902348
0.204391,-0.208084,-0.00902428
-0.20439,0.208085,0.00902503
-0.204391,0.208084,0.00902972
0.204391,-0.208084,-0.00902755
-0.204389,0.208086,0.0090279
0.204392,-0.208083,-0.00902798
0.204391,-0.208084,-0.00902437
-0.20439,0.208085,0.00902513
0.204391,-0.208083,-0.00902635
-0.204388,0.208086,0.00902351
-0.204389,0.208086,0.00902794
0.204392,-0.208083,-0.00902804
-0.204391,0.208084,0.00902971
0.204391,-0.208084,-0.00902753
