mx,my,mz
0.19704,-0.163541,-0.136054
-0.197038,0.163544,0.136054
0.197041,-0.163541,-0.136053
-0.197038,0.163544,0.136054
-0.197038,0.163541,0.136058
0.197039,-0.163541,-0.136056
-0.197037,0.163542,0.136057
0.197039,-0.16354,-0.136057
0.197041,-0.163541,-0.136053
-0.197038,0.163544,0.136054
0.19704,-0.163541,-0.136054
-0.197038,0.163544,0.136054
-0.197037,0.163542,0.136057
0.197039,-0.16354,-0.136057
-0.197037,0.163541,0.136058
0.197039,-0.163541,-0.136056
