mx,my,mz
0,0,-0.267462
0,0,0.267462
0,0,-0.267462
0,0,0.267462
0,0,0.267462
0,0,-0.267462
0,0,0.267462
0,0,-0.267462
0,0,-0.267462
0,0,0.267462
0,0,-0.267462
0,0,0.267462
0,0,0.267462
0,0,-0.267462
0,0,0.267462
0,0,-0.267462
