mx,my,mz
0,0,1.47446e-07
0,0,-3.2506e-07
0,0,3.68094e-07
0,0,-1.05313e-08
0,0,5.06743e-07
0,0,-2.41042e-07
0,0,1.26665e-07
0,0,-2.61038e-07
0,0,2.1769e-07
0,0,-5.28137e-07
0,0,4.34469e-08
0,0,-3.82649e-07
0,0,5.32172e-07
0,0,-3.72711e-07
0,0,2.93858e-07
0,0,-4.19822e-07
