mx,my,mz
0,0,0.208491
0,0,0.231248
0,0,-0.231248
0,0,-0.208491
0,0,0.231248
0,0,-0.231248
0,0,0.231248
0,0,-0.231248
0,0,-0.231248
0,0,-0.208492
0,0,0.208492
0,0,0.231248
0,0,0.231248
0,0,-0.231248
0,0,0.231248
0,0,-0.231248
