mx,my,mz
0,0,0.301475
0,0,-0.301475
0,0,0.301475
0,0,-0.301475
0,0,-0.301475
0,0,0.301475
0,0,-0.301475
0,0,0.301475
0,0,0.301475
0,0,-0.301475
0,0,0.301475
0,0,-0.301475
0,0,-0.301475
0,0,0.301475
0,0,-0.301475
0,0,0.301475
