mx,my,mz
-0.166389,0.154137,-0.0789731
0.166389,-0.154137,0.078973
-0.166389,0.154137,-0.0789722
0.16639,-0.154136,0.0789726
0.166389,-0.154136,0.0789752
-0.166388,0.154136,-0.0789752
0.166389,-0.154136,0.0789749
-0.166388,0.154137,-0.0789753
-0.166389,0.154137,-0.0789722
0.16639,-0.154136,0.0789726
-0.166389,0.154137,-0.0789731
0.166389,-0.154137,0.078973
0.166389,-0.154136,0.078975
-0.166388,0.154137,-0.0789753
0.166389,-0.154136,0.0789752
-0.166389,0.154136,-0.0789752
