mx,my,mz
0,0,-4.32506e-06
0,0,4.3303e-06
0,0,-4.33264e-06
0,0,4.33829e-06
0,0,4.33935e-06
0,0,-4.34551e-06
0,0,4.32892e-06
0,0,-4.33382e-06
0,0,-4.3312e-06
0,0,4.33578e-06
0,0,-4.32278e-06
0,0,4.32908e-06
0,0,4.32394e-06
0,0,-4.32786e-06
0,0,4.33367e-06
0,0,-4.34078e-06
