mx,my,mz
0,0,0.291301
0,0,-0.291301
0,0,0.291301
0,0,-0.291301
0,0,-0.291301
0,0,0.291301
0,0,-0.291301
0,0,0.291301
0,0,0.291301
0,0,-0.291301
0,0,0.291301
0,0,-0.291301
0,0,-0.291301
0,0,0.291301
0,0,-0.291301
0,0,0.291301
