mx,my,mz
0,0,4.04437e-07
0,0,-2.05066e-07
0,0,3.8794e-07
0,0,-4.09232e-07
0,0,1.78352e-07
0,0,-5.5805e-07
0,0,4.16963e-08
0,0,-5.48937e-07
0,0,2.40763e-07
0,0,-4.26216e-07
0,0,4.24031e-07
0,0,-4.0075e-08
0,0,2.34683e-07
0,0,-2.78509e-07
0,0,2.7748e-08
0,0,-6.36497e-07
