mx,my,mz
0,0,0.230381
0,0,-0.230381
0,0,0.230381
0,0,-0.230381
0,0,-0.230381
0,0,0.230381
0,0,-0.230381
0,0,0.230381
0,0,0.230381
0,0,-0.230381
0,0,0.230381
0,0,-0.230381
0,0,-0.230381
0,0,0.230381
0,0,-0.230381
0,0,0.230381
