mx,my,mz
-0.0192309,-0.101826,-0.0367941
0.019231,0.101826,0.0367941
-0.0192309,-0.101826,-0.0367941
0.0192309,0.101826,0.0367941
0.019231,0.101826,0.0367941
-0.019231,-0.101826,-0.0367941
0.0192309,0.101826,0.0367941
-0.019231,-0.101826,-0.0367941
-0.0192309,-0.101826,-0.0367941
0.0192309,0.101826,0.0367941
-0.0192309,-0.101826,-0.0367941
0.019231,0.101826,0.0367941
0.0192309,0.101826,0.0367941
-0.019231,-0.101826,-0.0367941
0.019231,0.101826,0.0367941
-0.019231,-0.101826,-0.0367941
