mx,my,mz
0,0,0.254515
0,0,-0.254515
0,0,0.254515
0,0,-0.254515
0,0,-0.254515
0,0,0.254515
0,0,-0.254515
0,0,0.254515
0,0,0.254515
0,0,-0.254515
0,0,0.254515
0,0,-0.254515
0,0,-0.254515
0,0,0.254515
0,0,-0.254515
0,0,0.254515
