mx,my,mz
0,0,-0.227999
0,0,-0.237226
0,0,0.237227
0,0,0.228
0,0,0.228
0,0,-0.228001
0,0,0.228
0,0,-0.228001
0,0,0.237225
0,0,0.228001
0,0,-0.227999
0,0,-0.237225
0,0,0.228
0,0,-0.228001
0,0,0.228
0,0,-0.228001
