mx,my,mz
0.177541,-0.220603,-0.113965
-0.177535,0.220607,0.113966
0.17754,-0.220603,-0.113965
-0.177537,0.220606,0.113965
-0.177535,0.220605,0.113969
0.177538,-0.220602,-0.11397
-0.177536,0.220605,0.113969
0.17754,-0.220601,-0.113969
0.17754,-0.220603,-0.113965
-0.177537,0.220606,0.113965
0.177541,-0.220603,-0.113965
-0.177535,0.220607,0.113966
-0.177536,0.220605,0.113969
0.17754,-0.220601,-0.113969
-0.177535,0.220605,0.113969
0.177538,-0.220602,-0.11397
