mx,my,mz
0,0,0.228154
0,0,-0.228154
0,0,0.228154
0,0,-0.228154
0,0,-0.228153
0,0,0.228154
0,0,0.236021
0,0,-0.236021
0,0,0.228154
0,0,-0.228154
0,0,0.228153
0,0,-0.228154
0,0,0.236016
0,0,-0.236016
0,0,-0.228154
0,0,0.228154
