mx,my,mz
0,0,-0.305113
0,0,0.305113
0,0,-0.305113
0,0,0.305113
0,0,0.305113
0,0,-0.305113
0,0,0.305113
0,0,-0.305113
0,0,-0.305113
0,0,0.305113
0,0,-0.305113
0,0,0.305113
0,0,0.305113
0,0,-0.305113
0,0,0.305113
0,0,-0.305113
