mx,my,mz
-0.142165,0.165631,-0.210976
0.142171,-0.165625,0.210977
-0.142165,0.165632,-0.210976
0.14217,-0.165627,0.210976
0.142166,-0.165624,0.210981
-0.142163,0.165627,-0.210981
0.142166,-0.165628,0.210978
-0.142164,0.16563,-0.210977
-0.142165,0.165631,-0.210976
0.14217,-0.165627,0.210976
-0.142165,0.165631,-0.210976
0.142171,-0.165625,0.210977
0.142166,-0.165628,0.210978
-0.142164,0.16563,-0.210977
0.142166,-0.165624,0.210981
-0.142163,0.165627,-0.210981
