mx,my,mz
0,0,-0.272126
0,0,0.272126
0,0,-0.272126
0,0,0.272126
0,0,0.272126
0,0,-0.272126
0,0,0.272126
0,0,-0.272126
0,0,-0.272126
0,0,0.272126
0,0,-0.272126
0,0,0.272126
0,0,0.272126
0,0,-0.272126
0,0,0.272126
0,0,-0.272126
