mx,my,mz
-0.0330497,0.174191,-0.234211
0.0330556,-0.17419,0.23421
-0.0330498,0.17419,-0.234211
0.0330547,-0.174187,0.234212
0.0330497,-0.174187,0.234213
-0.0330496,0.174188,-0.234212
0.0330485,-0.174185,0.234215
-0.0330485,0.174188,-0.234213
-0.0330498,0.17419,-0.234211
0.0330547,-0.174187,0.234212
-0.0330497,0.17419,-0.234211
0.0330556,-0.17419,0.23421
0.0330485,-0.174185,0.234215
-0.0330485,0.174188,-0.234213
0.0330497,-0.174187,0.234213
-0.0330496,0.174188,-0.234212
