mx,my,mz
-0.10618,0.00435817,-0.277824
0.106189,-0.00434294,0.277821
-0.106179,0.00435605,-0.277825
0.106192,-0.00434795,0.27782
0.106185,-0.00434621,0.277822
-0.106183,0.00435151,-0.277823
0.106186,-0.00434516,0.277822
-0.106184,0.00434545,-0.277823
-0.106179,0.00435603,-0.277825
0.106192,-0.00434831,0.27782
-0.10618,0.00435842,-0.277824
0.106189,-0.00434283,0.277821
0.106186,-0.00434505,0.277822
-0.106184,0.00434571,-0.277823
0.106186,-0.00434638,0.277822
-0.106183,0.00435131,-0.277823
