mx,my,mz
0,0,0.185179
0,0,-0.185179
0,0,0.185179
0,0,-0.185179
0,0,-0.185179
0,0,0.185179
0,0,-0.185179
0,0,0.185179
0,0,0.185179
0,0,-0.185179
0,0,0.185179
0,0,-0.185179
0,0,-0.185179
0,0,0.185179
0,0,-0.185179
0,0,0.185179
