mx,my,mz
0,0,0.239308
0,0,-0.209423
0,0,0.0332746
0,0,-0.193224
0,0,0.0201171
0,0,-0.027358
0,0,0.291911
0,0,-0.290218
0,0,0.338227
0,0,-0.208405
0,0,0.299855
0,0,-0.0546109
0,0,0.158617
0,0,-0.112092
0,0,0.309638
0,0,-0.139239
