mx,my,mz
0,0,0.245025
0,0,-0.214426
0,0,0.0340645
0,0,-0.197833
0,0,0.0205911
0,0,-0.0280089
0,0,0.298874
0,0,-0.297143
0,0,0.346293
0,0,-0.213393
0,0,0.306999
0,0,-0.055921
0,0,0.162397
0,0,-0.114771
0,0,0.317021
0,0,-0.14257
