mx,my,mz
0,0,-4.58479e-06
0,0,4.57951e-06
0,0,-4.57352e-06
0,0,4.57326e-06
0,0,4.58642e-06
0,0,-4.58019e-06
0,0,4.5813e-06
0,0,-4.58185e-06
0,0,-4.58221e-06
0,0,4.57888e-06
0,0,-4.58832e-06
0,0,4.58606e-06
0,0,4.58405e-06
0,0,-4.58162e-06
0,0,4.58396e-06
0,0,-4.58078e-06
