mx,my,mz
0,0,-0.292804
0,0,0.292804
0,0,-0.292804
0,0,0.292804
0,0,0.292804
0,0,-0.292804
0,0,0.292804
0,0,-0.292804
0,0,-0.292804
0,0,0.292804
0,0,-0.292804
0,0,0.292804
0,0,0.292804
0,0,-0.292804
0,0,0.292804
0,0,-0.292804
