mx,my,mz
0,0,8.6175e-06
0,0,-8.6122e-06
0,0,8.61165e-06
0,0,-8.61723e-06
0,0,-8.61678e-06
0,0,8.62083e-06
0,0,-8.6151e-06
0,0,8.61132e-06
0,0,8.61165e-06
0,0,-8.61723e-06
0,0,8.6175e-06
0,0,-8.6122e-06
0,0,-8.6151e-06
0,0,8.61132e-06
0,0,-8.61678e-06
0,0,8.62083e-06
