mx,my,mz
0,0,0.304225
0,0,-0.304225
0,0,0.304225
0,0,-0.304225
0,0,-0.304225
0,0,0.304225
0,0,-0.304225
0,0,0.304225
0,0,0.304225
0,0,-0.304225
0,0,0.304225
0,0,-0.304225
0,0,-0.304225
0,0,0.304225
0,0,-0.304225
0,0,0.304225
