mx,my,mz
0,0,0.300729
0,0,-0.300729
0,0,0.300729
0,0,-0.300729
0,0,-0.300729
0,0,0.300729
0,0,-0.300729
0,0,0.300729
0,0,0.300729
0,0,-0.300729
0,0,0.300729
0,0,-0.300729
0,0,-0.300729
0,0,0.300729
0,0,-0.300729
0,0,0.300729
