mx,my,mz
0,0,1.77295e-05
0,0,-1.77338e-05
0,0,1.7727e-05
0,0,-1.77343e-05
0,0,-1.77248e-05
0,0,1.77378e-05
0,0,-1.7727e-05
0,0,1.77256e-05
0,0,1.7727e-05
0,0,-1.77343e-05
0,0,1.77295e-05
0,0,-1.77338e-05
0,0,-1.7727e-05
0,0,1.77256e-05
0,0,-1.77248e-05
0,0,1.77378e-05
