mx,my,mz
0.125303,-0.113553,0.00250695
-0.125303,0.113553,-0.00250694
0.125303,-0.113553,0.00250695
-0.125303,0.113553,-0.00250695
-0.125303,0.113553,-0.00250693
0.125303,-0.113553,0.00250694
-0.125303,0.113553,-0.00250694
0.125303,-0.113553,0.00250693
0.125303,-0.113553,0.00250695
-0.125303,0.113553,-0.00250695
0.125303,-0.113553,0.00250695
-0.125303,0.113553,-0.00250694
-0.125303,0.113553,-0.00250694
0.125303,-0.113553,0.00250693
-0.125303,0.113553,-0.00250693
0.125303,-0.113553,0.00250694
