mx,my,mz
0,0,0.305289
0,0,-0.305289
0,0,0.305289
0,0,-0.305289
0,0,-0.305289
0,0,0.305289
0,0,-0.305289
0,0,0.305289
0,0,0.305289
0,0,-0.305289
0,0,0.305289
0,0,-0.305289
0,0,-0.305289
0,0,0.305289
0,0,-0.305289
0,0,0.305289
