mx,my,mz
0,0,2.72628e-05
0,0,-2.72636e-05
0,0,2.72488e-05
0,0,-2.72528e-05
0,0,-2.72577e-05
0,0,2.7256e-05
0,0,-2.72511e-05
0,0,2.72576e-05
0,0,2.72488e-05
0,0,-2.72528e-05
0,0,2.72628e-05
0,0,-2.72636e-05
0,0,-2.72511e-05
0,0,2.72576e-05
0,0,-2.72577e-05
0,0,2.7256e-05
