mx,my,mz
0,0,4.09876e-06
0,0,-4.09892e-06
0,0,4.10619e-06
0,0,-4.09122e-06
0,0,-4.08476e-06
0,0,4.08692e-06
0,0,-4.09881e-06
0,0,4.08239e-06
0,0,4.08827e-06
0,0,-4.09532e-06
0,0,4.10792e-06
0,0,-4.0886e-06
0,0,-4.06433e-06
0,0,4.06807e-06
0,0,-4.07597e-06
0,0,4.05775e-06
