mx,my,mz
0,0,4.05477e-07
0,0,-4.17933e-07
0,0,4.39011e-07
0,0,-1.64706e-07
0,0,1.11836e-07
0,0,-2.01363e-07
0,0,5.30499e-08
0,0,-1.99294e-07
0,0,2.03223e-07
0,0,-3.88682e-07
0,0,1.80854e-07
0,0,-5.37142e-07
0,0,4.79184e-07
0,0,-4.31179e-08
0,0,4.02508e-07
0,0,-3.97623e-07
