mx,my,mz
0,0,-0.282823
0,0,0.282823
0,0,-0.282823
0,0,0.282823
0,0,0.282823
0,0,-0.282823
0,0,0.282823
0,0,-0.282823
0,0,-0.282823
0,0,0.282823
0,0,-0.282823
0,0,0.282823
0,0,0.282823
0,0,-0.282823
0,0,0.282823
0,0,-0.282823
