mx,my,mz
-0.0481827,0.074813,0.292418
0.0481962,-0.0748049,-0.292418
-0.0481767,0.0748179,0.292418
0.0481962,-0.074805,-0.292418
0.0482151,-0.0747998,-0.292416
-0.0481769,0.0748238,0.292416
0.0482111,-0.0748022,-0.292416
-0.0481835,0.0748289,0.292414
-0.0481767,0.0748179,0.292418
0.0481962,-0.0748051,-0.292418
-0.0481826,0.0748131,0.292418
0.0481961,-0.074805,-0.292418
0.048211,-0.0748022,-0.292416
-0.0481834,0.0748289,0.292414
0.048215,-0.0747999,-0.292416
-0.0481767,0.0748239,0.292416
