mx,my,mz
0,0,-9.67849e-07
0,0,5.02678e-07
0,0,3.80759e-07
0,0,1.40808e-07
0,0,2.33464e-06
0,0,-1.5904e-06
0,0,8.5077e-07
0,0,-1.6512e-06
0,0,-1.15885e-06
0,0,1.03522e-07
0,0,3.53378e-08
0,0,9.75909e-07
0,0,1.52818e-06
0,0,-7.68645e-07
0,0,4.75872e-07
0,0,-1.38121e-06
