mx,my,mz
0,0,-6.11406e-06
0,0,6.2493e-06
0,0,-6.27142e-06
0,0,6.18911e-06
0,0,6.32039e-06
0,0,-6.42311e-06
0,0,6.42719e-06
0,0,-6.38146e-06
0,0,-6.25164e-06
0,0,6.36127e-06
0,0,-6.40029e-06
0,0,6.34852e-06
0,0,6.3327e-06
0,0,-6.47675e-06
0,0,6.52852e-06
0,0,-6.44541e-06
