mx,my,mz
0,0,7.86923e-08
0,0,-8.09482e-08
0,0,2.56278e-07
0,0,-1.86747e-07
0,0,5.86136e-09
0,0,-5.09782e-07
0,0,1.10507e-07
0,0,-5.24555e-07
0,0,2.18295e-07
0,0,-5.03278e-07
0,0,2.16097e-07
0,0,-4.29272e-07
0,0,2.5524e-07
0,0,-2.26689e-08
0,0,4.64163e-07
0,0,-1.15252e-08
