mx,my,mz
0,0,0.24228
0,0,-0.24228
0,0,0.24228
0,0,-0.24228
0,0,-0.24228
0,0,0.24228
0,0,-0.24228
0,0,0.24228
0,0,0.24228
0,0,-0.24228
0,0,0.24228
0,0,-0.24228
0,0,-0.24228
0,0,0.24228
0,0,-0.24228
0,0,0.24228
