mx,my,mz
-0.2188,0.070975,0.0401229
0.2188,-0.0709749,-0.0401223
-0.2188,0.0709752,0.040123
0.2188,-0.0709748,-0.0401225
0.218801,-0.0709748,-0.0401219
-0.218801,0.070975,0.0401212
0.218801,-0.0709747,-0.0401216
-0.2188,0.0709756,0.0401215
-0.2188,0.0709752,0.040123
0.2188,-0.0709748,-0.0401225
-0.2188,0.070975,0.0401229
0.2188,-0.0709748,-0.0401223
0.218801,-0.0709747,-0.0401216
-0.2188,0.0709756,0.0401215
0.218801,-0.0709748,-0.0401219
-0.218801,0.070975,0.0401212
