mx,my,mz
-0.07361,0.163157,0.183412
0.0736109,-0.163158,-0.183412
-0.0736086,0.163158,0.183412
0.0736107,-0.163157,-0.183413
0.0736122,-0.163158,-0.183411
-0.0736089,0.16316,0.18341
0.0736102,-0.163159,-0.183411
-0.0736105,0.16316,0.18341
-0.0736087,0.163158,0.183412
0.0736107,-0.163157,-0.183413
-0.0736099,0.163158,0.183412
0.0736109,-0.163158,-0.183412
0.0736104,-0.163158,-0.183411
-0.0736106,0.16316,0.18341
0.0736122,-0.163158,-0.183411
-0.073609,0.16316,0.18341
