mx,my,mz
0,0,7.82664e-08
0,0,-8.05413e-08
0,0,2.54906e-07
0,0,-1.85713e-07
0,0,5.86281e-09
0,0,-5.07029e-07
0,0,1.09877e-07
0,0,-5.2175e-07
0,0,2.17127e-07
0,0,-5.00543e-07
0,0,2.14933e-07
0,0,-4.26992e-07
0,0,2.53833e-07
0,0,-2.25624e-08
0,0,4.61702e-07
0,0,-1.14505e-08
