mx,my,mz
-0.138894,0.185534,0.199206
0.138899,-0.185528,-0.199207
-0.138893,0.185533,0.199207
0.138896,-0.185531,-0.199207
0.138899,-0.18553,-0.199205
-0.138891,0.185537,0.199205
0.138899,-0.185533,-0.199202
-0.138895,0.185536,0.199203
-0.138893,0.185533,0.199207
0.138896,-0.185531,-0.199207
-0.138894,0.185534,0.199206
0.138899,-0.185528,-0.199207
0.138899,-0.185534,-0.199202
-0.138895,0.185536,0.199203
0.138899,-0.18553,-0.199205
-0.138891,0.185537,0.199205
