mx,my,mz
0,0,0.295082
0,0,-0.295082
0,0,0.295082
0,0,-0.295082
0,0,-0.295082
0,0,0.295082
0,0,-0.295082
0,0,0.295082
0,0,0.295082
0,0,-0.295082
0,0,0.295082
0,0,-0.295082
0,0,-0.295082
0,0,0.295082
0,0,-0.295082
0,0,0.295082
