mx,my,mz
0,0,-6.41927e-06
0,0,6.4277e-06
0,0,-6.42321e-06
0,0,6.41731e-06
0,0,6.41837e-06
0,0,-6.41637e-06
0,0,6.41171e-06
0,0,-6.41623e-06
0,0,-6.42318e-06
0,0,6.41692e-06
0,0,-6.41884e-06
0,0,6.42762e-06
0,0,6.41201e-06
0,0,-6.41617e-06
0,0,6.41827e-06
0,0,-6.41662e-06
