mx,my,mz
0,0,0.285821
0,0,-0.285821
0,0,0.285821
0,0,-0.285821
0,0,-0.285821
0,0,0.285821
0,0,-0.285821
0,0,0.285821
0,0,0.285821
0,0,-0.285821
0,0,0.285821
0,0,-0.285821
0,0,-0.285821
0,0,0.285821
0,0,-0.285821
0,0,0.285821
