mx,my,mz
0,0,-0.166718
0,0,0.166718
0,0,-0.166718
0,0,0.166718
0,0,0.166718
0,0,-0.166718
0,0,0.166718
0,0,-0.166718
0,0,-0.166718
0,0,0.166718
0,0,-0.166718
0,0,0.166718
0,0,0.166718
0,0,-0.166718
0,0,0.166718
0,0,-0.166718
