mx,my,mz
0,0,-0.294648
0,0,0.294648
0,0,-0.294648
0,0,0.294648
0,0,0.294648
0,0,-0.294648
0,0,0.294648
0,0,-0.294648
0,0,-0.294648
0,0,0.294648
0,0,-0.294648
0,0,0.294648
0,0,0.294648
0,0,-0.294648
0,0,0.294648
0,0,-0.294648
