mx,my,mz
-0.112067,0.159511,-0.119732
0.112067,-0.159511,0.119732
-0.112067,0.159511,-0.119732
0.112067,-0.159511,0.119732
0.112067,-0.159511,0.119732
-0.112067,0.159511,-0.119732
0.112067,-0.159511,0.119733
-0.112067,0.159511,-0.119733
-0.112067,0.159511,-0.119732
0.112067,-0.159511,0.119732
-0.112067,0.159511,-0.119732
0.112067,-0.159511,0.119732
0.112067,-0.159511,0.119733
-0.112067,0.159511,-0.119733
0.112067,-0.159511,0.119732
-0.112067,0.159511,-0.119732
