mx,my,mz
0,0,0.237268
0,0,-0.237268
0,0,0.237268
0,0,-0.237268
0,0,-0.237268
0,0,0.237268
0,0,-0.237268
0,0,0.237268
0,0,0.237268
0,0,-0.237268
0,0,0.237268
0,0,-0.237268
0,0,-0.237268
0,0,0.237268
0,0,-0.237268
0,0,0.237268
