mx,my,mz
0.272613,-0.105614,0.0415598
-0.272611,0.105618,-0.0415607
0.272613,-0.105613,0.0415609
-0.272613,0.105613,-0.0415613
-0.272613,0.105616,-0.0415563
0.272613,-0.105614,0.0415582
-0.272612,0.105616,-0.0415578
0.272613,-0.105615,0.0415561
0.272613,-0.105613,0.041561
-0.272613,0.105614,-0.0415613
0.272613,-0.105614,0.0415599
-0.272611,0.105618,-0.0415608
-0.272612,0.105616,-0.0415578
0.272613,-0.105615,0.0415561
-0.272613,0.105616,-0.0415563
0.272613,-0.105614,0.0415582
