mx,my,mz
0.193108,-0.156497,0.162376
-0.193105,0.156499,-0.162378
0.193108,-0.156495,0.162379
-0.193107,0.156498,-0.162377
-0.193109,0.1565,-0.162373
0.19311,-0.156497,0.162374
-0.193106,0.156501,-0.162376
0.193112,-0.156495,0.162374
0.193108,-0.156495,0.162379
-0.193107,0.156498,-0.162377
0.193108,-0.156497,0.162376
-0.193105,0.156499,-0.162378
-0.193106,0.156501,-0.162376
0.193112,-0.156495,0.162374
-0.193109,0.1565,-0.162373
0.19311,-0.156497,0.162374
