mx,my,mz
0,0,-1.8965e-05
0,0,1.89623e-05
0,0,-1.89674e-05
0,0,1.89734e-05
0,0,1.89695e-05
0,0,-1.89736e-05
0,0,1.89738e-05
0,0,-1.89731e-05
0,0,-1.89674e-05
0,0,1.89734e-05
0,0,-1.8965e-05
0,0,1.89623e-05
0,0,1.89738e-05
0,0,-1.89731e-05
0,0,1.89695e-05
0,0,-1.89736e-05
