mx,my,mz
0,0,-0.159329
0,0,0.159329
0,0,-0.159329
0,0,0.159329
0,0,0.159329
0,0,-0.159329
0,0,0.159329
0,0,-0.159329
0,0,-0.159329
0,0,0.159329
0,0,-0.159329
0,0,0.159329
0,0,0.159329
0,0,-0.159329
0,0,0.159329
0,0,-0.159329
