mx,my,mz
-0.175344,0.207515,0.0747207
0.175347,-0.207513,-0.0747204
-0.175345,0.207514,0.0747207
0.175348,-0.207512,-0.0747201
0.17535,-0.207512,-0.0747165
-0.175346,0.207515,0.0747158
0.175349,-0.207513,-0.0747152
-0.175347,0.207515,0.0747152
-0.175345,0.207514,0.0747207
0.175348,-0.207512,-0.0747201
-0.175344,0.207515,0.0747208
0.175347,-0.207513,-0.0747205
0.175349,-0.207513,-0.0747152
-0.175347,0.207515,0.0747151
0.17535,-0.207512,-0.0747165
-0.175346,0.207515,0.0747158
