mx,my,mz
0,0,0.241255
0,0,-0.211128
0,0,0.0335448
0,0,-0.194795
0,0,0.0202801
0,0,-0.0275803
0,0,0.294285
0,0,-0.292579
0,0,0.340978
0,0,-0.210102
0,0,0.302293
0,0,-0.0550559
0,0,0.159907
0,0,-0.113005
0,0,0.312156
0,0,-0.140373
