mx,my,mz
0,0,0.278395
0,0,-0.278395
0,0,0.278395
0,0,-0.278395
0,0,-0.278395
0,0,0.278395
0,0,-0.278395
0,0,0.278395
0,0,0.278395
0,0,-0.278395
0,0,0.278395
0,0,-0.278395
0,0,-0.278395
0,0,0.278395
0,0,-0.278395
0,0,0.278395
