mx,my,mz
0,0,0.22821
0,0,-0.22821
0,0,0.228209
0,0,-0.22821
0,0,-0.228209
0,0,0.228209
0,0,0.235567
0,0,-0.235567
0,0,0.22821
0,0,-0.22821
0,0,0.228209
0,0,-0.22821
0,0,0.235562
0,0,-0.235563
0,0,-0.228209
0,0,0.22821
