mx,my,mz
0,0,0.139328
0,0,-0.139328
0,0,0.139328
0,0,-0.139328
0,0,-0.139328
0,0,0.139328
0,0,-0.139328
0,0,0.139328
0,0,0.139328
0,0,-0.139328
0,0,0.139328
0,0,-0.139328
0,0,-0.139328
0,0,0.139328
0,0,-0.139328
0,0,0.139328
