mx,my,mz
0,0,0.229583
0,0,-0.229583
0,0,0.229583
0,0,-0.229583
0,0,-0.229583
0,0,0.229583
0,0,-0.229583
0,0,0.229583
0,0,0.229583
0,0,-0.229583
0,0,0.229583
0,0,-0.229583
0,0,-0.229583
0,0,0.229583
0,0,-0.229583
0,0,0.229583
