mx,my,mz
0.126144,-0.0654801,0.234119
-0.126141,0.0654828,-0.23412
0.126144,-0.0654823,0.234119
-0.126144,0.065487,-0.234117
-0.126139,0.0654849,-0.234121
0.126149,-0.0654858,0.234115
-0.126145,0.0654919,-0.234116
0.126148,-0.0654835,0.234117
0.126144,-0.065482,0.234119
-0.126144,0.065487,-0.234117
0.126144,-0.0654802,0.23412
-0.126141,0.0654825,-0.23412
-0.126145,0.0654918,-0.234116
0.126147,-0.0654838,0.234117
-0.126138,0.0654852,-0.234121
0.126149,-0.0654857,0.234115
