mx,my,mz
-0.175132,0.207271,0.0745358
0.175135,-0.207269,-0.0745355
-0.175133,0.207271,0.0745357
0.175136,-0.207268,-0.0745352
0.175138,-0.207268,-0.0745316
-0.175134,0.207272,0.0745309
0.175136,-0.20727,-0.0745302
-0.175135,0.207271,0.0745302
-0.175133,0.207271,0.0745358
0.175136,-0.207268,-0.0745352
-0.175132,0.207271,0.0745358
0.175135,-0.207269,-0.0745356
0.175137,-0.20727,-0.0745302
-0.175135,0.207271,0.0745302
0.175137,-0.207268,-0.0745315
-0.175134,0.207272,0.0745309
