mx,my,mz
-0.176043,0.128038,-0.205864
0.176051,-0.128033,0.205861
-0.176049,0.128038,-0.205859
0.176051,-0.12803,0.205862
0.176049,-0.128031,0.205863
-0.176047,0.128035,-0.205862
0.176049,-0.128033,0.205862
-0.176045,0.128035,-0.205865
-0.176049,0.128038,-0.205859
0.176051,-0.12803,0.205862
-0.176043,0.128038,-0.205864
0.176051,-0.128033,0.205861
0.176049,-0.128033,0.205862
-0.176045,0.128035,-0.205865
0.176049,-0.128031,0.205863
-0.176047,0.128035,-0.205862
