mx,my,mz
0,0,-4.75998e-06
0,0,4.77216e-06
0,0,-4.77181e-06
0,0,4.77105e-06
0,0,4.77363e-06
0,0,-4.77463e-06
0,0,4.77235e-06
0,0,-4.78275e-06
0,0,-4.76529e-06
0,0,4.76891e-06
0,0,-4.76252e-06
0,0,4.77046e-06
0,0,4.76014e-06
0,0,-4.77472e-06
0,0,4.77041e-06
0,0,-4.76716e-06
