mx,my,mz
0,0,0.273448
0,0,-0.273448
0,0,0.273448
0,0,-0.273448
0,0,-0.273448
0,0,0.273448
0,0,-0.273448
0,0,0.273448
0,0,0.273448
0,0,-0.273448
0,0,0.273448
0,0,-0.273448
0,0,-0.273448
0,0,0.273448
0,0,-0.273448
0,0,0.273448
