mx,my,mz
0,0,0.231532
0,0,-0.231532
0,0,-0.228679
0,0,0.228679
0,0,0.228679
0,0,-0.228679
0,0,0.22868
0,0,-0.22868
0,0,-0.228679
0,0,0.22868
0,0,0.231527
0,0,-0.231527
0,0,0.228679
0,0,-0.228679
0,0,0.228679
0,0,-0.22868
