mx,my,mz
0,0,-3.44458e-06
0,0,3.44673e-06
0,0,-3.46053e-06
0,0,3.46209e-06
0,0,3.49619e-06
0,0,-3.49577e-06
0,0,3.49999e-06
0,0,-3.50513e-06
0,0,-3.51566e-06
0,0,3.51743e-06
0,0,-3.52329e-06
0,0,3.52593e-06
0,0,3.50838e-06
0,0,-3.51383e-06
0,0,3.52851e-06
0,0,-3.52804e-06
