mx,my,mz
0,0,0.276806
0,0,-0.276806
0,0,0.276806
0,0,-0.276806
0,0,-0.276806
0,0,0.276806
0,0,-0.276806
0,0,0.276806
0,0,0.276806
0,0,-0.276806
0,0,0.276806
0,0,-0.276806
0,0,-0.276806
0,0,0.276806
0,0,-0.276806
0,0,0.276806
