mx,my,mz
0,0,0.275575
0,0,-0.275575
0,0,0.275575
0,0,-0.275575
0,0,-0.275575
0,0,0.275575
0,0,-0.275575
0,0,0.275575
0,0,0.275575
0,0,-0.275575
0,0,0.275575
0,0,-0.275575
0,0,-0.275575
0,0,0.275575
0,0,-0.275575
0,0,0.275575
