mx,my,mz
0,0,-0.248957
0,0,0.248957
0,0,-0.248957
0,0,0.248957
0,0,0.248957
0,0,-0.248957
0,0,0.248957
0,0,-0.248957
0,0,-0.248957
0,0,0.248957
0,0,-0.248957
0,0,0.248957
0,0,0.248957
0,0,-0.248957
0,0,0.248957
0,0,-0.248957
