mx,my,mz
0,0,0.066435
0,0,-0.066435
0,0,0.066435
0,0,-0.066435
0,0,-0.066435
0,0,0.066435
0,0,-0.066435
0,0,0.066435
0,0,0.066435
0,0,-0.066435
0,0,0.066435
0,0,-0.066435
0,0,-0.066435
0,0,0.066435
0,0,-0.066435
0,0,0.066435
