mx,my,mz
-0.17238,0.24462,-0.0253425
0.172384,-0.244618,0.0253418
-0.172381,0.244619,-0.0253432
0.172383,-0.244618,0.0253431
0.172382,-0.244619,0.0253462
-0.172381,0.244619,-0.0253473
0.172383,-0.244618,0.0253472
-0.172379,0.244621,-0.0253457
-0.172381,0.244619,-0.0253432
0.172383,-0.244618,0.0253432
-0.17238,0.24462,-0.0253425
0.172384,-0.244617,0.0253418
0.172383,-0.244618,0.0253472
-0.172379,0.244621,-0.0253457
0.172382,-0.244619,0.0253461
-0.172381,0.244619,-0.0253473
