mx,my,mz
0.245482,-0.152608,0.0906082
-0.245479,0.152612,-0.090608
0.245482,-0.152609,0.0906066
-0.245478,0.152611,-0.0906118
-0.24548,0.152612,-0.0906044
0.245483,-0.152608,0.0906051
-0.245481,0.152612,-0.0906034
0.245482,-0.152609,0.0906051
0.245482,-0.152609,0.0906066
-0.245478,0.152611,-0.0906118
0.245482,-0.152608,0.0906082
-0.245479,0.152612,-0.090608
-0.245481,0.152612,-0.0906034
0.245482,-0.15261,0.0906051
-0.24548,0.152612,-0.0906044
0.245483,-0.152608,0.0906051
