mx,my,mz
0,0,-3.62136e-06
0,0,3.62547e-06
0,0,-3.62024e-06
0,0,3.62508e-06
0,0,3.65843e-06
0,0,-3.63374e-06
0,0,3.62491e-06
0,0,-3.65823e-06
0,0,-3.59018e-06
0,0,3.54973e-06
0,0,-3.54518e-06
0,0,3.59171e-06
0,0,3.62594e-06
0,0,-3.6164e-06
0,0,3.61394e-06
0,0,-3.63133e-06
