mx,my,mz
0,0,0.206139
0,0,-0.0509426
0,0,0.329844
0,0,-0.327471
0,0,0.0460421
0,0,-0.210412
0,0,0.298802
0,0,-0.110456
0,0,0.358321
0,0,-0.197493
0,0,0.0615388
0,0,-0.0846173
0,0,0.347643
0,0,-0.250258
0,0,0.0666222
0,0,-0.238407
