mx,my,mz
0.236874,-0.182676,-0.0296538
-0.236872,0.182678,0.0296539
0.236874,-0.182676,-0.0296555
-0.236872,0.182679,0.0296539
-0.236871,0.182679,0.029659
0.236873,-0.182677,-0.0296565
-0.23687,0.18268,0.0296587
0.236873,-0.182676,-0.0296582
0.236874,-0.182676,-0.0296555
-0.236872,0.182678,0.0296539
0.236874,-0.182676,-0.0296538
-0.236872,0.182679,0.0296539
-0.23687,0.18268,0.0296587
0.236873,-0.182676,-0.0296582
-0.236871,0.182679,0.029659
0.236873,-0.182677,-0.0296565
