mx,my,mz
0,0,-0.228057
0,0,-0.236776
0,0,0.236776
0,0,0.228059
0,0,0.228058
0,0,-0.228059
0,0,0.228058
0,0,-0.228059
0,0,0.236774
0,0,0.228059
0,0,-0.228057
0,0,-0.236775
0,0,0.228058
0,0,-0.228059
0,0,0.228058
0,0,-0.228059
