mx,my,mz
0,0,-0.238002
0,0,0.238002
0,0,-0.238002
0,0,0.238002
0,0,0.238002
0,0,-0.238002
0,0,0.238002
0,0,-0.238002
0,0,-0.238002
0,0,0.238002
0,0,-0.238002
0,0,0.238002
0,0,0.238002
0,0,-0.238002
0,0,0.238002
0,0,-0.238002
