mx,my,mz
0.272744,-0.105798,0.0417179
-0.272742,0.105803,-0.0417188
0.272745,-0.105797,0.0417191
-0.272744,0.105798,-0.0417194
-0.272744,0.105801,-0.0417144
0.272745,-0.105798,0.0417163
-0.272744,0.105801,-0.0417159
0.272744,-0.1058,0.0417142
0.272745,-0.105797,0.0417191
-0.272744,0.105798,-0.0417195
0.272744,-0.105798,0.041718
-0.272742,0.105803,-0.0417189
-0.272744,0.105801,-0.0417159
0.272744,-0.1058,0.0417142
-0.272744,0.1058,-0.0417145
0.272745,-0.105798,0.0417164
