mx,my,mz
0,0,1.17727e-05
0,0,-1.17825e-05
0,0,1.17751e-05
0,0,-1.17775e-05
0,0,-1.17723e-05
0,0,1.17776e-05
0,0,-1.17733e-05
0,0,1.17801e-05
0,0,1.17751e-05
0,0,-1.17775e-05
0,0,1.17727e-05
0,0,-1.17825e-05
0,0,-1.17733e-05
0,0,1.17801e-05
0,0,-1.17723e-05
0,0,1.17776e-05
