mx,my,mz
0,0,-2.84771e-06
0,0,3.18184e-06
0,0,-3.35138e-06
0,0,2.88173e-06
0,0,3.36347e-06
0,0,-3.65717e-06
0,0,3.83536e-06
0,0,-3.4063e-06
0,0,-3.09253e-06
0,0,3.32965e-06
0,0,-3.48263e-06
0,0,3.08687e-06
0,0,3.21777e-06
0,0,-3.52509e-06
0,0,3.70692e-06
0,0,-3.26403e-06
