mx,my,mz
0.0763864,-0.142851,0.19154
-0.0763847,0.142852,-0.191539
0.0763858,-0.142851,0.19154
-0.0763847,0.142853,-0.191539
-0.0763862,0.142853,-0.191538
0.0763884,-0.142853,0.191537
-0.0763869,0.142853,-0.191538
0.0763878,-0.142853,0.191538
0.0763857,-0.142851,0.19154
-0.0763847,0.142853,-0.191539
0.0763866,-0.142851,0.19154
-0.0763848,0.142852,-0.191539
-0.076387,0.142853,-0.191538
0.076388,-0.142853,0.191538
-0.0763864,0.142853,-0.191538
0.0763886,-0.142853,0.191537
