mx,my,mz
0,0,4.75711e-06
0,0,-4.54213e-06
0,0,4.42656e-06
0,0,-4.50773e-06
0,0,-4.61492e-06
0,0,4.35486e-06
0,0,-4.23517e-06
0,0,4.36344e-06
0,0,4.99879e-06
0,0,-4.65652e-06
0,0,4.55622e-06
0,0,-4.77914e-06
0,0,-4.51304e-06
0,0,4.206e-06
0,0,-4.11461e-06
0,0,4.29671e-06
