mx,my,mz
0,0,-0.212095
0,0,0.212095
0,0,-0.212095
0,0,0.212095
0,0,0.212095
0,0,-0.212095
0,0,0.212095
0,0,-0.212095
0,0,-0.212095
0,0,0.212095
0,0,-0.212095
0,0,0.212095
0,0,0.212095
0,0,-0.212095
0,0,0.212095
0,0,-0.212095
