mx,my,mz
0,0,-0.303852
0,0,0.303852
0,0,-0.303852
0,0,0.303852
0,0,0.303852
0,0,-0.303852
0,0,0.303852
0,0,-0.303852
0,0,-0.303852
0,0,0.303852
0,0,-0.303852
0,0,0.303852
0,0,0.303852
0,0,-0.303852
0,0,0.303852
0,0,-0.303852
