mx,my,mz
0,0,-0.231957
0,0,0.231957
0,0,-0.231957
0,0,0.231957
0,0,0.231957
0,0,-0.231957
0,0,0.231957
0,0,-0.231957
0,0,-0.231957
0,0,0.231957
0,0,-0.231957
0,0,0.231957
0,0,0.231957
0,0,-0.231957
0,0,0.231957
0,0,-0.231957
