mx,my,mz
0,0,0.255695
0,0,-0.255695
0,0,0.255695
0,0,-0.255695
0,0,-0.255695
0,0,0.255695
0,0,-0.255695
0,0,0.255695
0,0,0.255695
0,0,-0.255695
0,0,0.255695
0,0,-0.255695
0,0,-0.255695
0,0,0.255695
0,0,-0.255695
0,0,0.255695
