mx,my,mz
0.088168,0.0337827,0.16615
-0.088168,-0.0337828,-0.16615
0.0881679,0.0337827,0.16615
-0.088168,-0.0337828,-0.16615
-0.088168,-0.0337828,-0.16615
0.088168,0.0337828,0.16615
-0.088168,-0.0337828,-0.16615
0.088168,0.0337828,0.16615
0.0881679,0.0337827,0.16615
-0.088168,-0.0337828,-0.16615
0.088168,0.0337827,0.16615
-0.088168,-0.0337828,-0.16615
-0.088168,-0.0337828,-0.16615
0.088168,0.0337828,0.16615
-0.088168,-0.0337828,-0.16615
0.088168,0.0337828,0.16615
