mx,my,mz
-0.218978,0.115686,-0.148652
0.218979,-0.115683,0.148652
-0.218976,0.115686,-0.148654
0.218978,-0.115682,0.148654
0.218977,-0.115679,0.148658
-0.218976,0.115683,-0.148656
0.218978,-0.115682,0.148655
-0.218975,0.115684,-0.148657
-0.218976,0.115686,-0.148654
0.218978,-0.115682,0.148653
-0.218978,0.115686,-0.148652
0.218979,-0.115683,0.148652
0.218978,-0.115682,0.148655
-0.218975,0.115684,-0.148657
0.218977,-0.11568,0.148658
-0.218976,0.115683,-0.148656
