mx,my,mz
0,0,0.215842
0,0,-0.215842
0,0,0.215842
0,0,-0.215842
0,0,-0.215842
0,0,0.215842
0,0,-0.215842
0,0,0.215842
0,0,0.215842
0,0,-0.215842
0,0,0.215842
0,0,-0.215842
0,0,-0.215842
0,0,0.215842
0,0,-0.215842
0,0,0.215842
