mx,my,mz
0,0,1.46253e-07
0,0,-3.22419e-07
0,0,3.65068e-07
0,0,-1.0437e-08
0,0,5.02621e-07
0,0,-2.39096e-07
0,0,1.25619e-07
0,0,-2.58875e-07
0,0,2.15894e-07
0,0,-5.23815e-07
0,0,4.31025e-08
0,0,-3.79538e-07
0,0,5.27813e-07
0,0,-3.69636e-07
0,0,2.91475e-07
0,0,-4.16416e-07
