mx,my,mz
0,0,3.9745e-07
0,0,-3.86814e-07
0,0,9.19982e-08
0,0,-2.78716e-07
0,0,6.01746e-07
0,0,-3.60825e-07
0,0,2.25589e-07
0,0,-4.03458e-07
0,0,3.1127e-07
0,0,-8.78501e-08
0,0,3.35745e-07
0,0,-4.24486e-07
0,0,3.44493e-08
0,0,-2.25468e-09
0,0,7.02078e-07
0,0,-2.27206e-07
