mx,my,mz
-0.158724,0.172704,0.19563
0.158726,-0.172702,-0.19563
-0.158724,0.172703,0.195631
0.158724,-0.1727,-0.195633
0.158731,-0.1727,-0.195628
-0.158724,0.172706,0.195628
0.158729,-0.172701,-0.195628
-0.158725,0.172706,0.195627
-0.158724,0.172703,0.195631
0.158724,-0.1727,-0.195633
-0.158724,0.172704,0.19563
0.158726,-0.172702,-0.19563
0.158729,-0.172701,-0.195628
-0.158725,0.172706,0.195627
0.158731,-0.1727,-0.195628
-0.158724,0.172706,0.195628
