mx,my,mz
0,0,0.227895
0,0,-0.227894
0,0,0.227894
0,0,-0.227894
0,0,-0.227894
0,0,0.227892
0,0,0.238025
0,0,-0.238026
0,0,0.227894
0,0,-0.227893
0,0,0.227894
0,0,-0.227894
0,0,0.238024
0,0,-0.238023
0,0,-0.227894
0,0,0.227893
