mx,my,mz
0,0,3.47681e-07
0,0,-1.76273e-07
0,0,3.33368e-07
0,0,-3.51918e-07
0,0,1.53237e-07
0,0,-4.79851e-07
0,0,3.57865e-08
0,0,-4.71949e-07
0,0,2.06936e-07
0,0,-3.66476e-07
0,0,3.64502e-07
0,0,-3.45235e-08
0,0,2.01697e-07
0,0,-2.39501e-07
0,0,2.38335e-08
0,0,-5.47254e-07
