mx,my,mz
-0.10362,0.0747666,-0.277668
0.103637,-0.0747517,0.277666
-0.103623,0.0747702,-0.277666
0.103641,-0.0747511,0.277665
0.103626,-0.0747516,0.27767
-0.103624,0.0747623,-0.277668
0.103633,-0.074752,0.277667
-0.10362,0.07476,-0.27767
-0.103623,0.0747701,-0.277666
0.103641,-0.0747511,0.277665
-0.10362,0.0747668,-0.277668
0.103637,-0.0747518,0.277666
0.103634,-0.0747518,0.277667
-0.10362,0.0747599,-0.27767
0.103626,-0.0747517,0.27767
-0.103624,0.0747624,-0.277668
