mx,my,mz
0,0,5.15784e-07
0,0,-5.31568e-07
0,0,5.58365e-07
0,0,-2.09467e-07
0,0,1.42261e-07
0,0,-2.56176e-07
0,0,6.74735e-08
0,0,-2.53501e-07
0,0,2.58442e-07
0,0,-4.94358e-07
0,0,2.30048e-07
0,0,-6.83234e-07
0,0,6.0949e-07
0,0,-5.48227e-08
0,0,5.11978e-07
0,0,-5.05773e-07
