mx,my,mz
-0.158643,0.172692,0.195682
0.158645,-0.17269,-0.195683
-0.158643,0.172691,0.195683
0.158643,-0.172688,-0.195686
0.158649,-0.172688,-0.195681
-0.158643,0.172694,0.195681
0.158647,-0.172689,-0.195681
-0.158644,0.172694,0.19568
-0.158643,0.172691,0.195683
0.158643,-0.172688,-0.195686
-0.158643,0.172692,0.195682
0.158645,-0.17269,-0.195683
0.158647,-0.172689,-0.195681
-0.158644,0.172694,0.19568
0.158649,-0.172688,-0.195681
-0.158643,0.172694,0.195681
