mx,my,mz
0,0,-4.62554e-06
0,0,4.62947e-06
0,0,-4.62419e-06
0,0,4.62307e-06
0,0,4.6291e-06
0,0,-4.63198e-06
0,0,4.63325e-06
0,0,-4.63318e-06
0,0,-4.62291e-06
0,0,4.62459e-06
0,0,-4.62978e-06
0,0,4.63099e-06
0,0,4.63217e-06
0,0,-4.63483e-06
0,0,4.63349e-06
0,0,-4.63366e-06
