mx,my,mz
0.0956022,0.203104,0.0614199
-0.0956022,-0.203104,-0.0614203
0.0956018,0.203105,0.0614198
-0.0956014,-0.203105,-0.0614206
-0.0956016,-0.203105,-0.0614186
0.0956015,0.203105,0.0614194
-0.0956016,-0.203105,-0.0614193
0.0956018,0.203105,0.0614192
0.0956018,0.203105,0.0614198
-0.0956014,-0.203105,-0.0614206
0.0956022,0.203104,0.0614199
-0.0956022,-0.203104,-0.0614203
-0.0956016,-0.203105,-0.0614193
0.0956018,0.203105,0.0614192
-0.0956016,-0.203105,-0.0614185
0.0956015,0.203105,0.0614194
