mx,my,mz
-0.200032,0.213805,0.0877576
0.200035,-0.213803,-0.0877564
-0.200032,0.213805,0.0877568
0.200033,-0.213803,-0.0877601
0.200036,-0.213803,-0.0877529
-0.200033,0.213805,0.0877547
0.200035,-0.213803,-0.0877546
-0.200033,0.213806,0.0877536
-0.200032,0.213805,0.0877568
0.200033,-0.213803,-0.08776
-0.200032,0.213805,0.0877576
0.200035,-0.213803,-0.0877563
0.200035,-0.213803,-0.0877546
-0.200033,0.213805,0.0877536
0.200036,-0.213803,-0.0877529
-0.200033,0.213805,0.0877547
