mx,my,mz
0,0,0.157792
0,0,-0.157792
0,0,0.157792
0,0,-0.157792
0,0,-0.157792
0,0,0.157792
0,0,-0.157792
0,0,0.157792
0,0,0.157792
0,0,-0.157792
0,0,0.157792
0,0,-0.157792
0,0,-0.157792
0,0,0.157792
0,0,-0.157792
0,0,0.157792
