mx,my,mz
-0.153916,0.0766038,0.251539
0.153915,-0.0766034,-0.25154
-0.153911,0.0766056,0.251541
0.153916,-0.0766027,-0.251539
0.153919,-0.0766038,-0.251537
-0.153909,0.0766094,0.251542
0.15392,-0.0765978,-0.251538
-0.153917,0.0766114,0.251536
-0.153911,0.0766055,0.251541
0.153916,-0.0766028,-0.251539
-0.153916,0.0766038,0.251539
0.153915,-0.0766032,-0.25154
0.15392,-0.076598,-0.251538
-0.153917,0.0766117,0.251536
0.153919,-0.0766039,-0.251537
-0.153909,0.0766095,0.251541
