mx,my,mz
0.18679,-0.23981,-0.0320568
-0.186787,0.239812,0.0320577
0.186791,-0.239808,-0.0320581
-0.186788,0.239811,0.0320563
-0.186789,0.23981,0.0320613
0.186791,-0.239808,-0.0320619
-0.186788,0.239811,0.0320611
0.186791,-0.239808,-0.0320607
0.186791,-0.239808,-0.0320581
-0.186788,0.239811,0.0320563
0.18679,-0.23981,-0.0320568
-0.186787,0.239812,0.0320577
-0.186788,0.239811,0.0320611
0.186791,-0.239809,-0.0320608
-0.186789,0.23981,0.0320613
0.186791,-0.239808,-0.0320619
