mx,my,mz
0.177511,-0.220505,-0.114135
-0.177505,0.22051,0.114136
0.177511,-0.220506,-0.114135
-0.177507,0.220509,0.114134
-0.177505,0.220508,0.11414
0.177508,-0.220505,-0.11414
-0.177506,0.220508,0.114139
0.177511,-0.220504,-0.114139
0.177511,-0.220505,-0.114135
-0.177507,0.220509,0.114134
0.177511,-0.220505,-0.114135
-0.177505,0.22051,0.114136
-0.177506,0.220508,0.114139
0.177511,-0.220504,-0.114139
-0.177505,0.220508,0.11414
0.177508,-0.220505,-0.11414
