mx,my,mz
-0.179142,0.195534,0.0983066
0.179145,-0.195531,-0.0983068
-0.179142,0.195533,0.0983073
0.179144,-0.195531,-0.0983086
0.179145,-0.195532,-0.0983035
-0.179142,0.195535,0.0983043
0.179145,-0.195533,-0.0983041
-0.179141,0.195535,0.0983042
-0.179142,0.195533,0.0983074
0.179144,-0.195531,-0.0983086
-0.179142,0.195534,0.0983065
0.179145,-0.195531,-0.0983068
0.179145,-0.195533,-0.0983042
-0.179141,0.195535,0.0983043
0.179145,-0.195533,-0.0983035
-0.179142,0.195535,0.0983043
