mx,my,mz
0,0,-4.44204e-06
0,0,4.43752e-06
0,0,-4.43744e-06
0,0,4.43545e-06
0,0,4.46336e-06
0,0,-4.46577e-06
0,0,4.46171e-06
0,0,-4.45334e-06
0,0,-4.45213e-06
0,0,4.45856e-06
0,0,-4.45269e-06
0,0,4.43972e-06
0,0,4.44982e-06
0,0,-4.44991e-06
0,0,4.44816e-06
0,0,-4.44154e-06
