mx,my,mz
-0.174452,0.240701,-0.070716
0.174456,-0.2407,0.0707133
-0.174454,0.2407,-0.0707162
0.174456,-0.240698,0.0707154
0.174455,-0.240698,0.0707195
-0.174454,0.2407,-0.0707173
0.174456,-0.240698,0.0707192
-0.174453,0.2407,-0.0707183
-0.174454,0.2407,-0.0707162
0.174456,-0.240698,0.0707154
-0.174453,0.240701,-0.070716
0.174456,-0.2407,0.0707133
0.174456,-0.240698,0.0707192
-0.174453,0.2407,-0.0707184
0.174455,-0.240698,0.0707195
-0.174454,0.2407,-0.0707174
