mx,my,mz
0,0,0.204178
0,0,-0.204178
0,0,0.204178
0,0,-0.204178
0,0,-0.204178
0,0,0.204178
0,0,-0.204178
0,0,0.204178
0,0,0.204178
0,0,-0.204178
0,0,0.204178
0,0,-0.204178
0,0,-0.204178
0,0,0.204178
0,0,-0.204178
0,0,0.204178
