mx,my,mz
0,0,0.244344
0,0,-0.213831
0,0,0.0339711
0,0,-0.197285
0,0,0.0205355
0,0,-0.0279317
0,0,0.298046
0,0,-0.296319
0,0,0.345334
0,0,-0.212798
0,0,0.30615
0,0,-0.0557642
0,0,0.161948
0,0,-0.114452
0,0,0.316143
0,0,-0.142173
