mx,my,mz
0,0,7.95971e-07
0,0,-4.11441e-07
0,0,8.50064e-07
0,0,-7.15448e-07
0,0,4.25159e-07
0,0,-9.79408e-07
0,0,1.16298e-07
0,0,-1.03082e-06
0,0,4.52333e-07
0,0,-7.96205e-07
0,0,8.68309e-07
0,0,1.98891e-08
0,0,4.95509e-07
0,0,-4.58074e-07
0,0,4.84539e-08
0,0,-1.17899e-06
