mx,my,mz
0,0,3.34116e-06
0,0,-3.53415e-06
0,0,3.60011e-06
0,0,-3.47088e-06
0,0,-3.29996e-06
0,0,3.52722e-06
0,0,-3.59963e-06
0,0,3.44307e-06
0,0,3.39232e-06
0,0,-3.59437e-06
0,0,3.68066e-06
0,0,-3.54434e-06
0,0,-3.21756e-06
0,0,3.37916e-06
0,0,-3.46473e-06
0,0,3.36613e-06
