mx,my,mz
0,0,0.304844
0,0,-0.304844
0,0,0.304844
0,0,-0.304844
0,0,-0.304844
0,0,0.304844
0,0,-0.304844
0,0,0.304844
0,0,0.304844
0,0,-0.304844
0,0,0.304844
0,0,-0.304844
0,0,-0.304844
0,0,0.304844
0,0,-0.304844
0,0,0.304844
