mx,my,mz
0,0,0.26395
0,0,-0.26395
0,0,0.26395
0,0,-0.26395
0,0,-0.26395
0,0,0.26395
0,0,-0.26395
0,0,0.26395
0,0,0.26395
0,0,-0.26395
0,0,0.26395
0,0,-0.26395
0,0,-0.26395
0,0,0.26395
0,0,-0.26395
0,0,0.26395
