mx,my,mz
0,0,-1.84442e-05
0,0,1.84491e-05
0,0,-1.84412e-05
0,0,1.84415e-05
0,0,1.84466e-05
0,0,-1.84514e-05
0,0,1.84392e-05
0,0,-1.84396e-05
0,0,-1.84412e-05
0,0,1.84415e-05
0,0,-1.84442e-05
0,0,1.84491e-05
0,0,1.84392e-05
0,0,-1.84396e-05
0,0,1.84466e-05
0,0,-1.84514e-05
