mx,my,mz
0,0,1.47821e-07
0,0,-3.25806e-07
0,0,3.68846e-07
0,0,-1.05326e-08
0,0,5.07865e-07
0,0,-2.41577e-07
0,0,1.26943e-07
0,0,-2.61602e-07
0,0,2.18114e-07
0,0,-5.29272e-07
0,0,4.3594e-08
0,0,-3.83521e-07
0,0,5.33337e-07
0,0,-3.73519e-07
0,0,2.94513e-07
0,0,-4.20748e-07
