mx,my,mz
0,0,0.227915
0,0,-0.227914
0,0,0.227915
0,0,-0.227914
0,0,-0.227915
0,0,0.227913
0,0,0.237873
0,0,-0.237874
0,0,0.227915
0,0,-0.227914
0,0,0.227915
0,0,-0.227914
0,0,0.237871
0,0,-0.237871
0,0,-0.227915
0,0,0.227913
