mx,my,mz
0,0,0.296316
0,0,-0.296316
0,0,0.296316
0,0,-0.296316
0,0,-0.296316
0,0,0.296316
0,0,-0.296316
0,0,0.296316
0,0,0.296316
0,0,-0.296316
0,0,0.296316
0,0,-0.296316
0,0,-0.296316
0,0,0.296316
0,0,-0.296316
0,0,0.296316
