mx,my,mz
0,0,-0.0911242
0,0,0.0911242
0,0,-0.0911242
0,0,0.0911242
0,0,0.0911242
0,0,-0.0911242
0,0,0.0911242
0,0,-0.0911242
0,0,-0.0911242
0,0,0.0911242
0,0,-0.0911242
0,0,0.0911242
0,0,0.0911242
0,0,-0.0911242
0,0,0.0911242
0,0,-0.0911242
