mx,my,mz
0,0,-1.61424e-06
0,0,1.27786e-06
0,0,-1.42782e-06
0,0,1.23316e-06
0,0,2.79957e-06
0,0,-2.68491e-06
0,0,2.51327e-06
0,0,-2.42018e-06
0,0,-1.75026e-06
0,0,1.60364e-06
0,0,-1.22295e-06
0,0,1.04854e-06
0,0,2.11525e-06
0,0,-1.82126e-06
0,0,1.73994e-06
0,0,-1.70002e-06
