mx,my,mz
0,0,4.57599e-07
0,0,-2.3207e-07
0,0,4.38772e-07
0,0,-4.63211e-07
0,0,2.01657e-07
0,0,-6.31614e-07
0,0,4.70894e-08
0,0,-6.2126e-07
0,0,2.72403e-07
0,0,-4.82352e-07
0,0,4.79728e-07
0,0,-4.55374e-08
0,0,2.65468e-07
0,0,-3.15322e-07
0,0,3.13646e-08
0,0,-7.20314e-07
