mx,my,mz
0,0,-4.19927e-06
0,0,4.19794e-06
0,0,-4.18954e-06
0,0,4.19152e-06
0,0,4.19945e-06
0,0,-4.20061e-06
0,0,4.19515e-06
0,0,-4.19477e-06
0,0,-4.18824e-06
0,0,4.18927e-06
0,0,-4.19723e-06
0,0,4.19684e-06
0,0,4.19068e-06
0,0,-4.18943e-06
0,0,4.19434e-06
0,0,-4.19637e-06
