mx,my,mz
0,0,4.10301e-06
0,0,-4.09958e-06
0,0,4.13843e-06
0,0,-4.12474e-06
0,0,-4.0165e-06
0,0,4.0283e-06
0,0,-4.08023e-06
0,0,4.04325e-06
0,0,4.04886e-06
0,0,-4.05779e-06
0,0,4.13673e-06
0,0,-4.11148e-06
0,0,-4.0009e-06
0,0,3.9866e-06
0,0,-4.05656e-06
0,0,4.05518e-06
