mx,my,mz
0,0,0.238604
0,0,-0.208807
0,0,0.0331767
0,0,-0.192655
0,0,0.020058
0,0,-0.0272775
0,0,0.291052
0,0,-0.289365
0,0,0.337232
0,0,-0.207792
0,0,0.298973
0,0,-0.0544502
0,0,0.158151
0,0,-0.111762
0,0,0.308727
0,0,-0.138829
