mx,my,mz
-0.215147,0.217024,-0.0062496
0.21515,-0.217022,0.00625094
-0.215148,0.217023,-0.00625271
0.215151,-0.21702,0.00625248
0.21515,-0.217021,0.00625441
-0.215148,0.217024,-0.00625496
0.21515,-0.217022,0.00625462
-0.215149,0.217022,-0.00625448
-0.215148,0.217023,-0.00625273
0.215151,-0.21702,0.00625248
-0.215147,0.217024,-0.0062496
0.21515,-0.217022,0.00625097
0.21515,-0.217021,0.00625461
-0.215149,0.217022,-0.00625445
0.21515,-0.217021,0.00625438
-0.215148,0.217024,-0.00625496
