mx,my,mz
-0.106203,0.00457834,-0.278005
0.106212,-0.00456308,0.278002
-0.106202,0.00457623,-0.278006
0.106216,-0.0045681,0.278001
0.106209,-0.00456635,0.278003
-0.106206,0.00457167,-0.278004
0.106209,-0.0045653,0.278003
-0.106207,0.00456561,-0.278004
-0.106202,0.00457621,-0.278006
0.106215,-0.00456845,0.278001
-0.106203,0.00457859,-0.278005
0.106212,-0.00456297,0.278002
0.106209,-0.00456519,0.278003
-0.106207,0.00456587,-0.278004
0.106209,-0.00456652,0.278003
-0.106206,0.00457146,-0.278004
