mx,my,mz
-0.208084,0.214056,0.0215308
0.208086,-0.214054,-0.0215294
-0.208084,0.214056,0.0215308
0.208086,-0.214054,-0.0215309
0.208087,-0.214054,-0.0215263
-0.208082,0.214059,0.021525
0.208087,-0.214054,-0.0215252
-0.208084,0.214057,0.0215261
-0.208084,0.214056,0.0215307
0.208087,-0.214054,-0.0215308
-0.208084,0.214056,0.0215307
0.208086,-0.214054,-0.0215294
0.208087,-0.214054,-0.0215252
-0.208085,0.214057,0.0215261
0.208087,-0.214054,-0.0215263
-0.208082,0.214059,0.021525
