mx,my,mz
0.0880553,-0.0203804,0.15879
-0.0880553,0.0203804,-0.15879
0.0880553,-0.0203804,0.15879
-0.0880553,0.0203804,-0.15879
-0.0880553,0.0203804,-0.15879
0.0880553,-0.0203804,0.15879
-0.0880553,0.0203804,-0.15879
0.0880553,-0.0203804,0.15879
0.0880553,-0.0203804,0.15879
-0.0880553,0.0203804,-0.15879
0.0880553,-0.0203804,0.15879
-0.0880553,0.0203804,-0.15879
-0.0880553,0.0203804,-0.15879
0.0880553,-0.0203804,0.15879
-0.0880553,0.0203804,-0.15879
0.0880553,-0.0203804,0.15879
