mx,my,mz
0,0,-0.175329
0,0,-0.175326
0,0,0.275945
0,0,-0.175327
0,0,-0.175328
0,0,-0.175326
0,0,0.275945
0,0,-0.175326
0,0,0.275946
0,0,-0.175329
0,0,-0.175326
0,0,-0.175329
0,0,0.275946
0,0,-0.175329
0,0,-0.175325
0,0,-0.175329
