mx,my,mz
0.110104,-0.171858,0.140285
-0.110105,0.171858,-0.140285
0.110105,-0.171857,0.140286
-0.110104,0.171858,-0.140287
-0.110105,0.171859,-0.140283
0.110106,-0.171858,0.140284
-0.110104,0.171859,-0.140284
0.110106,-0.171859,0.140283
0.110105,-0.171857,0.140286
-0.110104,0.171857,-0.140287
0.110104,-0.171858,0.140285
-0.110105,0.171858,-0.140285
-0.110104,0.171859,-0.140284
0.110106,-0.171859,0.140283
-0.110105,0.171859,-0.140283
0.110106,-0.171858,0.140284
