mx,my,mz
0,0,-0.297988
0,0,0.297988
0,0,-0.297988
0,0,0.297988
0,0,0.297988
0,0,-0.297988
0,0,0.297988
0,0,-0.297988
0,0,-0.297988
0,0,0.297988
0,0,-0.297988
0,0,0.297988
0,0,0.297988
0,0,-0.297988
0,0,0.297988
0,0,-0.297988
