mx,my,mz
0,0,1.47298e-05
0,0,-1.4728e-05
0,0,1.47136e-05
0,0,-1.47282e-05
0,0,-1.47346e-05
0,0,1.47286e-05
0,0,-1.47179e-05
0,0,1.47367e-05
0,0,1.47136e-05
0,0,-1.47282e-05
0,0,1.47298e-05
0,0,-1.4728e-05
0,0,-1.47179e-05
0,0,1.47367e-05
0,0,-1.47346e-05
0,0,1.47286e-05
