mx,my,mz
0,0,7.91476e-08
0,0,-8.14308e-08
0,0,2.57742e-07
0,0,-1.87806e-07
0,0,5.89399e-09
0,0,-5.1267e-07
0,0,1.11148e-07
0,0,-5.27598e-07
0,0,2.19541e-07
0,0,-5.06153e-07
0,0,2.17341e-07
0,0,-4.31753e-07
0,0,2.56711e-07
0,0,-2.2833e-08
0,0,4.66825e-07
0,0,-1.15547e-08
