mx,my,mz
0,0,-3.10615e-06
0,0,3.00346e-06
0,0,-2.96681e-06
0,0,3.03249e-06
0,0,3.16523e-06
0,0,-3.03535e-06
0,0,3.02756e-06
0,0,-3.1103e-06
0,0,-3.20641e-06
0,0,3.09158e-06
0,0,-3.12547e-06
0,0,3.18987e-06
0,0,3.3609e-06
0,0,-3.27886e-06
0,0,3.2791e-06
0,0,-3.32321e-06
