mx,my,mz
0.0272828,-0.217352,-0.0128361
-0.0272811,0.217353,0.0128365
0.0272819,-0.217353,-0.0128362
-0.0272812,0.217353,0.0128369
-0.0272818,0.217352,0.0128379
0.0272805,-0.217353,-0.0128397
-0.0272819,0.217352,0.0128386
0.0272834,-0.217352,-0.0128382
0.0272821,-0.217353,-0.0128361
-0.0272813,0.217353,0.0128367
0.0272827,-0.217352,-0.012836
-0.0272811,0.217353,0.0128365
-0.0272819,0.217352,0.0128386
0.0272833,-0.217352,-0.0128381
-0.0272815,0.217353,0.0128379
0.0272803,-0.217353,-0.0128398
