mx,my,mz
0,0,-0.228079
0,0,-0.236605
0,0,0.236605
0,0,0.22808
0,0,0.22808
0,0,-0.228081
0,0,0.22808
0,0,-0.228081
0,0,0.236603
0,0,0.228081
0,0,-0.228079
0,0,-0.236603
0,0,0.22808
0,0,-0.228081
0,0,0.22808
0,0,-0.228081
