mx,my,mz
-0.142652,0.143973,0.0591356
0.142652,-0.143973,-0.0591356
-0.142652,0.143973,0.0591358
0.142652,-0.143973,-0.0591358
0.142652,-0.143973,-0.0591352
-0.142652,0.143973,0.0591353
0.142652,-0.143973,-0.0591353
-0.142652,0.143973,0.0591354
-0.142652,0.143973,0.0591358
0.142652,-0.143973,-0.0591358
-0.142652,0.143973,0.0591356
0.142652,-0.143973,-0.0591356
0.142652,-0.143973,-0.0591353
-0.142652,0.143973,0.0591354
0.142652,-0.143973,-0.0591353
-0.142652,0.143973,0.0591353
