mx,my,mz
0,0,0.284188
0,0,-0.284188
0,0,0.284188
0,0,-0.284188
0,0,-0.284188
0,0,0.284188
0,0,-0.284188
0,0,0.284188
0,0,0.284188
0,0,-0.284188
0,0,0.284188
0,0,-0.284188
0,0,-0.284188
0,0,0.284188
0,0,-0.284188
0,0,0.284188
