mx,my,mz
0,0,0.241075
0,0,-0.210969
0,0,0.0335197
0,0,-0.19465
0,0,0.020265
0,0,-0.0275597
0,0,0.294065
0,0,-0.29236
0,0,0.340723
0,0,-0.209944
0,0,0.302067
0,0,-0.0550146
0,0,0.159787
0,0,-0.11292
0,0,0.311923
0,0,-0.140267
