mx,my,mz
0,0,0.174997
0,0,-0.174997
0,0,0.174997
0,0,-0.174997
0,0,-0.174997
0,0,0.174997
0,0,-0.174997
0,0,0.174997
0,0,0.174997
0,0,-0.174997
0,0,0.174997
0,0,-0.174997
0,0,-0.174997
0,0,0.174997
0,0,-0.174997
0,0,0.174997
