mx,my,mz
0,0,0.238587
0,0,-0.208792
0,0,0.0331743
0,0,-0.192642
0,0,0.0200566
0,0,-0.0272756
0,0,0.291031
0,0,-0.289344
0,0,0.337208
0,0,-0.207777
0,0,0.298951
0,0,-0.0544462
0,0,0.158139
0,0,-0.111754
0,0,0.308705
0,0,-0.138819
