mx,my,mz
0,0,-0.16382
0,0,0.16382
0,0,-0.16382
0,0,0.16382
0,0,0.16382
0,0,-0.16382
0,0,0.16382
0,0,-0.16382
0,0,-0.16382
0,0,0.16382
0,0,-0.16382
0,0,0.16382
0,0,0.16382
0,0,-0.16382
0,0,0.16382
0,0,-0.16382
