mx,my,mz
-0.20801,0.213899,0.0216444
0.208012,-0.213897,-0.0216432
-0.20801,0.213899,0.0216444
0.208012,-0.213897,-0.0216445
0.208013,-0.213897,-0.0216403
-0.208009,0.213901,0.0216392
0.208013,-0.213897,-0.0216393
-0.208011,0.213899,0.0216401
-0.20801,0.213899,0.0216444
0.208012,-0.213897,-0.0216445
-0.20801,0.213899,0.0216444
0.208012,-0.213897,-0.0216432
0.208013,-0.213897,-0.0216394
-0.208011,0.213899,0.0216401
0.208013,-0.213897,-0.0216403
-0.208008,0.213901,0.0216392
