mx,my,mz
0,0,-0.226323
0,0,0.226323
0,0,-0.226323
0,0,0.226323
0,0,0.226323
0,0,-0.226323
0,0,0.226323
0,0,-0.226323
0,0,-0.226323
0,0,0.226323
0,0,-0.226323
0,0,0.226323
0,0,0.226323
0,0,-0.226323
0,0,0.226323
0,0,-0.226323
