mx,my,mz
0,0,1.43035e-05
0,0,-1.43018e-05
0,0,1.43093e-05
0,0,-1.43118e-05
0,0,-1.43083e-05
0,0,1.43141e-05
0,0,-1.43099e-05
0,0,1.43048e-05
0,0,1.43093e-05
0,0,-1.43118e-05
0,0,1.43035e-05
0,0,-1.43018e-05
0,0,-1.43099e-05
0,0,1.43048e-05
0,0,-1.43083e-05
0,0,1.43141e-05
