mx,my,mz
0,0,0.238538
0,0,-0.20875
0,0,0.0331676
0,0,-0.192602
0,0,0.0200525
0,0,-0.02727
0,0,0.290972
0,0,-0.289285
0,0,0.337139
0,0,-0.207734
0,0,0.29889
0,0,-0.0544351
0,0,0.158107
0,0,-0.111732
0,0,0.308642
0,0,-0.138791
