mx,my,mz
0,0,-0.293978
0,0,0.293978
0,0,-0.293978
0,0,0.293978
0,0,0.293978
0,0,-0.293978
0,0,0.293978
0,0,-0.293978
0,0,-0.293978
0,0,0.293978
0,0,-0.293978
0,0,0.293978
0,0,0.293978
0,0,-0.293978
0,0,0.293978
0,0,-0.293978
