mx,my,mz
0,0,0.256856
0,0,-0.256856
0,0,0.256856
0,0,-0.256856
0,0,-0.256856
0,0,0.256856
0,0,-0.256856
0,0,0.256856
0,0,0.256856
0,0,-0.256856
0,0,0.256856
0,0,-0.256856
0,0,-0.256856
0,0,0.256856
0,0,-0.256856
0,0,0.256856
