mx,my,mz
0,0,-3.19244e-06
0,0,3.07836e-06
0,0,-3.03716e-06
0,0,3.1101e-06
0,0,3.25928e-06
0,0,-3.11439e-06
0,0,3.10569e-06
0,0,-3.19773e-06
0,0,-3.3033e-06
0,0,3.17544e-06
0,0,-3.21396e-06
0,0,3.28519e-06
0,0,3.47565e-06
0,0,-3.38505e-06
0,0,3.38555e-06
0,0,-3.43392e-06
