mx,my,mz
0,0,1.52747e-05
0,0,-1.52649e-05
0,0,1.52742e-05
0,0,-1.52867e-05
0,0,-1.52839e-05
0,0,1.52777e-05
0,0,-1.52688e-05
0,0,1.52775e-05
0,0,1.52742e-05
0,0,-1.52867e-05
0,0,1.52747e-05
0,0,-1.52649e-05
0,0,-1.52688e-05
0,0,1.52775e-05
0,0,-1.52839e-05
0,0,1.52777e-05
