mx,my,mz
0.18183,-0.196783,-0.137951
-0.181823,0.19679,0.13795
0.181831,-0.196785,-0.137948
-0.181824,0.19679,0.137949
-0.181825,0.196787,0.137952
0.181827,-0.196785,-0.137952
-0.181826,0.196786,0.137953
0.181829,-0.196785,-0.137951
0.181831,-0.196785,-0.137948
-0.181824,0.19679,0.137949
0.18183,-0.196784,-0.137951
-0.181823,0.19679,0.13795
-0.181826,0.196786,0.137953
0.181829,-0.196785,-0.137951
-0.181825,0.196787,0.137952
0.181827,-0.196785,-0.137952
