mx,my,mz
0,0,1.49157e-07
0,0,-3.28849e-07
0,0,3.72366e-07
0,0,-1.06416e-08
0,0,5.12646e-07
0,0,-2.43864e-07
0,0,1.28122e-07
0,0,-2.64044e-07
0,0,2.20215e-07
0,0,-5.34261e-07
0,0,4.39506e-08
0,0,-3.87107e-07
0,0,5.38339e-07
0,0,-3.77014e-07
0,0,2.97287e-07
0,0,-4.24722e-07
