mx,my,mz
0.178119,-0.237366,-0.0724371
-0.178117,0.237368,0.0724368
0.17812,-0.237366,-0.0724373
-0.178116,0.237369,0.0724377
-0.178116,0.237368,0.0724408
0.178118,-0.237366,-0.072441
-0.178116,0.237368,0.0724396
0.17812,-0.237365,-0.0724409
0.17812,-0.237366,-0.0724373
-0.178116,0.237369,0.0724377
0.178119,-0.237366,-0.0724371
-0.178117,0.237368,0.0724368
-0.178116,0.237368,0.0724396
0.17812,-0.237365,-0.072441
-0.178116,0.237368,0.0724408
0.178118,-0.237366,-0.072441
