mx,my,mz
0,0,0.302829
0,0,-0.302829
0,0,0.302829
0,0,-0.302829
0,0,-0.302829
0,0,0.302829
0,0,-0.302829
0,0,0.302829
0,0,0.302829
0,0,-0.302829
0,0,0.302829
0,0,-0.302829
0,0,-0.302829
0,0,0.302829
0,0,-0.302829
0,0,0.302829
