mx,my,mz
0.119893,-0.0518805,0.10124
-0.119893,0.0518805,-0.10124
0.119893,-0.0518805,0.10124
-0.119893,0.0518805,-0.10124
-0.119893,0.0518805,-0.10124
0.119893,-0.0518805,0.10124
-0.119893,0.0518804,-0.10124
0.119893,-0.0518805,0.10124
0.119893,-0.0518805,0.10124
-0.119893,0.0518805,-0.10124
0.119893,-0.0518805,0.10124
-0.119893,0.0518805,-0.10124
-0.119893,0.0518804,-0.10124
0.119893,-0.0518805,0.10124
-0.119893,0.0518805,-0.10124
0.119893,-0.0518805,0.10124
