mx,my,mz
0,0,-0.175327
0,0,-0.175325
0,0,0.275885
0,0,-0.175325
0,0,-0.175327
0,0,-0.175325
0,0,0.275885
0,0,-0.175325
0,0,0.275886
0,0,-0.175328
0,0,-0.175324
0,0,-0.175328
0,0,0.275886
0,0,-0.175328
0,0,-0.175324
0,0,-0.175328
