mx,my,mz
0,0,2.15359e-07
0,0,-3.44926e-08
0,0,4.79663e-07
0,0,-3.69929e-07
0,0,4.66128e-07
0,0,-5.13299e-07
0,0,1.43442e-07
0,0,-8.79915e-09
0,0,2.1916e-07
0,0,-2.75595e-08
0,0,4.06676e-07
0,0,-3.41275e-07
0,0,2.75239e-07
0,0,-1.84933e-07
0,0,1.32108e-07
0,0,-2.88886e-07
