mx,my,mz
0,0,-2.83343e-06
0,0,3.13534e-06
0,0,-3.28846e-06
0,0,2.8649e-06
0,0,3.29761e-06
0,0,-3.56296e-06
0,0,3.72292e-06
0,0,-3.33614e-06
0,0,-3.05419e-06
0,0,3.26915e-06
0,0,-3.40685e-06
0,0,3.05019e-06
0,0,3.16618e-06
0,0,-3.44359e-06
0,0,3.60685e-06
0,0,-3.20782e-06
