mx,my,mz
0,0,-0.30357
0,0,0.30357
0,0,-0.30357
0,0,0.30357
0,0,0.30357
0,0,-0.30357
0,0,0.30357
0,0,-0.30357
0,0,-0.30357
0,0,0.30357
0,0,-0.30357
0,0,0.30357
0,0,0.30357
0,0,-0.30357
0,0,0.30357
0,0,-0.30357
