mx,my,mz
-0.20579,0.0966483,-0.133066
0.205789,-0.0966481,0.133068
-0.205787,0.0966499,-0.133069
0.20579,-0.0966468,0.133068
0.205788,-0.0966457,0.133071
-0.205788,0.0966464,-0.133072
0.205789,-0.0966454,0.133071
-0.205787,0.0966479,-0.133071
-0.205788,0.0966499,-0.133069
0.20579,-0.0966469,0.133068
-0.20579,0.0966484,-0.133066
0.205789,-0.0966481,0.133068
0.205789,-0.0966452,0.133071
-0.205787,0.0966479,-0.133071
0.205788,-0.0966457,0.133071
-0.205788,0.0966462,-0.133072
