mx,my,mz
0.161335,-0.0911432,0.0197452
-0.161335,0.0911432,-0.0197452
0.161335,-0.0911432,0.0197452
-0.161335,0.0911433,-0.0197452
-0.161335,0.0911432,-0.0197451
0.161335,-0.0911432,0.0197451
-0.161335,0.0911432,-0.0197451
0.161335,-0.0911432,0.0197451
0.161335,-0.0911432,0.0197452
-0.161335,0.0911433,-0.0197452
0.161335,-0.0911432,0.0197452
-0.161335,0.0911432,-0.0197452
-0.161335,0.0911432,-0.0197451
0.161335,-0.0911432,0.0197451
-0.161335,0.0911432,-0.0197451
0.161335,-0.0911432,0.0197451
