mx,my,mz
0,0,0.240076
0,0,-0.210096
0,0,0.0333812
0,0,-0.193844
0,0,0.0201815
0,0,-0.0274457
0,0,0.292848
0,0,-0.29115
0,0,0.339313
0,0,-0.209074
0,0,0.300817
0,0,-0.0547864
0,0,0.159126
0,0,-0.112452
0,0,0.310632
0,0,-0.139686
