mx,my,mz
0,0,-0.298161
0,0,0.298161
0,0,-0.298161
0,0,0.298161
0,0,0.298161
0,0,-0.298161
0,0,0.298161
0,0,-0.298161
0,0,-0.298161
0,0,0.298161
0,0,-0.298161
0,0,0.298161
0,0,0.298161
0,0,-0.298161
0,0,0.298161
0,0,-0.298161
