mx,my,mz
0,0,3.20893e-06
0,0,-3.24083e-06
0,0,3.32638e-06
0,0,-3.35419e-06
0,0,-2.92003e-06
0,0,2.99702e-06
0,0,-3.07841e-06
0,0,3.05991e-06
0,0,2.85298e-06
0,0,-2.95876e-06
0,0,3.07785e-06
0,0,-3.01325e-06
0,0,-2.86488e-06
0,0,2.95148e-06
0,0,-3.06844e-06
0,0,3.03989e-06
