mx,my,mz
0,0,0.275834
0,0,-0.175322
0,0,-0.175323
0,0,-0.175322
0,0,-0.175323
0,0,-0.175325
0,0,0.275834
0,0,-0.175325
0,0,-0.175321
0,0,-0.175324
0,0,0.275834
0,0,-0.175324
0,0,0.275834
0,0,-0.175323
0,0,-0.175324
0,0,-0.175323
