mx,my,mz
-0.0335219,0.173994,-0.234577
0.0335278,-0.173993,0.234576
-0.033522,0.173994,-0.234577
0.033527,-0.173991,0.234578
0.033522,-0.17399,0.234579
-0.0335219,0.173991,-0.234578
0.0335208,-0.173988,0.234581
-0.0335207,0.173991,-0.234579
-0.033522,0.173994,-0.234577
0.033527,-0.173991,0.234578
-0.033522,0.173994,-0.234577
0.0335278,-0.173993,0.234576
0.0335208,-0.173988,0.234581
-0.0335207,0.173991,-0.234579
0.033522,-0.17399,0.234579
-0.0335219,0.173992,-0.234578
