mx,my,mz
0,0,0.000103942
0,0,-0.000103943
0,0,0.000103936
0,0,-0.000103936
0,0,-0.000103928
0,0,0.000103933
0,0,-0.000103934
0,0,0.000103929
0,0,0.000103936
0,0,-0.000103936
0,0,0.000103942
0,0,-0.000103943
0,0,-0.000103934
0,0,0.000103929
0,0,-0.000103928
0,0,0.000103933
