mx,my,mz
0.15971,-0.16533,0.201451
-0.159707,0.165334,-0.20145
0.15971,-0.16533,0.201451
-0.159706,0.165333,-0.201451
-0.159708,0.165336,-0.201448
0.159712,-0.165331,0.201448
-0.15971,0.165336,-0.201446
0.159712,-0.165332,0.201447
0.15971,-0.16533,0.201451
-0.159706,0.165333,-0.201451
0.15971,-0.16533,0.201451
-0.159707,0.165334,-0.20145
-0.15971,0.165336,-0.201446
0.159712,-0.165332,0.201447
-0.159708,0.165336,-0.201448
0.159712,-0.165331,0.201448
