mx,my,mz
0,0,-6.71345e-06
0,0,6.72102e-06
0,0,-6.72205e-06
0,0,6.72129e-06
0,0,6.71708e-06
0,0,-6.7238e-06
0,0,6.72991e-06
0,0,-6.72999e-06
0,0,-6.72175e-06
0,0,6.72114e-06
0,0,-6.71359e-06
0,0,6.72101e-06
0,0,6.7297e-06
0,0,-6.72994e-06
0,0,6.71732e-06
0,0,-6.72389e-06
