mx,my,mz
0,0,0.275813
0,0,-0.175321
0,0,-0.175322
0,0,-0.175321
0,0,-0.175321
0,0,-0.175323
0,0,0.275813
0,0,-0.175323
0,0,-0.17532
0,0,-0.175322
0,0,0.275813
0,0,-0.175323
0,0,0.275813
0,0,-0.175322
0,0,-0.175323
0,0,-0.175322
