mx,my,mz
-0.187905,0.212707,0.106602
0.187908,-0.212705,-0.106603
-0.187907,0.212707,0.106599
0.187908,-0.212705,-0.106601
0.187909,-0.212706,-0.106597
-0.187906,0.212709,0.106598
0.187908,-0.212708,-0.106596
-0.187906,0.212709,0.106597
-0.187907,0.212707,0.106599
0.187908,-0.212705,-0.106601
-0.187905,0.212707,0.106602
0.187908,-0.212705,-0.106603
0.187908,-0.212708,-0.106596
-0.187906,0.212709,0.106597
0.187909,-0.212706,-0.106597
-0.187906,0.212709,0.106598
