mx,my,mz
-0.0266755,0.04628,-0.0204386
0.0266755,-0.04628,0.0204386
-0.0266755,0.04628,-0.0204386
0.0266755,-0.04628,0.0204386
0.0266755,-0.04628,0.0204386
-0.0266755,0.04628,-0.0204385
0.0266755,-0.04628,0.0204386
-0.0266755,0.04628,-0.0204386
-0.0266755,0.04628,-0.0204386
0.0266755,-0.04628,0.0204386
-0.0266755,0.04628,-0.0204386
0.0266755,-0.04628,0.0204386
0.0266755,-0.04628,0.0204386
-0.0266755,0.04628,-0.0204386
0.0266755,-0.04628,0.0204386
-0.0266755,0.04628,-0.0204385
