mx,my,mz
-0.153383,0.076553,0.251983
0.153382,-0.0765526,-0.251983
-0.153378,0.0765548,0.251985
0.153383,-0.0765519,-0.251982
0.153386,-0.076553,-0.25198
-0.153376,0.0765586,0.251985
0.153387,-0.076547,-0.251982
-0.153384,0.0765606,0.251979
-0.153378,0.0765547,0.251985
0.153383,-0.0765519,-0.251982
-0.153383,0.076553,0.251982
0.153382,-0.0765524,-0.251983
0.153387,-0.0765472,-0.251982
-0.153384,0.0765609,0.251979
0.153386,-0.0765531,-0.25198
-0.153376,0.0765587,0.251985
