mx,my,mz
0,0,6.92335e-09
0,0,-3.96624e-07
0,0,1.43152e-07
0,0,-3.80956e-07
0,0,4.37136e-08
0,0,-2.36449e-07
0,0,9.62134e-08
0,0,-2.46074e-07
0,0,2.24843e-07
0,0,-4.90113e-07
0,0,4.07227e-07
0,0,-4.90938e-07
0,0,5.40404e-07
0,0,-2.22994e-07
0,0,8.39178e-08
0,0,-1.48942e-07
