mx,my,mz
0,0,7.86867e-06
0,0,-7.87829e-06
0,0,7.87405e-06
0,0,-7.87404e-06
0,0,-7.87201e-06
0,0,7.87876e-06
0,0,-7.87085e-06
0,0,7.87373e-06
0,0,7.8741e-06
0,0,-7.87411e-06
0,0,7.86881e-06
0,0,-7.87843e-06
0,0,-7.8709e-06
0,0,7.87378e-06
0,0,-7.87215e-06
0,0,7.87889e-06
