mx,my,mz
0,0,6.34785e-06
0,0,-6.34122e-06
0,0,6.34028e-06
0,0,-6.3388e-06
0,0,-6.34877e-06
0,0,6.34322e-06
0,0,-6.3543e-06
0,0,6.35175e-06
0,0,6.34045e-06
0,0,-6.33887e-06
0,0,6.34786e-06
0,0,-6.34134e-06
0,0,-6.35439e-06
0,0,6.35173e-06
0,0,-6.34871e-06
0,0,6.34327e-06
