mx,my,mz
0,0,4.53736e-06
0,0,-4.54322e-06
0,0,4.54509e-06
0,0,-4.53468e-06
0,0,-4.52057e-06
0,0,4.51934e-06
0,0,-4.52692e-06
0,0,4.52404e-06
0,0,4.53753e-06
0,0,-4.53729e-06
0,0,4.5455e-06
0,0,-4.54158e-06
0,0,-4.53072e-06
0,0,4.53715e-06
0,0,-4.5383e-06
0,0,4.52723e-06
