mx,my,mz
0,0,6.57663e-06
0,0,-6.73026e-06
0,0,6.65051e-06
0,0,-6.53483e-06
0,0,-6.42541e-06
0,0,6.52929e-06
0,0,-6.49903e-06
0,0,6.43478e-06
0,0,6.74441e-06
0,0,-6.8391e-06
0,0,6.72845e-06
0,0,-6.66951e-06
0,0,-6.29009e-06
0,0,6.44033e-06
0,0,-6.28198e-06
0,0,6.17456e-06
