mx,my,mz
0,0,0.117038
0,0,-0.117038
0,0,0.117038
0,0,-0.117038
0,0,-0.117038
0,0,0.117038
0,0,-0.117038
0,0,0.117038
0,0,0.117038
0,0,-0.117038
0,0,0.117038
0,0,-0.117038
0,0,-0.117038
0,0,0.117038
0,0,-0.117038
0,0,0.117038
