mx,my,mz
0,0,7.97701e-06
0,0,-7.96858e-06
0,0,7.97102e-06
0,0,-7.96963e-06
0,0,-7.9782e-06
0,0,7.96588e-06
0,0,-7.96282e-06
0,0,7.96533e-06
0,0,7.97101e-06
0,0,-7.96963e-06
0,0,7.97701e-06
0,0,-7.96858e-06
0,0,-7.96282e-06
0,0,7.96533e-06
0,0,-7.9782e-06
0,0,7.96588e-06
