mx,my,mz
0,0,-3.71404e-06
0,0,3.73532e-06
0,0,-3.73884e-06
0,0,3.71116e-06
0,0,3.75907e-06
0,0,-3.75939e-06
0,0,3.75747e-06
0,0,-3.74954e-06
0,0,-3.74541e-06
0,0,3.74768e-06
0,0,-3.74957e-06
0,0,3.73761e-06
0,0,3.74646e-06
0,0,-3.76977e-06
0,0,3.775e-06
0,0,-3.74482e-06
