mx,my,mz
0,0,0.275764
0,0,-0.175317
0,0,-0.175317
0,0,-0.175317
0,0,-0.175317
0,0,-0.175319
0,0,0.275764
0,0,-0.175319
0,0,-0.175315
0,0,-0.175318
0,0,0.275764
0,0,-0.175318
0,0,0.275764
0,0,-0.175317
0,0,-0.175318
0,0,-0.175317
