mx,my,mz
-0.237932,0.17991,0.0644128
0.237934,-0.179908,-0.0644123
-0.237932,0.179909,0.0644128
0.237934,-0.179908,-0.0644121
0.237935,-0.179907,-0.0644095
-0.237933,0.17991,0.0644089
0.237935,-0.179908,-0.0644094
-0.237932,0.179913,0.0644073
-0.237932,0.179909,0.0644128
0.237934,-0.179908,-0.0644121
-0.237932,0.17991,0.0644128
0.237934,-0.179907,-0.0644123
0.237935,-0.179908,-0.0644094
-0.237932,0.179913,0.0644073
0.237935,-0.179907,-0.0644095
-0.237933,0.17991,0.0644089
