mx,my,mz
0,0,4.45066e-07
0,0,-2.25614e-07
0,0,4.26959e-07
0,0,-4.50218e-07
0,0,1.96301e-07
0,0,-6.13923e-07
0,0,4.59638e-08
0,0,-6.0399e-07
0,0,2.64917e-07
0,0,-4.68952e-07
0,0,4.6665e-07
0,0,-4.39747e-08
0,0,2.58312e-07
0,0,-3.06389e-07
0,0,3.0515e-08
0,0,-7.0028e-07
