mx,my,mz
0,0,8.54751e-06
0,0,-8.54674e-06
0,0,8.54885e-06
0,0,-8.54811e-06
0,0,-8.55779e-06
0,0,8.54958e-06
0,0,-8.54522e-06
0,0,8.55192e-06
0,0,8.54885e-06
0,0,-8.54811e-06
0,0,8.54751e-06
0,0,-8.54674e-06
0,0,-8.54522e-06
0,0,8.55192e-06
0,0,-8.55779e-06
0,0,8.54958e-06
