mx,my,mz
0,0,-0.225491
0,0,0.225491
0,0,-0.225491
0,0,0.225491
0,0,0.225491
0,0,-0.225491
0,0,0.225491
0,0,-0.225491
0,0,-0.225491
0,0,0.225491
0,0,-0.225491
0,0,0.225491
0,0,0.225491
0,0,-0.225491
0,0,0.225491
0,0,-0.225491
