mx,my,mz
0,0,-4.89777e-06
0,0,4.88732e-06
0,0,-4.88863e-06
0,0,4.89701e-06
0,0,4.8904e-06
0,0,-4.89757e-06
0,0,4.9004e-06
0,0,-4.89109e-06
0,0,-4.88166e-06
0,0,4.89331e-06
0,0,-4.89703e-06
0,0,4.88325e-06
0,0,4.8945e-06
0,0,-4.88854e-06
0,0,4.89077e-06
0,0,-4.89452e-06
