mx,my,mz
-0.220438,0.0731467,0.0405751
0.220438,-0.0731465,-0.0405744
-0.220438,0.0731468,0.0405753
0.220438,-0.0731464,-0.0405746
0.220438,-0.0731464,-0.0405738
-0.220438,0.0731467,0.0405731
0.220438,-0.0731463,-0.0405736
-0.220438,0.0731474,0.0405734
-0.220438,0.0731468,0.0405753
0.220438,-0.0731464,-0.0405746
-0.220438,0.0731466,0.0405751
0.220438,-0.0731464,-0.0405744
0.220438,-0.0731462,-0.0405736
-0.220438,0.0731474,0.0405734
0.220438,-0.0731464,-0.0405739
-0.220438,0.0731466,0.0405731
