mx,my,mz
-0.177673,0.0737366,-0.190557
0.177679,-0.0737312,0.190554
-0.177677,0.0737333,-0.190555
0.177677,-0.0737323,0.190555
0.177676,-0.0737309,0.190557
-0.177675,0.0737331,-0.190557
0.177675,-0.0737299,0.190559
-0.177673,0.0737333,-0.190559
-0.177676,0.0737334,-0.190555
0.177677,-0.0737324,0.190555
-0.177673,0.0737367,-0.190557
0.177679,-0.0737312,0.190554
0.177674,-0.0737301,0.190559
-0.177673,0.0737336,-0.190559
0.177676,-0.0737311,0.190557
-0.177675,0.0737334,-0.190557
