mx,my,mz
0,0,0.112402
0,0,-0.112402
0,0,0.112402
0,0,-0.112402
0,0,-0.112402
0,0,0.112402
0,0,-0.112402
0,0,0.112402
0,0,0.112402
0,0,-0.112402
0,0,0.112402
0,0,-0.112402
0,0,-0.112402
0,0,0.112402
0,0,-0.112402
0,0,0.112402
