mx,my,mz
-0.180169,0.17691,0.0672856
0.18017,-0.176909,-0.0672842
-0.180168,0.176911,0.0672844
0.180169,-0.176909,-0.0672866
0.180171,-0.17691,-0.0672805
-0.180168,0.176912,0.0672815
0.18017,-0.176909,-0.0672818
-0.180168,0.176911,0.0672817
-0.180168,0.176911,0.0672845
0.180169,-0.176909,-0.0672867
-0.180168,0.17691,0.0672855
0.180171,-0.176908,-0.0672841
0.180171,-0.176909,-0.0672818
-0.180168,0.176912,0.0672818
0.18017,-0.17691,-0.0672805
-0.180168,0.176912,0.0672814
