mx,my,mz
0,0,0.295915
0,0,-0.295915
0,0,0.295915
0,0,-0.295915
0,0,-0.295915
0,0,0.295915
0,0,-0.295915
0,0,0.295915
0,0,0.295915
0,0,-0.295915
0,0,0.295915
0,0,-0.295915
0,0,-0.295915
0,0,0.295915
0,0,-0.295915
0,0,0.295915
