mx,my,mz
0,0,7.05576e-09
0,0,-4.02255e-07
0,0,1.45149e-07
0,0,-3.86348e-07
0,0,4.43289e-08
0,0,-2.39822e-07
0,0,9.75806e-08
0,0,-2.49542e-07
0,0,2.27998e-07
0,0,-4.97054e-07
0,0,4.13036e-07
0,0,-4.97907e-07
0,0,5.4807e-07
0,0,-2.26135e-07
0,0,8.51026e-08
0,0,-1.51075e-07
