mx,my,mz
0,0,0.239071
0,0,-0.209216
0,0,0.0332416
0,0,-0.193032
0,0,0.0200972
0,0,-0.0273309
0,0,0.291622
0,0,-0.289931
0,0,0.337892
0,0,-0.208198
0,0,0.299558
0,0,-0.0545567
0,0,0.15846
0,0,-0.111981
0,0,0.309331
0,0,-0.139101
