mx,my,mz
0,0,0.238528
0,0,0.227823
0,0,-0.227824
0,0,-0.238528
0,0,0.227824
0,0,-0.227823
0,0,0.227824
0,0,-0.227824
0,0,-0.227824
0,0,-0.238533
0,0,0.238533
0,0,0.227823
0,0,0.227824
0,0,-0.227824
0,0,0.227824
0,0,-0.227824
