mx,my,mz
0,0,-0.305501
0,0,0.305501
0,0,-0.305501
0,0,0.3055
0,0,0.305501
0,0,-0.305501
0,0,0.305501
0,0,-0.305501
0,0,-0.305501
0,0,0.3055
0,0,-0.305501
0,0,0.305501
0,0,0.305501
0,0,-0.305501
0,0,0.305501
0,0,-0.305501
