mx,my,mz
-0.134609,0.127026,-0.243252
0.134622,-0.127015,0.243251
-0.134608,0.127024,-0.243254
0.134622,-0.127017,0.24325
0.134617,-0.12701,0.243256
-0.134615,0.127021,-0.243252
0.134618,-0.127015,0.243253
-0.13461,0.127018,-0.243256
-0.134608,0.127024,-0.243254
0.134622,-0.127017,0.24325
-0.134609,0.127026,-0.243252
0.134622,-0.127015,0.243251
0.134618,-0.127015,0.243253
-0.13461,0.127018,-0.243256
0.134617,-0.12701,0.243256
-0.134615,0.127021,-0.243252
