mx,my,mz
-0.169583,0.232745,0.102459
0.169586,-0.232744,-0.102459
-0.169584,0.232745,0.102457
0.169587,-0.232742,-0.10246
0.169588,-0.232744,-0.102455
-0.169583,0.232747,0.102456
0.169588,-0.232744,-0.102454
-0.169583,0.232748,0.102455
-0.169584,0.232745,0.102457
0.169587,-0.232742,-0.10246
-0.169583,0.232745,0.102459
0.169586,-0.232744,-0.102459
0.169588,-0.232744,-0.102454
-0.169583,0.232748,0.102455
0.169588,-0.232744,-0.102455
-0.169583,0.232747,0.102456
