mx,my,mz
0,0,5.34224e-06
0,0,-5.35201e-06
0,0,5.34512e-06
0,0,-5.34974e-06
0,0,-5.33981e-06
0,0,5.35097e-06
0,0,-5.34994e-06
0,0,5.35317e-06
0,0,5.34516e-06
0,0,-5.3505e-06
0,0,5.34258e-06
0,0,-5.35164e-06
0,0,-5.35081e-06
0,0,5.35475e-06
0,0,-5.34098e-06
0,0,5.35143e-06
