mx,my,mz
0,0,6.22915e-06
0,0,-6.22898e-06
0,0,6.23394e-06
0,0,-6.23171e-06
0,0,-6.24404e-06
0,0,6.24228e-06
0,0,-6.2415e-06
0,0,6.24086e-06
0,0,6.2343e-06
0,0,-6.23111e-06
0,0,6.22917e-06
0,0,-6.22997e-06
0,0,-6.24132e-06
0,0,6.23971e-06
0,0,-6.24351e-06
0,0,6.24272e-06
