mx,my,mz
0,0,-0.259121
0,0,0.259121
0,0,-0.259121
0,0,0.259121
0,0,0.259121
0,0,-0.259121
0,0,0.259121
0,0,-0.259121
0,0,-0.259121
0,0,0.259121
0,0,-0.259121
0,0,0.259121
0,0,0.259121
0,0,-0.259121
0,0,0.259121
0,0,-0.259121
