mx,my,mz
0,0,0.23839
0,0,-0.20862
0,0,0.033147
0,0,-0.192483
0,0,0.0200401
0,0,-0.0272531
0,0,0.290791
0,0,-0.289105
0,0,0.33693
0,0,-0.207605
0,0,0.298705
0,0,-0.0544014
0,0,0.158009
0,0,-0.111662
0,0,0.308451
0,0,-0.138705
