mx,my,mz
0,0,-7.34639e-05
0,0,7.34693e-05
0,0,-7.34664e-05
0,0,7.34545e-05
0,0,7.34641e-05
0,0,-7.34645e-05
0,0,7.34638e-05
0,0,-7.34568e-05
0,0,-7.34664e-05
0,0,7.34545e-05
0,0,-7.34639e-05
0,0,7.34693e-05
0,0,7.34638e-05
0,0,-7.34568e-05
0,0,7.34641e-05
0,0,-7.34645e-05
