mx,my,mz
-0.164945,0.112946,0.139307
0.164946,-0.112946,-0.139305
-0.164946,0.112946,0.139305
0.164947,-0.112945,-0.139305
0.164947,-0.112946,-0.139304
-0.164947,0.112946,0.139304
0.164948,-0.112945,-0.139304
-0.164947,0.112947,0.139304
-0.164946,0.112946,0.139305
0.164947,-0.112945,-0.139305
-0.164945,0.112946,0.139307
0.164946,-0.112946,-0.139305
0.164948,-0.112945,-0.139304
-0.164947,0.112947,0.139304
0.164947,-0.112946,-0.139304
-0.164947,0.112946,0.139304
