mx,my,mz
0,0,-0.305195
0,0,0.305195
0,0,-0.305195
0,0,0.305195
0,0,0.305195
0,0,-0.305195
0,0,0.305195
0,0,-0.305195
0,0,-0.305195
0,0,0.305195
0,0,-0.305195
0,0,0.305195
0,0,0.305195
0,0,-0.305195
0,0,0.305195
0,0,-0.305195
