mx,my,mz
-0.178896,0.196609,0.0985955
0.178899,-0.196606,-0.0985958
-0.178896,0.196609,0.0985963
0.178898,-0.196607,-0.0985976
0.178899,-0.196608,-0.0985925
-0.178896,0.19661,0.0985933
0.178899,-0.196608,-0.0985931
-0.178895,0.196611,0.0985932
-0.178896,0.196609,0.0985963
0.178898,-0.196607,-0.0985976
-0.178896,0.196609,0.0985955
0.178899,-0.196606,-0.0985958
0.178899,-0.196608,-0.0985932
-0.178895,0.196611,0.0985932
0.178899,-0.196608,-0.0985925
-0.178896,0.19661,0.0985933
