mx,my,mz
0,0,0.225054
0,0,0.229385
0,0,-0.229385
0,0,-0.225054
0,0,0.229385
0,0,-0.229385
0,0,0.229385
0,0,-0.229385
0,0,-0.229385
0,0,-0.225051
0,0,0.225051
0,0,0.229385
0,0,0.229385
0,0,-0.229385
0,0,0.229385
0,0,-0.229385
