mx,my,mz
0,0,-0.231172
0,0,0.231172
0,0,-0.231172
0,0,0.231172
0,0,0.231172
0,0,-0.231172
0,0,0.231172
0,0,-0.231172
0,0,-0.231172
0,0,0.231172
0,0,-0.231172
0,0,0.231172
0,0,0.231172
0,0,-0.231172
0,0,0.231172
0,0,-0.231172
