mx,my,mz
0,0,-0.114748
0,0,0.114748
0,0,-0.114748
0,0,0.114747
0,0,0.114748
0,0,-0.114748
0,0,0.114748
0,0,-0.114748
0,0,-0.114748
0,0,0.114747
0,0,-0.114748
0,0,0.114748
0,0,0.114748
0,0,-0.114748
0,0,0.114748
0,0,-0.114748
