mx,my,mz
0,0,7.08225e-09
0,0,-4.043e-07
0,0,1.45901e-07
0,0,-3.88315e-07
0,0,4.45624e-08
0,0,-2.4104e-07
0,0,9.80696e-08
0,0,-2.50818e-07
0,0,2.29172e-07
0,0,-4.99585e-07
0,0,4.15128e-07
0,0,-5.00439e-07
0,0,5.50851e-07
0,0,-2.27292e-07
0,0,8.55434e-08
0,0,-1.51841e-07
