mx,my,mz
0,0,0.302547
0,0,-0.302547
0,0,0.302547
0,0,-0.302547
0,0,-0.302547
0,0,0.302547
0,0,-0.302547
0,0,0.302547
0,0,0.302547
0,0,-0.302547
0,0,0.302547
0,0,-0.302547
0,0,-0.302547
0,0,0.302547
0,0,-0.302547
0,0,0.302547
