mx,my,mz
0,0,0.304492
0,0,-0.304492
0,0,0.304492
0,0,-0.304492
0,0,-0.304492
0,0,0.304492
0,0,-0.304492
0,0,0.304492
0,0,0.304492
0,0,-0.304492
0,0,0.304492
0,0,-0.304492
0,0,-0.304492
0,0,0.304492
0,0,-0.304492
0,0,0.304492
