mx,my,mz
0.200624,-0.226719,-0.0396991
-0.200621,0.226721,0.0396979
0.200624,-0.226719,-0.0396987
-0.200621,0.226721,0.0396996
-0.200621,0.226721,0.039702
0.200624,-0.226718,-0.0397011
-0.200621,0.226721,0.039701
0.200623,-0.226719,-0.0397017
0.200624,-0.226719,-0.0396987
-0.200621,0.226721,0.0396996
0.200624,-0.226719,-0.0396991
-0.200621,0.226721,0.0396979
-0.200621,0.226721,0.039701
0.200623,-0.226719,-0.0397017
-0.200621,0.226721,0.039702
0.200624,-0.226718,-0.0397011
