mx,my,mz
0,0,0.285501
0,0,-0.285501
0,0,0.285501
0,0,-0.285501
0,0,-0.285501
0,0,0.285501
0,0,-0.285501
0,0,0.285501
0,0,0.285501
0,0,-0.285501
0,0,0.285501
0,0,-0.285501
0,0,-0.285501
0,0,0.285501
0,0,-0.285501
0,0,0.285501
