mx,my,mz
0,0,-3.53082e-06
0,0,3.53527e-06
0,0,-3.52978e-06
0,0,3.53499e-06
0,0,3.56751e-06
0,0,-3.54327e-06
0,0,3.53409e-06
0,0,-3.56768e-06
0,0,-3.50005e-06
0,0,3.46044e-06
0,0,-3.45546e-06
0,0,3.50188e-06
0,0,3.53511e-06
0,0,-3.5263e-06
0,0,3.5235e-06
0,0,-3.54089e-06
