mx,my,mz
0,0,0.175158
0,0,-0.274836
0,0,0.175158
0,0,0.175159
0,0,0.175158
0,0,0.175156
0,0,0.175158
0,0,-0.274837
0,0,0.175159
0,0,0.175158
0,0,0.175159
0,0,-0.274837
0,0,0.175157
0,0,-0.274836
0,0,0.175157
0,0,0.175157
