mx,my,mz
0.0215151,-0.268702,-0.0404032
-0.0215109,0.268702,0.0404057
0.0215118,-0.268702,-0.040403
-0.021511,0.268702,0.0404052
-0.0215123,0.268701,0.0404085
0.0215118,-0.268701,-0.0404121
-0.0215124,0.268701,0.040409
0.0215151,-0.268701,-0.0404106
0.0215117,-0.268702,-0.040403
-0.021511,0.268702,0.0404052
0.0215151,-0.268702,-0.0404031
-0.0215108,0.268702,0.0404056
-0.0215123,0.268701,0.040409
0.0215151,-0.268701,-0.0404106
-0.0215123,0.268701,0.0404085
0.0215118,-0.268701,-0.0404121
