mx,my,mz
0.133973,-0.101547,0.222397
-0.133972,0.101548,-0.222398
0.133971,-0.101545,0.2224
-0.13397,0.101549,-0.222398
-0.133971,0.101552,-0.222397
0.133978,-0.101546,0.222395
-0.133973,0.101553,-0.222395
0.133975,-0.101548,0.222396
0.133971,-0.101545,0.2224
-0.13397,0.101549,-0.222399
0.133973,-0.101547,0.222397
-0.133972,0.101548,-0.222398
-0.133972,0.101554,-0.222395
0.133975,-0.101548,0.222396
-0.133971,0.101552,-0.222396
0.133978,-0.101546,0.222395
