mx,my,mz
0,0,6.87831e-06
0,0,-7.01862e-06
0,0,6.94597e-06
0,0,-6.84058e-06
0,0,-6.73694e-06
0,0,6.83141e-06
0,0,-6.80448e-06
0,0,6.74653e-06
0,0,7.03143e-06
0,0,-7.11752e-06
0,0,7.01664e-06
0,0,-6.96356e-06
0,0,-6.61431e-06
0,0,6.75144e-06
0,0,-6.60626e-06
0,0,6.50845e-06
