mx,my,mz
0,0,-0.300045
0,0,0.300045
0,0,-0.300045
0,0,0.300045
0,0,0.300045
0,0,-0.300045
0,0,0.300045
0,0,-0.300045
0,0,-0.300045
0,0,0.300045
0,0,-0.300045
0,0,0.300045
0,0,0.300045
0,0,-0.300045
0,0,0.300045
0,0,-0.300045
