mx,my,mz
0,0,0.119276
0,0,-0.119276
0,0,0.119276
0,0,-0.119276
0,0,-0.119276
0,0,0.119276
0,0,-0.119276
0,0,0.119276
0,0,0.119276
0,0,-0.119276
0,0,0.119276
0,0,-0.119276
0,0,-0.119276
0,0,0.119276
0,0,-0.119276
0,0,0.119276
