mx,my,mz
-0.094814,0.106311,0.00992666
0.094814,-0.106311,-0.00992666
-0.094814,0.106311,0.00992665
0.094814,-0.106311,-0.00992666
0.094814,-0.106311,-0.00992666
-0.094814,0.106311,0.00992666
0.094814,-0.106311,-0.00992666
-0.094814,0.106311,0.00992666
-0.094814,0.106311,0.00992665
0.094814,-0.106311,-0.00992666
-0.094814,0.106311,0.00992666
0.094814,-0.106311,-0.00992666
0.094814,-0.106311,-0.00992666
-0.094814,0.106311,0.00992666
0.094814,-0.106311,-0.00992666
-0.094814,0.106311,0.00992666
