mx,my,mz
0,0,0.102392
0,0,-0.102392
0,0,0.102392
0,0,-0.102392
0,0,-0.102392
0,0,0.102392
0,0,-0.102392
0,0,0.102392
0,0,0.102392
0,0,-0.102392
0,0,0.102392
0,0,-0.102392
0,0,-0.102392
0,0,0.102392
0,0,-0.102392
0,0,0.102392
