mx,my,mz
0,0,1.48488e-07
0,0,-3.27267e-07
0,0,3.7054e-07
0,0,-1.06023e-08
0,0,5.1019e-07
0,0,-2.42698e-07
0,0,1.27511e-07
0,0,-2.62781e-07
0,0,2.1912e-07
0,0,-5.31709e-07
0,0,4.37862e-08
0,0,-3.85246e-07
0,0,5.3576e-07
0,0,-3.75209e-07
0,0,2.95864e-07
0,0,-4.22688e-07
