mx,my,mz
0,0,1.05621e-05
0,0,-1.05418e-05
0,0,1.05556e-05
0,0,-1.05521e-05
0,0,-1.05581e-05
0,0,1.05582e-05
0,0,-1.05641e-05
0,0,1.05402e-05
0,0,1.05556e-05
0,0,-1.05521e-05
0,0,1.05621e-05
0,0,-1.05418e-05
0,0,-1.05641e-05
0,0,1.05402e-05
0,0,-1.05581e-05
0,0,1.05582e-05
