mx,my,mz
0,0,0.174978
0,0,-0.274096
0,0,0.174978
0,0,0.174975
0,0,0.174979
0,0,-0.274096
0,0,0.174979
0,0,0.174976
0,0,0.174976
0,0,0.174978
0,0,0.174976
0,0,-0.274095
0,0,0.174976
0,0,0.174979
0,0,0.174976
0,0,-0.274095
