mx,my,mz
0,0,1.78854e-05
0,0,-1.78859e-05
0,0,1.78853e-05
0,0,-1.78787e-05
0,0,-1.78926e-05
0,0,1.7886e-05
0,0,-1.78854e-05
0,0,1.78859e-05
0,0,1.78853e-05
0,0,-1.78787e-05
0,0,1.78854e-05
0,0,-1.78859e-05
0,0,-1.78854e-05
0,0,1.78859e-05
0,0,-1.78926e-05
0,0,1.7886e-05
