mx,my,mz
0,0,-0.305476
0,0,0.305476
0,0,-0.305476
0,0,0.305476
0,0,0.305476
0,0,-0.305476
0,0,0.305476
0,0,-0.305476
0,0,-0.305476
0,0,0.305476
0,0,-0.305476
0,0,0.305476
0,0,0.305476
0,0,-0.305476
0,0,0.305476
0,0,-0.305476
