mx,my,mz
0,0,-8.96349e-06
0,0,8.96406e-06
0,0,-8.9681e-06
0,0,8.96723e-06
0,0,8.96866e-06
0,0,-8.97603e-06
0,0,8.97538e-06
0,0,-8.96771e-06
0,0,-8.96771e-06
0,0,8.96712e-06
0,0,-8.96349e-06
0,0,8.96377e-06
0,0,8.97525e-06
0,0,-8.96787e-06
0,0,8.96892e-06
0,0,-8.976e-06
