mx,my,mz
0,0,-4.37457e-05
0,0,4.37486e-05
0,0,-4.37395e-05
0,0,4.37391e-05
0,0,4.37331e-05
0,0,-4.37377e-05
0,0,4.37418e-05
0,0,-4.37397e-05
0,0,-4.37395e-05
0,0,4.37391e-05
0,0,-4.37457e-05
0,0,4.37486e-05
0,0,4.37418e-05
0,0,-4.37397e-05
0,0,4.37331e-05
0,0,-4.37377e-05
