mx,my,mz
-0.20126,0.199194,0.0388654
0.201264,-0.19919,-0.0388641
-0.201262,0.199193,0.038865
0.201263,-0.199191,-0.038865
0.201264,-0.199191,-0.0388608
-0.201261,0.199194,0.0388605
0.201264,-0.199191,-0.0388616
-0.20126,0.199195,0.0388599
-0.201262,0.199193,0.038865
0.201263,-0.199191,-0.038865
-0.20126,0.199194,0.0388654
0.201264,-0.199191,-0.0388641
0.201264,-0.199191,-0.0388616
-0.20126,0.199195,0.0388599
0.201264,-0.199191,-0.0388607
-0.201261,0.199194,0.0388605
