mx,my,mz
0,0,0.239403
0,0,-0.209507
0,0,0.0332878
0,0,-0.193301
0,0,0.0201251
0,0,-0.0273689
0,0,0.292027
0,0,-0.290334
0,0,0.338362
0,0,-0.208488
0,0,0.299974
0,0,-0.0546326
0,0,0.15868
0,0,-0.112137
0,0,0.309761
0,0,-0.139294
