mx,my,mz
-0.188008,0.212703,0.106664
0.188011,-0.2127,-0.106664
-0.18801,0.212703,0.10666
0.188011,-0.212701,-0.106662
0.188013,-0.212702,-0.106658
-0.188009,0.212704,0.106659
0.188011,-0.212703,-0.106657
-0.188009,0.212705,0.106658
-0.18801,0.212703,0.10666
0.188011,-0.212701,-0.106662
-0.188008,0.212703,0.106664
0.188011,-0.2127,-0.106664
0.188011,-0.212703,-0.106657
-0.188009,0.212705,0.106658
0.188013,-0.212702,-0.106658
-0.188009,0.212704,0.106659
