mx,my,mz
0.0279856,-0.219034,-0.0130329
-0.0279839,0.219035,0.0130333
0.0279847,-0.219035,-0.013033
-0.0279839,0.219035,0.0130337
-0.0279846,0.219034,0.0130347
0.0279833,-0.219035,-0.0130366
-0.0279846,0.219034,0.0130354
0.0279862,-0.219034,-0.013035
0.0279849,-0.219035,-0.0130329
-0.027984,0.219035,0.0130335
0.0279855,-0.219034,-0.0130328
-0.0279839,0.219035,0.0130333
-0.0279847,0.219034,0.0130355
0.0279861,-0.219034,-0.0130349
-0.0279843,0.219034,0.0130347
0.0279831,-0.219035,-0.0130366
