mx,my,mz
0,0,-4.55513e-06
0,0,4.55027e-06
0,0,-4.56162e-06
0,0,4.55125e-06
0,0,4.56513e-06
0,0,-4.55744e-06
0,0,4.56993e-06
0,0,-4.56236e-06
0,0,-4.55455e-06
0,0,4.54893e-06
0,0,-4.55788e-06
0,0,4.54842e-06
0,0,4.55668e-06
0,0,-4.55364e-06
0,0,4.56164e-06
0,0,-4.54933e-06
