mx,my,mz
0,0,-6.44582e-06
0,0,6.45357e-06
0,0,-6.45156e-06
0,0,6.4445e-06
0,0,6.44972e-06
0,0,-6.45406e-06
0,0,6.45212e-06
0,0,-6.44848e-06
0,0,-6.45153e-06
0,0,6.44415e-06
0,0,-6.44543e-06
0,0,6.4535e-06
0,0,6.45239e-06
0,0,-6.44842e-06
0,0,6.44963e-06
0,0,-6.45429e-06
