mx,my,mz
0,0,0.228495
0,0,-0.228495
0,0,0.228495
0,0,-0.228495
0,0,0.233155
0,0,0.228494
0,0,-0.228495
0,0,-0.233154
0,0,0.228495
0,0,-0.228495
0,0,0.228495
0,0,-0.228495
0,0,-0.228495
0,0,-0.233159
0,0,0.233158
0,0,0.228494
