mx,my,mz
0.15555,-0.26304,-0.00588682
-0.155548,0.263041,0.00588928
0.15555,-0.26304,-0.00588822
-0.155548,0.263041,0.00588934
-0.155548,0.263041,0.00588965
0.15555,-0.26304,-0.00589011
-0.155548,0.263041,0.00588998
0.155552,-0.263039,-0.00589254
0.15555,-0.26304,-0.00588822
-0.155548,0.263041,0.00588934
0.15555,-0.26304,-0.00588682
-0.155548,0.263041,0.00588928
-0.155548,0.263041,0.00588998
0.155552,-0.263039,-0.00589254
-0.155548,0.263041,0.00588965
0.15555,-0.26304,-0.00589011
