mx,my,mz
-0.0940315,0.113142,-0.0357565
0.0940315,-0.113142,0.0357566
-0.0940315,0.113142,-0.0357565
0.0940315,-0.113142,0.0357566
0.0940315,-0.113142,0.0357566
-0.0940315,0.113142,-0.0357565
0.0940315,-0.113142,0.0357566
-0.0940315,0.113142,-0.0357565
-0.0940315,0.113142,-0.0357565
0.0940315,-0.113142,0.0357566
-0.0940315,0.113142,-0.0357565
0.0940315,-0.113142,0.0357566
0.0940315,-0.113142,0.0357566
-0.0940315,0.113142,-0.0357565
0.0940315,-0.113142,0.0357566
-0.0940315,0.113142,-0.0357565
