mx,my,mz
0,0,-0.224651
0,0,0.224651
0,0,-0.224651
0,0,0.224651
0,0,0.224651
0,0,-0.224651
0,0,0.224651
0,0,-0.224651
0,0,-0.224651
0,0,0.224651
0,0,-0.224651
0,0,0.224651
0,0,0.224651
0,0,-0.224651
0,0,0.224651
0,0,-0.224651
