mx,my,mz
0.183664,-0.232555,0.035895
-0.183663,0.232556,-0.0358936
0.183664,-0.232555,0.0358947
-0.183662,0.232557,-0.0358949
-0.183662,0.232557,-0.0358924
0.183665,-0.232555,0.0358928
-0.183662,0.232557,-0.0358928
0.183666,-0.232554,0.0358899
0.183664,-0.232555,0.0358947
-0.183662,0.232556,-0.035895
0.183664,-0.232555,0.0358951
-0.183663,0.232556,-0.0358936
-0.183662,0.232557,-0.0358928
0.183666,-0.232554,0.0358899
-0.183662,0.232557,-0.0358924
0.183665,-0.232555,0.0358928
