mx,my,mz
0,0,5.66072e-07
0,0,-1.48156e-07
0,0,1.91666e-08
0,0,-6.3195e-07
0,0,9.08511e-08
0,0,-5.73116e-07
0,0,8.52115e-08
0,0,-5.77182e-07
0,0,2.4624e-07
0,0,-5.04445e-07
0,0,1.33773e-08
0,0,-5.93076e-07
0,0,2.64818e-07
0,0,-4.71563e-07
0,0,2.85885e-07
0,0,-3.19283e-07
