mx,my,mz
-0.233896,0.149724,-0.0772824
0.233898,-0.149721,0.0772827
-0.233896,0.149725,-0.0772821
0.233899,-0.14972,0.0772821
0.233898,-0.149721,0.0772854
-0.233896,0.149723,-0.0772846
0.233897,-0.149722,0.0772859
-0.233895,0.149723,-0.0772869
-0.233896,0.149725,-0.0772821
0.233899,-0.14972,0.0772822
-0.233896,0.149724,-0.0772824
0.233898,-0.149721,0.0772827
0.233897,-0.149722,0.0772859
-0.233895,0.149723,-0.0772869
0.233898,-0.149721,0.0772854
-0.233896,0.149723,-0.0772846
