mx,my,mz
0,0,0.278003
0,0,-0.278003
0,0,0.278003
0,0,-0.278003
0,0,-0.278003
0,0,0.278003
0,0,-0.278003
0,0,0.278003
0,0,0.278003
0,0,-0.278003
0,0,0.278003
0,0,-0.278003
0,0,-0.278003
0,0,0.278003
0,0,-0.278003
0,0,0.278003
