mx,my,mz
0,0,0.228181
0,0,-0.228181
0,0,0.228181
0,0,-0.228181
0,0,-0.22818
0,0,0.228181
0,0,0.235801
0,0,-0.235801
0,0,0.228181
0,0,-0.228181
0,0,0.228181
0,0,-0.228181
0,0,0.235796
0,0,-0.235796
0,0,-0.228181
0,0,0.228181
