mx,my,mz
0.108612,0.00192523,0.228841
-0.108612,-0.00192378,-0.228842
0.108613,0.00192404,0.228841
-0.10861,-0.00192678,-0.228843
-0.108612,-0.00192319,-0.228842
0.108613,0.00192624,0.228841
-0.108613,-0.00192463,-0.228841
0.108612,0.00192774,0.228841
0.108613,0.00192405,0.228841
-0.10861,-0.00192682,-0.228843
0.108612,0.00192519,0.228841
-0.108612,-0.00192373,-0.228842
-0.108613,-0.00192466,-0.228841
0.108612,0.00192779,0.228841
-0.108612,-0.00192317,-0.228842
0.108613,0.0019262,0.228841
