mx,my,mz
0,0,0.240379
0,0,-0.210361
0,0,0.0334232
0,0,-0.194088
0,0,0.0202069
0,0,-0.0274803
0,0,0.293217
0,0,-0.291517
0,0,0.33974
0,0,-0.209338
0,0,0.301196
0,0,-0.0548555
0,0,0.159327
0,0,-0.112594
0,0,0.311023
0,0,-0.139862
