mx,my,mz
0,0,0.258562
0,0,-0.258562
0,0,0.258562
0,0,-0.258562
0,0,-0.258562
0,0,0.258562
0,0,-0.258562
0,0,0.258562
0,0,0.258562
0,0,-0.258562
0,0,0.258562
0,0,-0.258562
0,0,-0.258562
0,0,0.258562
0,0,-0.258562
0,0,0.258562
