mx,my,mz
0.160345,-0.0904367,0.0196398
-0.160345,0.0904367,-0.0196398
0.160345,-0.0904367,0.0196398
-0.160345,0.0904368,-0.0196398
-0.160345,0.0904367,-0.0196398
0.160345,-0.0904367,0.0196398
-0.160345,0.0904367,-0.0196398
0.160345,-0.0904367,0.0196398
0.160345,-0.0904367,0.0196398
-0.160345,0.0904368,-0.0196398
0.160345,-0.0904367,0.0196398
-0.160345,0.0904367,-0.0196398
-0.160345,0.0904367,-0.0196397
0.160345,-0.0904367,0.0196398
-0.160345,0.0904367,-0.0196398
0.160345,-0.0904367,0.0196398
