mx,my,mz
-0.200565,0.198987,0.0387925
0.200567,-0.198985,-0.0387915
-0.200566,0.198987,0.0387922
0.200567,-0.198986,-0.0387922
0.200567,-0.198986,-0.038789
-0.200566,0.198987,0.0387888
0.200567,-0.198985,-0.0387896
-0.200564,0.198988,0.0387883
-0.200566,0.198987,0.0387922
0.200567,-0.198986,-0.0387922
-0.200565,0.198987,0.0387925
0.200567,-0.198985,-0.0387915
0.200567,-0.198985,-0.0387896
-0.200564,0.198988,0.0387883
0.200567,-0.198986,-0.038789
-0.200566,0.198987,0.0387888
