mx,my,mz
-0.191165,0.16237,-0.151086
0.191167,-0.162366,0.151088
-0.191162,0.16237,-0.15109
0.191167,-0.162367,0.151087
0.191164,-0.162366,0.151091
-0.191164,0.162368,-0.15109
0.191165,-0.162365,0.151091
-0.191163,0.162368,-0.151091
-0.191162,0.16237,-0.15109
0.191167,-0.162367,0.151087
-0.191165,0.16237,-0.151086
0.191167,-0.162366,0.151088
0.191165,-0.162365,0.151091
-0.191163,0.162368,-0.151091
0.191165,-0.162366,0.151091
-0.191164,0.162368,-0.15109
