mx,my,mz
0,0,0.223457
0,0,0.229557
0,0,-0.229557
0,0,-0.223457
0,0,0.229557
0,0,-0.229557
0,0,0.229557
0,0,-0.229557
0,0,-0.229557
0,0,-0.223454
0,0,0.223454
0,0,0.229557
0,0,0.229557
0,0,-0.229557
0,0,0.229557
0,0,-0.229557
