mx,my,mz
0,0,0.216255
0,0,-0.216255
0,0,-0.230345
0,0,0.230345
0,0,0.230345
0,0,-0.230345
0,0,0.230345
0,0,-0.230345
0,0,-0.230345
0,0,0.230345
0,0,0.216255
0,0,-0.216255
0,0,0.230345
0,0,-0.230345
0,0,0.230345
0,0,-0.230345
