mx,my,mz
0,0,3.28274e-06
0,0,-3.44125e-06
0,0,3.49562e-06
0,0,-3.38882e-06
0,0,-3.25079e-06
0,0,3.43666e-06
0,0,-3.49624e-06
0,0,3.36734e-06
0,0,3.32506e-06
0,0,-3.48986e-06
0,0,3.56147e-06
0,0,-3.44986e-06
0,0,-3.18231e-06
0,0,3.31511e-06
0,0,-3.3858e-06
0,0,3.30416e-06
