mx,my,mz
0,0,1.58164e-05
0,0,-1.58185e-05
0,0,1.58157e-05
0,0,-1.58253e-05
0,0,-1.58167e-05
0,0,1.58166e-05
0,0,-1.58084e-05
0,0,1.58203e-05
0,0,1.58157e-05
0,0,-1.58253e-05
0,0,1.58164e-05
0,0,-1.58185e-05
0,0,-1.58084e-05
0,0,1.58203e-05
0,0,-1.58167e-05
0,0,1.58166e-05
