mx,my,mz
0,0,-3.63922e-06
0,0,3.65999e-06
0,0,-3.66702e-06
0,0,3.61734e-06
0,0,3.73665e-06
0,0,-3.74247e-06
0,0,3.70251e-06
0,0,-3.67046e-06
0,0,-3.71814e-06
0,0,3.70422e-06
0,0,-3.68868e-06
0,0,3.67305e-06
0,0,3.7374e-06
0,0,-3.73881e-06
0,0,3.76502e-06
0,0,-3.73421e-06
