mx,my,mz
0,0,0.238243
0,0,-0.208491
0,0,0.0331266
0,0,-0.192364
0,0,0.0200277
0,0,-0.0272363
0,0,0.290612
0,0,-0.288927
0,0,0.336722
0,0,-0.207477
0,0,0.298521
0,0,-0.0543678
0,0,0.157912
0,0,-0.111593
0,0,0.30826
0,0,-0.138619
