mx,my,mz
0.0967646,-0.0513092,0.152289
-0.0967646,0.0513092,-0.152289
0.0967646,-0.0513092,0.152289
-0.0967646,0.0513092,-0.152289
-0.0967646,0.0513092,-0.152289
0.0967646,-0.0513092,0.152289
-0.0967646,0.0513092,-0.152289
0.0967646,-0.0513092,0.152289
0.0967646,-0.0513092,0.152289
-0.0967646,0.0513092,-0.152289
0.0967646,-0.0513092,0.152289
-0.0967646,0.0513092,-0.152289
-0.0967646,0.0513092,-0.152289
0.0967646,-0.0513092,0.152289
-0.0967646,0.0513092,-0.152289
0.0967646,-0.0513092,0.152289
