mx,my,mz
0.0669238,-0.0980619,-0.237457
-0.0669138,0.0980677,0.237457
0.0669229,-0.0980605,-0.237458
-0.0669156,0.0980644,0.237458
-0.0669157,0.0980638,0.237458
0.0669133,-0.0980578,-0.237462
-0.0669115,0.0980597,0.237461
0.0669169,-0.0980578,-0.23746
0.0669229,-0.0980602,-0.237458
-0.0669154,0.0980641,0.237458
0.0669238,-0.0980617,-0.237457
-0.0669139,0.0980677,0.237457
-0.0669117,0.0980594,0.237461
0.0669169,-0.0980575,-0.237461
-0.0669159,0.0980637,0.237458
0.0669137,-0.0980578,-0.237461
