mx,my,mz
0.134441,-0.0677916,-0.124913
-0.134441,0.0677916,0.124913
0.134441,-0.0677916,-0.124913
-0.134441,0.0677916,0.124913
-0.134441,0.0677916,0.124913
0.134441,-0.0677916,-0.124913
-0.134441,0.0677916,0.124913
0.134441,-0.0677916,-0.124913
0.134441,-0.0677916,-0.124913
-0.134441,0.0677916,0.124913
0.134441,-0.0677916,-0.124913
-0.134441,0.0677916,0.124913
-0.134441,0.0677916,0.124913
0.134441,-0.0677916,-0.124913
-0.134441,0.0677916,0.124913
0.134441,-0.0677916,-0.124913
