mx,my,mz
0,0,-0.000333535
0,0,0.000333536
0,0,-0.000333529
0,0,0.00033353
0,0,0.000333539
0,0,-0.000333529
0,0,0.00033353
0,0,-0.000333542
0,0,-0.000333529
0,0,0.00033353
0,0,-0.000333535
0,0,0.000333536
0,0,0.00033353
0,0,-0.000333542
0,0,0.000333539
0,0,-0.000333529
