mx,my,mz
0.049586,-0.0675037,0.117956
-0.049586,0.0675037,-0.117956
0.049586,-0.0675037,0.117956
-0.049586,0.0675037,-0.117956
-0.049586,0.0675037,-0.117956
0.049586,-0.0675037,0.117956
-0.049586,0.0675037,-0.117956
0.049586,-0.0675037,0.117956
0.049586,-0.0675037,0.117956
-0.049586,0.0675037,-0.117956
0.049586,-0.0675037,0.117956
-0.049586,0.0675037,-0.117956
-0.049586,0.0675037,-0.117956
0.049586,-0.0675037,0.117956
-0.049586,0.0675037,-0.117956
0.049586,-0.0675037,0.117956
