mx,my,mz
0,0,0.279168
0,0,-0.279168
0,0,0.279168
0,0,-0.279168
0,0,-0.279168
0,0,0.279168
0,0,-0.279168
0,0,0.279168
0,0,0.279168
0,0,-0.279168
0,0,0.279168
0,0,-0.279168
0,0,-0.279168
0,0,0.279168
0,0,-0.279168
0,0,0.279168
