mx,my,mz
-0.131797,0.194828,-0.188942
0.131804,-0.194825,0.18894
-0.131798,0.194828,-0.188941
0.131802,-0.194825,0.188942
0.131801,-0.194824,0.188943
-0.131799,0.194826,-0.188942
0.131799,-0.194823,0.188946
-0.131798,0.194825,-0.188944
-0.131798,0.194828,-0.188941
0.131802,-0.194825,0.188942
-0.131797,0.194828,-0.188942
0.131804,-0.194825,0.18894
0.131799,-0.194823,0.188946
-0.131798,0.194825,-0.188944
0.131801,-0.194824,0.188943
-0.131799,0.194826,-0.188942
