mx,my,mz
-0.190966,0.117737,-0.205951
0.190971,-0.117729,0.205951
-0.190961,0.117741,-0.205953
0.190971,-0.117726,0.205953
0.190966,-0.11773,0.205955
-0.190962,0.117734,-0.205956
0.190967,-0.117727,0.205956
-0.190964,0.117733,-0.205955
-0.190961,0.117741,-0.205953
0.190971,-0.117726,0.205953
-0.190966,0.117737,-0.205951
0.190971,-0.117729,0.205951
0.190967,-0.117727,0.205956
-0.190964,0.117733,-0.205955
0.190966,-0.11773,0.205955
-0.190962,0.117734,-0.205956
