mx,my,mz
0,0,0.303007
0,0,-0.303007
0,0,0.303007
0,0,-0.303007
0,0,-0.303007
0,0,0.303007
0,0,-0.303007
0,0,0.303007
0,0,0.303007
0,0,-0.303007
0,0,0.303007
0,0,-0.303007
0,0,-0.303007
0,0,0.303007
0,0,-0.303007
0,0,0.303007
