mx,my,mz
0,0,0.22295
0,0,-0.22295
0,0,0.22295
0,0,-0.22295
0,0,-0.22295
0,0,0.22295
0,0,-0.22295
0,0,0.22295
0,0,0.22295
0,0,-0.22295
0,0,0.22295
0,0,-0.22295
0,0,-0.22295
0,0,0.22295
0,0,-0.22295
0,0,0.22295
