mx,my,mz
0,0,4.62798e-06
0,0,-4.41499e-06
0,0,4.30029e-06
0,0,-4.38145e-06
0,0,-4.48902e-06
0,0,4.2315e-06
0,0,-4.11262e-06
0,0,4.24033e-06
0,0,4.8673e-06
0,0,-4.52884e-06
0,0,4.42884e-06
0,0,-4.64982e-06
0,0,-4.38805e-06
0,0,4.08433e-06
0,0,-3.99324e-06
0,0,4.17394e-06
