mx,my,mz
0,0,-6.78431e-06
0,0,6.78424e-06
0,0,-6.79427e-06
0,0,6.79436e-06
0,0,6.77166e-06
0,0,-6.78164e-06
0,0,6.78378e-06
0,0,-6.77382e-06
0,0,-6.79401e-06
0,0,6.79422e-06
0,0,-6.78444e-06
0,0,6.78424e-06
0,0,6.78359e-06
0,0,-6.77376e-06
0,0,6.77188e-06
0,0,-6.78172e-06
