mx,my,mz
0,0,0.238325
0,0,-0.208563
0,0,0.033138
0,0,-0.19243
0,0,0.0200346
0,0,-0.0272457
0,0,0.290712
0,0,-0.289027
0,0,0.336838
0,0,-0.207549
0,0,0.298624
0,0,-0.0543865
0,0,0.157966
0,0,-0.111632
0,0,0.308367
0,0,-0.138667
