mx,my,mz
0,0,0.175237
0,0,-0.275222
0,0,0.175237
0,0,0.175238
0,0,0.175238
0,0,0.175235
0,0,0.175238
0,0,-0.275223
0,0,0.175239
0,0,0.175236
0,0,0.175238
0,0,-0.275223
0,0,0.175236
0,0,-0.275222
0,0,0.175236
0,0,0.175237
