mx,my,mz
-0.146625,0.052253,-0.00205133
0.146625,-0.052253,0.00205133
-0.146625,0.052253,-0.00205133
0.146625,-0.052253,0.00205133
0.146625,-0.052253,0.00205133
-0.146625,0.052253,-0.00205133
0.146625,-0.052253,0.00205132
-0.146625,0.052253,-0.00205133
-0.146625,0.052253,-0.00205133
0.146625,-0.052253,0.00205133
-0.146625,0.052253,-0.00205133
0.146625,-0.052253,0.00205133
0.146625,-0.052253,0.00205132
-0.146625,0.052253,-0.00205133
0.146625,-0.052253,0.00205133
-0.146625,0.052253,-0.00205133
