mx,my,mz
-0.0724837,0.162852,0.182498
0.0724845,-0.162853,-0.182497
-0.0724824,0.162853,0.182498
0.0724843,-0.162852,-0.182498
0.0724857,-0.162853,-0.182496
-0.0724827,0.162855,0.182496
0.0724838,-0.162854,-0.182497
-0.0724841,0.162855,0.182496
-0.0724825,0.162853,0.182498
0.0724843,-0.162852,-0.182498
-0.0724836,0.162853,0.182498
0.0724845,-0.162853,-0.182497
0.072484,-0.162853,-0.182497
-0.0724842,0.162855,0.182496
0.0724857,-0.162853,-0.182496
-0.0724828,0.162855,0.182496
