mx,my,mz
0,0,-0.303983
0,0,0.303983
0,0,-0.303983
0,0,0.303983
0,0,0.303983
0,0,-0.303983
0,0,0.303983
0,0,-0.303983
0,0,-0.303983
0,0,0.303983
0,0,-0.303983
0,0,0.303983
0,0,0.303983
0,0,-0.303983
0,0,0.303983
0,0,-0.303983
