mx,my,mz
0,0,-0.293517
0,0,0.293517
0,0,-0.293517
0,0,0.293517
0,0,0.293517
0,0,-0.293517
0,0,0.293517
0,0,-0.293517
0,0,-0.293517
0,0,0.293517
0,0,-0.293517
0,0,0.293517
0,0,0.293517
0,0,-0.293517
0,0,0.293517
0,0,-0.293517
