mx,my,mz
0.0141654,-0.0597846,0.287016
-0.014167,0.0597827,-0.287016
0.0141675,-0.0597805,0.287017
-0.0141677,0.0597869,-0.287015
-0.0141714,0.0597982,-0.287013
0.0141833,-0.0597818,0.287016
-0.0141621,0.0597907,-0.287015
0.0141764,-0.0597759,0.287017
0.0141676,-0.0597799,0.287017
-0.0141678,0.0597867,-0.287015
0.0141656,-0.0597847,0.287016
-0.0141673,0.0597824,-0.287016
-0.014162,0.0597902,-0.287015
0.0141763,-0.0597759,0.287017
-0.0141714,0.0597985,-0.287013
0.0141834,-0.0597816,0.287016
