mx,my,mz
0,0,-1.29739e-05
0,0,1.29844e-05
0,0,-1.29777e-05
0,0,1.29821e-05
0,0,1.29894e-05
0,0,-1.29923e-05
0,0,1.29774e-05
0,0,-1.29893e-05
0,0,-1.29777e-05
0,0,1.29821e-05
0,0,-1.29739e-05
0,0,1.29844e-05
0,0,1.29774e-05
0,0,-1.29893e-05
0,0,1.29894e-05
0,0,-1.29923e-05
