mx,my,mz
0,0,0.299147
0,0,-0.299147
0,0,0.299147
0,0,-0.299147
0,0,-0.299147
0,0,0.299147
0,0,-0.299147
0,0,0.299147
0,0,0.299147
0,0,-0.299147
0,0,0.299147
0,0,-0.299147
0,0,-0.299147
0,0,0.299147
0,0,-0.299147
0,0,0.299147
