mx,my,mz
0,0,0.107531
0,0,-0.107531
0,0,0.107531
0,0,-0.107531
0,0,-0.107531
0,0,0.107531
0,0,-0.107531
0,0,0.107531
0,0,0.107531
0,0,-0.107531
0,0,0.107531
0,0,-0.107531
0,0,-0.107531
0,0,0.107531
0,0,-0.107531
0,0,0.107531
