mx,my,mz
0,0,1.46826e-07
0,0,-3.23736e-07
0,0,3.66545e-07
0,0,-1.04424e-08
0,0,5.04633e-07
0,0,-2.40061e-07
0,0,1.26112e-07
0,0,-2.59908e-07
0,0,2.16773e-07
0,0,-5.25876e-07
0,0,4.32635e-08
0,0,-3.81084e-07
0,0,5.29917e-07
0,0,-3.71113e-07
0,0,2.92641e-07
0,0,-4.1809e-07
