mx,my,mz
0,0,6.84303e-09
0,0,-3.91681e-07
0,0,1.41357e-07
0,0,-3.7618e-07
0,0,4.31638e-08
0,0,-2.33506e-07
0,0,9.50125e-08
0,0,-2.4299e-07
0,0,2.22028e-07
0,0,-4.83973e-07
0,0,4.02143e-07
0,0,-4.84816e-07
0,0,5.33652e-07
0,0,-2.20197e-07
0,0,8.28661e-08
0,0,-1.47092e-07
