mx,my,mz
0,0,5.60004e-07
0,0,-5.77211e-07
0,0,6.06293e-07
0,0,-2.27431e-07
0,0,1.54468e-07
0,0,-2.78126e-07
0,0,7.32432e-08
0,0,-2.75226e-07
0,0,2.80648e-07
0,0,-5.36759e-07
0,0,2.49775e-07
0,0,-7.41858e-07
0,0,6.61764e-07
0,0,-5.9526e-08
0,0,5.55907e-07
0,0,-5.49165e-07
