mx,my,mz
0.238623,-0.187456,0.0356327
-0.23862,0.18746,-0.0356335
0.238622,-0.187457,0.0356316
-0.238621,0.187459,-0.0356326
-0.23862,0.187461,-0.0356282
0.238623,-0.187457,0.0356302
-0.238622,0.187459,-0.0356288
0.238622,-0.187459,0.0356278
0.238622,-0.187457,0.0356316
-0.238621,0.187459,-0.0356326
0.238623,-0.187456,0.0356327
-0.23862,0.18746,-0.0356335
-0.238621,0.187459,-0.0356287
0.238622,-0.187459,0.0356278
-0.23862,0.187461,-0.0356282
0.238623,-0.187457,0.0356302
