mx,my,mz
0,0,0.227904
0,0,-0.227903
0,0,0.227904
0,0,-0.227904
0,0,-0.227904
0,0,0.227902
0,0,0.237953
0,0,-0.237953
0,0,0.227904
0,0,-0.227903
0,0,0.227904
0,0,-0.227903
0,0,0.237951
0,0,-0.23795
0,0,-0.227904
0,0,0.227903
