mx,my,mz
0,0,-1.10812e-05
0,0,1.10797e-05
0,0,-1.10843e-05
0,0,1.10784e-05
0,0,1.10897e-05
0,0,-1.1084e-05
0,0,1.10841e-05
0,0,-1.10823e-05
0,0,-1.10843e-05
0,0,1.10784e-05
0,0,-1.10812e-05
0,0,1.10797e-05
0,0,1.10841e-05
0,0,-1.10823e-05
0,0,1.10897e-05
0,0,-1.1084e-05
