mx,my,mz
0,0,-0.30542
0,0,0.30542
0,0,-0.30542
0,0,0.30542
0,0,0.30542
0,0,-0.30542
0,0,0.30542
0,0,-0.30542
0,0,-0.30542
0,0,0.30542
0,0,-0.30542
0,0,0.30542
0,0,0.30542
0,0,-0.30542
0,0,0.30542
0,0,-0.30542
