mx,my,mz
0.126097,-0.065931,0.235017
-0.126094,0.0659338,-0.235018
0.126097,-0.0659332,0.235017
-0.126098,0.0659379,-0.235015
-0.126092,0.0659359,-0.235019
0.126102,-0.0659367,0.235013
-0.126098,0.0659429,-0.235014
0.126101,-0.0659344,0.235015
0.126097,-0.0659329,0.235017
-0.126097,0.065938,-0.235015
0.126097,-0.0659311,0.235018
-0.126094,0.0659335,-0.235018
-0.126098,0.0659428,-0.235014
0.126101,-0.0659347,0.235015
-0.126091,0.0659362,-0.235019
0.126102,-0.0659367,0.235013
