mx,my,mz
0,0,0.238537
0,0,0.227822
0,0,-0.227822
0,0,-0.238537
0,0,0.227823
0,0,-0.227822
0,0,0.227822
0,0,-0.227822
0,0,-0.227822
0,0,-0.238542
0,0,0.238542
0,0,0.227822
0,0,0.227823
0,0,-0.227822
0,0,0.227822
0,0,-0.227823
