mx,my,mz
0.126122,-0.065706,0.23457
-0.126119,0.0657087,-0.234571
0.126122,-0.0657082,0.234569
-0.126122,0.0657129,-0.234568
-0.126117,0.0657108,-0.234572
0.126127,-0.0657117,0.234566
-0.126123,0.0657179,-0.234566
0.126126,-0.0657094,0.234567
0.126122,-0.0657079,0.234569
-0.126122,0.065713,-0.234568
0.126122,-0.0657061,0.23457
-0.126119,0.0657084,-0.234571
-0.126123,0.0657177,-0.234566
0.126125,-0.0657097,0.234567
-0.126116,0.0657111,-0.234572
0.126127,-0.0657116,0.234566
