mx,my,mz
0,0,3.62721e-07
0,0,-6.04893e-07
0,0,4.55768e-07
0,0,-2.80337e-07
0,0,2.85457e-07
0,0,-4.66234e-07
0,0,1.95127e-08
0,0,-6.20513e-07
0,0,3.63557e-07
0,0,-2.03047e-07
0,0,3.23175e-07
0,0,-2.82202e-07
0,0,3.69886e-07
0,0,-1.57506e-08
0,0,2.91336e-08
0,0,-2.35847e-08
