mx,my,mz
0,0,0.170932
0,0,-0.170932
0,0,0.170932
0,0,-0.170932
0,0,-0.170932
0,0,0.170932
0,0,-0.170932
0,0,0.170932
0,0,0.170932
0,0,-0.170932
0,0,0.170932
0,0,-0.170932
0,0,-0.170932
0,0,0.170932
0,0,-0.170932
0,0,0.170932
