mx,my,mz
0,0,0.203146
0,0,-0.203146
0,0,0.203146
0,0,-0.203146
0,0,-0.203146
0,0,0.203146
0,0,-0.203146
0,0,0.203146
0,0,0.203146
0,0,-0.203146
0,0,0.203146
0,0,-0.203146
0,0,-0.203146
0,0,0.203146
0,0,-0.203146
0,0,0.203146
