mx,my,mz
0,0,4.1614e-06
0,0,-4.15889e-06
0,0,4.19403e-06
0,0,-4.18119e-06
0,0,-4.08253e-06
0,0,4.09396e-06
0,0,-4.14096e-06
0,0,4.10708e-06
0,0,4.11222e-06
0,0,-4.11994e-06
0,0,4.19211e-06
0,0,-4.16973e-06
0,0,-4.06854e-06
0,0,4.05528e-06
0,0,-4.11922e-06
0,0,4.11834e-06
