mx,my,mz
0,0,0.305244
0,0,-0.305244
0,0,0.305244
0,0,-0.305244
0,0,-0.305244
0,0,0.305244
0,0,-0.305244
0,0,0.305244
0,0,0.305244
0,0,-0.305244
0,0,0.305244
0,0,-0.305244
0,0,-0.305244
0,0,0.305244
0,0,-0.305244
0,0,0.305244
