mx,my,mz
0.0866089,-0.108831,0.176414
-0.0866089,0.108831,-0.176414
0.0866089,-0.108831,0.176414
-0.0866089,0.108831,-0.176414
-0.0866089,0.108831,-0.176414
0.0866089,-0.108831,0.176414
-0.0866089,0.108831,-0.176414
0.0866089,-0.108831,0.176414
0.0866089,-0.108831,0.176414
-0.0866089,0.108831,-0.176414
0.0866089,-0.108831,0.176414
-0.0866089,0.108831,-0.176414
-0.0866089,0.108831,-0.176414
0.0866089,-0.108831,0.176414
-0.0866089,0.108831,-0.176414
0.0866089,-0.108831,0.176414
