mx,my,mz
0,0,-0.227836
0,0,0.227836
0,0,0.238442
0,0,-0.238442
0,0,0.227836
0,0,-0.227836
0,0,0.227836
0,0,-0.227836
0,0,0.238447
0,0,-0.238447
0,0,-0.227836
0,0,0.227836
0,0,0.227836
0,0,-0.227836
0,0,0.227836
0,0,-0.227836
