mx,my,mz
0,0,5.68774e-05
0,0,-5.68819e-05
0,0,5.68832e-05
0,0,-5.68793e-05
0,0,-5.68829e-05
0,0,5.68754e-05
0,0,-5.68724e-05
0,0,5.68805e-05
0,0,5.68832e-05
0,0,-5.68793e-05
0,0,5.68774e-05
0,0,-5.68819e-05
0,0,-5.68724e-05
0,0,5.68805e-05
0,0,-5.68829e-05
0,0,5.68754e-05
