mx,my,mz
0,0,3.12294e-06
0,0,-3.15716e-06
0,0,3.2491e-06
0,0,-3.28017e-06
0,0,-2.80963e-06
0,0,2.89329e-06
0,0,-2.98093e-06
0,0,2.96103e-06
0,0,2.73812e-06
0,0,-2.85237e-06
0,0,2.98136e-06
0,0,-2.91136e-06
0,0,-2.74989e-06
0,0,2.84398e-06
0,0,-2.97027e-06
0,0,2.93944e-06
