mx,my,mz
0,0,0.238335
0,0,-0.208572
0,0,0.0331394
0,0,-0.192439
0,0,0.0200355
0,0,-0.0272468
0,0,0.290725
0,0,-0.289039
0,0,0.336853
0,0,-0.207558
0,0,0.298637
0,0,-0.0543889
0,0,0.157973
0,0,-0.111637
0,0,0.30838
0,0,-0.138673
