mx,my,mz
0,0,-3.75447e-06
0,0,3.77616e-06
0,0,-3.77551e-06
0,0,3.75382e-06
0,0,3.79581e-06
0,0,-3.79895e-06
0,0,3.79244e-06
0,0,-3.78825e-06
0,0,-3.78151e-06
0,0,3.78724e-06
0,0,-3.7869e-06
0,0,3.77829e-06
0,0,3.78236e-06
0,0,-3.80672e-06
0,0,3.81039e-06
0,0,-3.78563e-06
