mx,my,mz
0,0,-0.260772
0,0,0.260772
0,0,-0.260772
0,0,0.260771
0,0,0.260772
0,0,-0.260772
0,0,0.260772
0,0,-0.260772
0,0,-0.260772
0,0,0.260771
0,0,-0.260772
0,0,0.260772
0,0,0.260772
0,0,-0.260772
0,0,0.260772
0,0,-0.260772
