mx,my,mz
0,0,-4.74442e-06
0,0,4.74683e-06
0,0,-4.74195e-06
0,0,4.74406e-06
0,0,4.7493e-06
0,0,-4.74482e-06
0,0,4.7401e-06
0,0,-4.749e-06
0,0,-4.73356e-06
0,0,4.73959e-06
0,0,-4.74353e-06
0,0,4.74192e-06
0,0,4.73299e-06
0,0,-4.74594e-06
0,0,4.74975e-06
0,0,-4.74116e-06
