mx,my,mz
0,0,-1.22861e-05
0,0,1.22847e-05
0,0,-1.22885e-05
0,0,1.22849e-05
0,0,1.22762e-05
0,0,-1.22777e-05
0,0,1.22843e-05
0,0,-1.2278e-05
0,0,-1.22885e-05
0,0,1.22849e-05
0,0,-1.22861e-05
0,0,1.22847e-05
0,0,1.22843e-05
0,0,-1.2278e-05
0,0,1.22762e-05
0,0,-1.22777e-05
