mx,my,mz
0,0,-0.305512
0,0,0.305512
0,0,-0.305512
0,0,0.305512
0,0,0.305512
0,0,-0.305512
0,0,0.305512
0,0,-0.305512
0,0,-0.305512
0,0,0.305512
0,0,-0.305512
0,0,0.305512
0,0,0.305512
0,0,-0.305512
0,0,0.305512
0,0,-0.305512
