mx,my,mz
0,0,4.11131e-06
0,0,-4.10939e-06
0,0,4.14109e-06
0,0,-4.12912e-06
0,0,-4.04022e-06
0,0,4.05072e-06
0,0,-4.09336e-06
0,0,4.06277e-06
0,0,4.06712e-06
0,0,-4.07366e-06
0,0,4.13902e-06
0,0,-4.11918e-06
0,0,-4.0279e-06
0,0,4.01588e-06
0,0,-4.0735e-06
0,0,4.07263e-06
