mx,my,mz
0,0,5.69862e-06
0,0,-5.70366e-06
0,0,5.70205e-06
0,0,-5.68853e-06
0,0,-5.68522e-06
0,0,5.67636e-06
0,0,-5.68977e-06
0,0,5.69015e-06
0,0,5.70207e-06
0,0,-5.68857e-06
0,0,5.69863e-06
0,0,-5.70365e-06
0,0,-5.68975e-06
0,0,5.69014e-06
0,0,-5.68518e-06
0,0,5.67631e-06
