mx,my,mz
0,0,8.04373e-08
0,0,-8.27281e-08
0,0,2.61873e-07
0,0,-1.90843e-07
0,0,5.99702e-09
0,0,-5.20961e-07
0,0,1.12931e-07
0,0,-5.36047e-07
0,0,2.23058e-07
0,0,-5.14314e-07
0,0,2.20855e-07
0,0,-4.38689e-07
0,0,2.60837e-07
0,0,-2.31588e-08
0,0,4.74345e-07
0,0,-1.17815e-08
