mx,my,mz
-0.194718,0.151595,0.16294
0.19472,-0.151593,-0.162939
-0.194717,0.151596,0.16294
0.194721,-0.151593,-0.162938
0.194722,-0.151593,-0.162936
-0.194721,0.151596,0.162935
0.194724,-0.151591,-0.162937
-0.194721,0.151596,0.162936
-0.194717,0.151596,0.16294
0.194721,-0.151593,-0.162938
-0.194718,0.151595,0.16294
0.19472,-0.151593,-0.162939
0.194724,-0.151591,-0.162937
-0.194721,0.151596,0.162936
0.194722,-0.151593,-0.162936
-0.194721,0.151596,0.162935
