mx,my,mz
-0.193911,0.117555,-0.204934
0.193913,-0.117547,0.204936
-0.193909,0.11755,-0.204939
0.193913,-0.117549,0.204936
0.193912,-0.117548,0.204938
-0.193909,0.117549,-0.204939
0.193912,-0.117547,0.204938
-0.193911,0.117548,-0.204938
-0.193909,0.11755,-0.204939
0.193913,-0.117549,0.204936
-0.193911,0.117555,-0.204934
0.193913,-0.117547,0.204936
0.193912,-0.117547,0.204938
-0.193911,0.117548,-0.204938
0.193912,-0.117548,0.204938
-0.193909,0.117549,-0.204939
