mx,my,mz
0,0,0.245687
0,0,-0.245687
0,0,0.245687
0,0,-0.245687
0,0,-0.245687
0,0,0.245687
0,0,-0.245687
0,0,0.245687
0,0,0.245687
0,0,-0.245687
0,0,0.245687
0,0,-0.245687
0,0,-0.245687
0,0,0.245687
0,0,-0.245687
0,0,0.245687
