mx,my,mz
0,0,0.23969
0,0,-0.209758
0,0,0.0333277
0,0,-0.193532
0,0,0.0201492
0,0,-0.0274017
0,0,0.292377
0,0,-0.290682
0,0,0.338767
0,0,-0.208738
0,0,0.300334
0,0,-0.0546982
0,0,0.158871
0,0,-0.112271
0,0,0.310133
0,0,-0.139461
