mx,my,mz
0.202225,0.0358553,0.0970281
-0.202225,-0.0358551,-0.0970282
0.202225,0.0358554,0.0970281
-0.202225,-0.0358551,-0.0970282
-0.202225,-0.0358556,-0.0970278
0.202225,0.0358555,0.0970278
-0.202225,-0.0358552,-0.0970277
0.202225,0.0358552,0.0970279
0.202225,0.0358554,0.097028
-0.202225,-0.0358551,-0.0970282
0.202225,0.0358552,0.0970281
-0.202225,-0.0358551,-0.0970282
-0.202225,-0.0358552,-0.0970277
0.202225,0.0358552,0.0970279
-0.202225,-0.0358556,-0.0970278
0.202225,0.0358555,0.0970278
