mx,my,mz
0,0,-1.27108e-05
0,0,1.27074e-05
0,0,-1.26988e-05
0,0,1.26947e-05
0,0,1.26951e-05
0,0,-1.26979e-05
0,0,1.27113e-05
0,0,-1.27011e-05
0,0,-1.26988e-05
0,0,1.26947e-05
0,0,-1.27108e-05
0,0,1.27074e-05
0,0,1.27113e-05
0,0,-1.27011e-05
0,0,1.26951e-05
0,0,-1.26979e-05
