mx,my,mz
0,0,4.16935e-06
0,0,-4.17042e-06
0,0,4.17671e-06
0,0,-4.16283e-06
0,0,-4.15634e-06
0,0,4.15854e-06
0,0,-4.16995e-06
0,0,4.1554e-06
0,0,4.16036e-06
0,0,-4.16657e-06
0,0,4.17774e-06
0,0,-4.16094e-06
0,0,-4.13838e-06
0,0,4.14229e-06
0,0,-4.14829e-06
0,0,4.13184e-06
