mx,my,mz
-0.0230694,-0.0424618,0.301814
0.0230883,0.0424626,-0.301812
-0.0230844,-0.0424423,0.301815
0.0230928,0.0424564,-0.301813
0.0230927,0.0424638,-0.301812
-0.0230706,-0.0424466,0.301816
0.0230959,0.0424656,-0.301811
-0.0230748,-0.0424423,0.301816
-0.0230844,-0.0424422,0.301815
0.0230924,0.0424562,-0.301813
-0.0230694,-0.0424618,0.301814
0.0230886,0.0424628,-0.301812
0.0230959,0.0424656,-0.301811
-0.0230744,-0.0424421,0.301816
0.0230927,0.0424639,-0.301812
-0.0230709,-0.0424468,0.301816
