mx,my,mz
0,0,0.283852
0,0,-0.283852
0,0,0.283852
0,0,-0.283852
0,0,-0.283852
0,0,0.283852
0,0,-0.283852
0,0,0.283852
0,0,0.283852
0,0,-0.283852
0,0,0.283852
0,0,-0.283852
0,0,-0.283852
0,0,0.283852
0,0,-0.283852
0,0,0.283852
