mx,my,mz
0.200601,-0.226725,-0.0396209
-0.200598,0.226729,0.0396194
0.200601,-0.226726,-0.0396204
-0.200597,0.226729,0.0396216
-0.200598,0.226728,0.0396248
0.200602,-0.226724,-0.0396236
-0.200597,0.226728,0.0396234
0.2006,-0.226726,-0.0396244
0.200601,-0.226726,-0.0396204
-0.200598,0.226728,0.0396216
0.200601,-0.226725,-0.0396209
-0.200598,0.226729,0.0396194
-0.200597,0.226728,0.0396234
0.2006,-0.226726,-0.0396244
-0.200598,0.226728,0.0396248
0.200602,-0.226724,-0.0396236
