mx,my,mz
0,0,-0.0316146
0,0,0.0316146
0,0,-0.0316146
0,0,0.0316146
0,0,0.0316146
0,0,-0.0316146
0,0,0.0316146
0,0,-0.0316146
0,0,-0.0316146
0,0,0.0316146
0,0,-0.0316146
0,0,0.0316146
0,0,0.0316146
0,0,-0.0316146
0,0,0.0316146
0,0,-0.0316146
