mx,my,mz
0,0,-1.37244e-05
0,0,1.37355e-05
0,0,-1.3732e-05
0,0,1.37327e-05
0,0,1.37243e-05
0,0,-1.37317e-05
0,0,1.37237e-05
0,0,-1.3728e-05
0,0,-1.3732e-05
0,0,1.37327e-05
0,0,-1.37244e-05
0,0,1.37355e-05
0,0,1.37237e-05
0,0,-1.3728e-05
0,0,1.37243e-05
0,0,-1.37317e-05
