mx,my,mz
0.109574,-0.171501,0.139984
-0.109574,0.171501,-0.139984
0.109574,-0.1715,0.139985
-0.109573,0.1715,-0.139986
-0.109574,0.171502,-0.139983
0.109576,-0.171501,0.139984
-0.109573,0.171502,-0.139984
0.109575,-0.171502,0.139983
0.109574,-0.1715,0.139986
-0.109573,0.1715,-0.139986
0.109574,-0.171501,0.139984
-0.109574,0.171501,-0.139984
-0.109573,0.171502,-0.139984
0.109575,-0.171502,0.139983
-0.109574,0.171502,-0.139983
0.109576,-0.171501,0.139984
