mx,my,mz
0,0,-0.305053
0,0,0.305053
0,0,-0.305053
0,0,0.305052
0,0,0.305053
0,0,-0.305053
0,0,0.305053
0,0,-0.305053
0,0,-0.305053
0,0,0.305052
0,0,-0.305053
0,0,0.305053
0,0,0.305053
0,0,-0.305053
0,0,0.305053
0,0,-0.305053
