mx,my,mz
0,0,3.43782e-06
0,0,-3.61527e-06
0,0,3.67589e-06
0,0,-3.55695e-06
0,0,-3.40045e-06
0,0,3.60911e-06
0,0,-3.67591e-06
0,0,3.53187e-06
0,0,3.48482e-06
0,0,-3.67029e-06
0,0,3.75002e-06
0,0,-3.6248e-06
0,0,-3.32435e-06
0,0,3.47321e-06
0,0,-3.55177e-06
0,0,3.46079e-06
