mx,my,mz
0,0,0.284521
0,0,-0.284521
0,0,0.284521
0,0,-0.284521
0,0,-0.284521
0,0,0.284521
0,0,-0.284521
0,0,0.284521
0,0,0.284521
0,0,-0.284521
0,0,0.284521
0,0,-0.284521
0,0,-0.284521
0,0,0.284521
0,0,-0.284521
0,0,0.284521
