mx,my,mz
-0.164448,0.248196,0.0688737
0.164451,-0.248194,-0.0688737
-0.164449,0.248195,0.0688739
0.164452,-0.248192,-0.0688753
0.164452,-0.248194,-0.0688701
-0.164449,0.248196,0.068869
0.164451,-0.248194,-0.0688705
-0.164448,0.248196,0.0688723
-0.164449,0.248195,0.0688738
0.164452,-0.248192,-0.0688752
-0.164448,0.248196,0.0688736
0.164451,-0.248193,-0.0688736
0.164451,-0.248194,-0.0688705
-0.164448,0.248196,0.0688723
0.164452,-0.248194,-0.0688701
-0.164449,0.248196,0.068869
