mx,my,mz
-0.190804,0.117743,-0.206026
0.190809,-0.117735,0.206026
-0.190799,0.117746,-0.206028
0.190809,-0.117731,0.206028
0.190804,-0.117736,0.20603
-0.1908,0.11774,-0.206031
0.190805,-0.117733,0.206031
-0.190802,0.117738,-0.20603
-0.190799,0.117747,-0.206028
0.190809,-0.117731,0.206028
-0.190804,0.117743,-0.206026
0.190809,-0.117735,0.206026
0.190805,-0.117733,0.206031
-0.190802,0.117738,-0.20603
0.190804,-0.117735,0.20603
-0.1908,0.11774,-0.206031
