mx,my,mz
-0.0302513,-0.113875,-0.0543711
0.0302513,0.113875,0.0543711
-0.0302513,-0.113875,-0.0543711
0.0302513,0.113875,0.0543711
0.0302513,0.113875,0.0543711
-0.0302513,-0.113875,-0.0543711
0.0302513,0.113875,0.0543711
-0.0302513,-0.113875,-0.0543711
-0.0302513,-0.113875,-0.0543711
0.0302513,0.113875,0.0543711
-0.0302513,-0.113875,-0.0543711
0.0302513,0.113875,0.0543711
0.0302513,0.113875,0.0543711
-0.0302513,-0.113875,-0.0543711
0.0302513,0.113875,0.0543711
-0.0302513,-0.113875,-0.0543711
