mx,my,mz
0,0,-3.28641e-05
0,0,3.28649e-05
0,0,-3.28684e-05
0,0,3.28606e-05
0,0,3.28592e-05
0,0,-3.2858e-05
0,0,3.28655e-05
0,0,-3.28597e-05
0,0,-3.28684e-05
0,0,3.28606e-05
0,0,-3.28641e-05
0,0,3.28649e-05
0,0,3.28655e-05
0,0,-3.28597e-05
0,0,3.28592e-05
0,0,-3.2858e-05
