mx,my,mz
0,0,0.206424
0,0,0.2315
0,0,-0.2315
0,0,-0.206424
0,0,0.2315
0,0,-0.2315
0,0,0.2315
0,0,-0.2315
0,0,-0.2315
0,0,-0.206424
0,0,0.206424
0,0,0.2315
0,0,0.2315
0,0,-0.2315
0,0,0.2315
0,0,-0.2315
