mx,my,mz
0,0,-0.273012
0,0,0.273012
0,0,-0.273012
0,0,0.273012
0,0,0.273012
0,0,-0.273012
0,0,0.273012
0,0,-0.273012
0,0,-0.273012
0,0,0.273012
0,0,-0.273012
0,0,0.273012
0,0,0.273012
0,0,-0.273012
0,0,0.273012
0,0,-0.273012
