mx,my,mz
0,0,0.243292
0,0,-0.21291
0,0,0.0338263
0,0,-0.196438
0,0,0.0204491
0,0,-0.0278123
0,0,0.296766
0,0,-0.295046
0,0,0.343852
0,0,-0.211879
0,0,0.304838
0,0,-0.0555225
0,0,0.161254
0,0,-0.113959
0,0,0.314787
0,0,-0.141559
