mx,my,mz
0,0,-4.79841e-06
0,0,4.80031e-06
0,0,-4.80322e-06
0,0,4.81145e-06
0,0,4.80551e-06
0,0,-4.8136e-06
0,0,4.80286e-06
0,0,-4.8049e-06
0,0,-4.80193e-06
0,0,4.81299e-06
0,0,-4.80271e-06
0,0,4.80185e-06
0,0,4.80177e-06
0,0,-4.80657e-06
0,0,4.80995e-06
0,0,-4.8153e-06
