mx,my,mz
0,0,6.92432e-06
0,0,-6.92686e-06
0,0,6.93076e-06
0,0,-6.92905e-06
0,0,-6.93733e-06
0,0,6.93843e-06
0,0,-6.93668e-06
0,0,6.93642e-06
0,0,6.93071e-06
0,0,-6.92901e-06
0,0,6.92432e-06
0,0,-6.92686e-06
0,0,-6.93664e-06
0,0,6.93639e-06
0,0,-6.93734e-06
0,0,6.93843e-06
