mx,my,mz
0,0,5.84077e-07
0,0,-1.52896e-07
0,0,1.9765e-08
0,0,-6.52e-07
0,0,9.3733e-08
0,0,-5.91316e-07
0,0,8.79403e-08
0,0,-5.95526e-07
0,0,2.54057e-07
0,0,-5.20442e-07
0,0,1.38207e-08
0,0,-6.11954e-07
0,0,2.73246e-07
0,0,-4.86557e-07
0,0,2.94968e-07
0,0,-3.29416e-07
