mx,my,mz
0.209056,-0.16263,-0.0539919
-0.209056,0.16263,0.0539906
0.209056,-0.16263,-0.0539906
-0.209054,0.162632,0.0539905
-0.209054,0.162632,0.0539942
0.209056,-0.162628,-0.0539948
-0.209054,0.16263,0.0539961
0.209056,-0.162628,-0.0539938
0.209056,-0.16263,-0.0539906
-0.209054,0.162632,0.0539906
0.209056,-0.16263,-0.0539919
-0.209056,0.16263,0.0539906
-0.209055,0.16263,0.053996
0.209056,-0.162629,-0.0539937
-0.209054,0.162632,0.0539941
0.209057,-0.162628,-0.0539946
