mx,my,mz
0,0,0.175117
0,0,-0.274651
0,0,0.175117
0,0,0.175113
0,0,0.175117
0,0,-0.274651
0,0,0.175117
0,0,0.175114
0,0,0.175114
0,0,0.175116
0,0,0.175114
0,0,-0.274649
0,0,0.175114
0,0,0.175117
0,0,0.175114
0,0,-0.274649
