mx,my,mz
0,0,2.62034e-05
0,0,-2.62018e-05
0,0,2.61963e-05
0,0,-2.61917e-05
0,0,-2.61983e-05
0,0,2.61892e-05
0,0,-2.61952e-05
0,0,2.61981e-05
0,0,2.61963e-05
0,0,-2.61917e-05
0,0,2.62034e-05
0,0,-2.62018e-05
0,0,-2.61952e-05
0,0,2.61981e-05
0,0,-2.61983e-05
0,0,2.61892e-05
