mx,my,mz
0,0,0.288265
0,0,-0.288265
0,0,0.288265
0,0,-0.288265
0,0,-0.288265
0,0,0.288265
0,0,-0.288265
0,0,0.288265
0,0,0.288265
0,0,-0.288265
0,0,0.288265
0,0,-0.288265
0,0,-0.288265
0,0,0.288265
0,0,-0.288265
0,0,0.288265
