mx,my,mz
0,0,-0.297813
0,0,0.297813
0,0,-0.297813
0,0,0.297813
0,0,0.297813
0,0,-0.297813
0,0,0.297813
0,0,-0.297813
0,0,-0.297813
0,0,0.297813
0,0,-0.297813
0,0,0.297813
0,0,0.297813
0,0,-0.297813
0,0,0.297813
0,0,-0.297813
