mx,my,mz
-0.156253,0.0565254,-0.256548
0.156258,-0.0565156,0.256547
-0.156255,0.0565247,-0.256547
0.15626,-0.056516,0.256545
0.156257,-0.056516,0.256547
-0.156251,0.0565161,-0.256551
0.156253,-0.0565151,0.25655
-0.156252,0.0565193,-0.25655
-0.156255,0.0565248,-0.256547
0.15626,-0.0565162,0.256545
-0.156253,0.0565255,-0.256548
0.156258,-0.0565155,0.256547
0.156253,-0.056515,0.25655
-0.156252,0.0565193,-0.25655
0.156257,-0.0565159,0.256547
-0.156251,0.0565159,-0.256551
