mx,my,mz
0,0,0.304046
0,0,-0.304046
0,0,0.304046
0,0,-0.304046
0,0,-0.304046
0,0,0.304046
0,0,-0.304046
0,0,0.304046
0,0,0.304046
0,0,-0.304046
0,0,0.304046
0,0,-0.304046
0,0,-0.304046
0,0,0.304046
0,0,-0.304046
0,0,0.304046
