mx,my,mz
0,0,-2.77868e-06
0,0,2.69812e-06
0,0,-2.65173e-06
0,0,2.79612e-06
0,0,2.96833e-06
0,0,-2.84399e-06
0,0,2.78552e-06
0,0,-2.95072e-06
0,0,-3.08951e-06
0,0,2.9288e-06
0,0,-2.82496e-06
0,0,3.04466e-06
0,0,3.25028e-06
0,0,-3.11892e-06
0,0,3.05037e-06
0,0,-3.2285e-06
