mx,my,mz
0.0622258,0.0834334,0.234824
-0.0622255,-0.0834312,-0.234825
0.062226,0.083432,0.234825
-0.062226,-0.0834299,-0.234825
-0.0622227,-0.0834333,-0.234825
0.0622271,0.0834353,0.234823
-0.0622272,-0.083432,-0.234824
0.0622301,0.0834317,0.234824
0.0622263,0.0834317,0.234825
-0.0622263,-0.0834298,-0.234825
0.0622261,0.0834334,0.234824
-0.0622258,-0.0834311,-0.234825
-0.0622273,-0.0834318,-0.234824
0.0622301,0.0834315,0.234824
-0.0622227,-0.0834333,-0.234825
0.0622271,0.0834352,0.234823
