mx,my,mz
0,0,-0.195638
0,0,0.195638
0,0,-0.195638
0,0,0.195638
0,0,0.195638
0,0,-0.195638
0,0,0.195638
0,0,-0.195638
0,0,-0.195638
0,0,0.195638
0,0,-0.195638
0,0,0.195638
0,0,0.195638
0,0,-0.195638
0,0,0.195638
0,0,-0.195638
