mx,my,mz
0,0,-0.0815357
0,0,0.0815357
0,0,-0.0815357
0,0,0.0815357
0,0,0.0815357
0,0,-0.0815357
0,0,0.0815357
0,0,-0.0815357
0,0,-0.0815357
0,0,0.0815357
0,0,-0.0815357
0,0,0.0815357
0,0,0.0815357
0,0,-0.0815357
0,0,0.0815357
0,0,-0.0815357
