mx,my,mz
-0.118357,0.0278156,0.0317915
0.118357,-0.0278156,-0.0317915
-0.118357,0.0278156,0.0317915
0.118357,-0.0278156,-0.0317915
0.118357,-0.0278156,-0.0317915
-0.118357,0.0278156,0.0317916
0.118357,-0.0278156,-0.0317916
-0.118357,0.0278156,0.0317916
-0.118357,0.0278156,0.0317915
0.118357,-0.0278156,-0.0317915
-0.118357,0.0278156,0.0317915
0.118357,-0.0278156,-0.0317915
0.118357,-0.0278156,-0.0317916
-0.118357,0.0278156,0.0317916
0.118357,-0.0278156,-0.0317915
-0.118357,0.0278156,0.0317916
