mx,my,mz
0,0,0.174945
0,0,-0.273969
0,0,0.174945
0,0,0.174941
0,0,0.174945
0,0,-0.273969
0,0,0.174945
0,0,0.174942
0,0,0.174942
0,0,0.174944
0,0,0.174942
0,0,-0.273968
0,0,0.174943
0,0,0.174945
0,0,0.174943
0,0,-0.273968
