mx,my,mz
0,0,0.220343
0,0,-0.220343
0,0,0.220343
0,0,-0.220343
0,0,-0.220343
0,0,0.220343
0,0,-0.220343
0,0,0.220343
0,0,0.220343
0,0,-0.220343
0,0,0.220343
0,0,-0.220343
0,0,-0.220343
0,0,0.220343
0,0,-0.220343
0,0,0.220343
