mx,my,mz
0,0,-2.89507e-06
0,0,3.17041e-06
0,0,-3.31016e-06
0,0,2.92412e-06
0,0,3.31805e-06
0,0,-3.5596e-06
0,0,3.70476e-06
0,0,-3.35283e-06
0,0,-3.09611e-06
0,0,3.29256e-06
0,0,-3.41801e-06
0,0,3.09337e-06
0,0,3.19803e-06
0,0,-3.45098e-06
0,0,3.59913e-06
0,0,-3.23565e-06
