mx,my,mz
-0.154665,0.220152,-0.0615048
0.154668,-0.22015,0.0615035
-0.154666,0.220151,-0.0615047
0.154668,-0.22015,0.0615041
0.154667,-0.220149,0.0615084
-0.154665,0.220151,-0.061508
0.154668,-0.220148,0.0615095
-0.154667,0.22015,-0.0615069
-0.154666,0.220151,-0.0615046
0.154668,-0.22015,0.061504
-0.154665,0.220152,-0.0615048
0.154668,-0.22015,0.0615034
0.154668,-0.220148,0.0615094
-0.154667,0.22015,-0.0615069
0.154667,-0.220149,0.0615085
-0.154665,0.220151,-0.061508
