mx,my,mz
-0.164544,0.112579,0.138877
0.164545,-0.11258,-0.138876
-0.164545,0.11258,0.138875
0.164545,-0.112579,-0.138876
0.164545,-0.11258,-0.138875
-0.164545,0.11258,0.138875
0.164546,-0.112579,-0.138875
-0.164545,0.112581,0.138874
-0.164545,0.11258,0.138875
0.164545,-0.112579,-0.138876
-0.164543,0.112579,0.138877
0.164545,-0.11258,-0.138876
0.164546,-0.112579,-0.138875
-0.164545,0.112581,0.138874
0.164545,-0.11258,-0.138875
-0.164545,0.11258,0.138875
