mx,my,mz
0,0,8.17131e-06
0,0,-8.1722e-06
0,0,8.17341e-06
0,0,-8.1805e-06
0,0,-8.17838e-06
0,0,8.18119e-06
0,0,-8.17905e-06
0,0,8.18422e-06
0,0,8.17341e-06
0,0,-8.1805e-06
0,0,8.17131e-06
0,0,-8.1722e-06
0,0,-8.17905e-06
0,0,8.18422e-06
0,0,-8.17838e-06
0,0,8.18119e-06
