mx,my,mz
0.086995,-0.112834,0.101601
-0.086995,0.112834,-0.101601
0.086995,-0.112834,0.101601
-0.086995,0.112834,-0.101601
-0.086995,0.112834,-0.101601
0.086995,-0.112834,0.101601
-0.086995,0.112834,-0.101601
0.086995,-0.112834,0.101601
0.086995,-0.112834,0.101601
-0.086995,0.112834,-0.101601
0.086995,-0.112834,0.101601
-0.086995,0.112834,-0.101601
-0.086995,0.112834,-0.101601
0.086995,-0.112834,0.101601
-0.086995,0.112834,-0.101601
0.086995,-0.112834,0.101601
