mx,my,mz
0,0,-0.305369
0,0,0.305369
0,0,-0.305369
0,0,0.305369
0,0,0.305369
0,0,-0.305369
0,0,0.305369
0,0,-0.305369
0,0,-0.305369
0,0,0.305369
0,0,-0.305369
0,0,0.305369
0,0,0.305369
0,0,-0.305369
0,0,0.305369
0,0,-0.305369
