mx,my,mz
0,0,3.02952e-07
0,0,-4.84923e-08
0,0,6.74611e-07
0,0,-5.20341e-07
0,0,6.55607e-07
0,0,-7.21935e-07
0,0,2.0177e-07
0,0,-1.24084e-08
0,0,3.08213e-07
0,0,-3.87966e-08
0,0,5.7204e-07
0,0,-4.79984e-07
0,0,3.87144e-07
0,0,-2.60142e-07
0,0,1.85806e-07
0,0,-4.06297e-07
