mx,my,mz
0,0,-0.23873
0,0,0.23873
0,0,-0.23873
0,0,0.23873
0,0,0.23873
0,0,-0.23873
0,0,0.23873
0,0,-0.23873
0,0,-0.23873
0,0,0.23873
0,0,-0.23873
0,0,0.23873
0,0,0.23873
0,0,-0.23873
0,0,0.23873
0,0,-0.23873
