mx,my,mz
0,0,0.198918
0,0,-0.198918
0,0,0.198918
0,0,-0.198918
0,0,-0.198918
0,0,0.198918
0,0,-0.198918
0,0,0.198918
0,0,0.198918
0,0,-0.198918
0,0,0.198918
0,0,-0.198918
0,0,-0.198918
0,0,0.198918
0,0,-0.198918
0,0,0.198918
