mx,my,mz
-0.0482481,0.0749334,0.292376
0.0482616,-0.0749254,-0.292376
-0.0482421,0.0749384,0.292376
0.0482616,-0.0749255,-0.292376
0.0482805,-0.0749202,-0.292374
-0.0482422,0.0749443,0.292374
0.0482765,-0.0749226,-0.292374
-0.0482488,0.0749494,0.292372
-0.0482421,0.0749384,0.292376
0.0482616,-0.0749255,-0.292376
-0.048248,0.0749336,0.292376
0.0482615,-0.0749255,-0.292376
0.0482764,-0.0749226,-0.292374
-0.0482488,0.0749494,0.292372
0.0482804,-0.0749203,-0.292374
-0.0482421,0.0749444,0.292374
