mx,my,mz
-0.196447,0.191994,0.1299
0.196447,-0.191992,-0.129902
-0.196447,0.191994,0.129899
0.196448,-0.191992,-0.129901
0.19645,-0.191992,-0.129898
-0.196447,0.191996,0.129897
0.19645,-0.191992,-0.129897
-0.196445,0.191997,0.129898
-0.196447,0.191994,0.129899
0.196448,-0.191992,-0.129901
-0.196447,0.191994,0.1299
0.196447,-0.191992,-0.129902
0.19645,-0.191992,-0.129897
-0.196445,0.191997,0.129898
0.19645,-0.191992,-0.129898
-0.196447,0.191996,0.129897
