mx,my,mz
0,0,0.301929
0,0,-0.301929
0,0,0.301929
0,0,-0.301929
0,0,-0.301929
0,0,0.301929
0,0,-0.301929
0,0,0.301929
0,0,0.301929
0,0,-0.301929
0,0,0.301929
0,0,-0.301929
0,0,-0.301929
0,0,0.301929
0,0,-0.301929
0,0,0.301929
