mx,my,mz
-0.177074,0.0758705,-0.192203
0.17708,-0.075865,0.1922
-0.177078,0.0758672,-0.192201
0.177078,-0.0758661,0.192202
0.177077,-0.0758646,0.192203
-0.177076,0.0758669,-0.192203
0.177076,-0.0758636,0.192205
-0.177074,0.0758671,-0.192205
-0.177077,0.0758673,-0.192202
0.177078,-0.0758662,0.192202
-0.177074,0.0758705,-0.192203
0.17708,-0.075865,0.1922
0.177075,-0.0758639,0.192205
-0.177074,0.0758674,-0.192205
0.177077,-0.0758649,0.192203
-0.177076,0.0758671,-0.192203
