mx,my,mz
0.106876,-0.17176,-0.225098
-0.10687,0.171766,0.225097
0.106877,-0.171763,-0.225095
-0.106872,0.171765,0.225096
-0.106871,0.171762,0.225099
0.106875,-0.171758,-0.2251
-0.106873,0.171761,0.225099
0.106875,-0.17176,-0.225099
0.106877,-0.171763,-0.225095
-0.106872,0.171765,0.225096
0.106876,-0.17176,-0.225098
-0.10687,0.171765,0.225097
-0.106873,0.171761,0.225099
0.106875,-0.171761,-0.225099
-0.106871,0.171762,0.225099
0.106875,-0.171758,-0.2251
