mx,my,mz
0.245401,-0.152816,0.0907695
-0.245399,0.15282,-0.0907693
0.245401,-0.152817,0.0907679
-0.245398,0.152819,-0.0907731
-0.245399,0.152821,-0.0907657
0.245402,-0.152817,0.0907664
-0.2454,0.152821,-0.0907647
0.245401,-0.152818,0.0907664
0.245401,-0.152817,0.0907679
-0.245398,0.152819,-0.0907731
0.245401,-0.152816,0.0907695
-0.245399,0.15282,-0.0907694
-0.2454,0.152821,-0.0907647
0.245401,-0.152818,0.0907664
-0.245399,0.152821,-0.0907657
0.245402,-0.152817,0.0907665
