mx,my,mz
-0.196562,0.19185,0.129616
0.196562,-0.191849,-0.129618
-0.196561,0.191851,0.129616
0.196563,-0.191848,-0.129617
0.196565,-0.191849,-0.129614
-0.196561,0.191852,0.129613
0.196565,-0.191849,-0.129613
-0.196559,0.191854,0.129614
-0.196561,0.191851,0.129616
0.196563,-0.191848,-0.129617
-0.196562,0.19185,0.129616
0.196562,-0.191849,-0.129618
0.196565,-0.191849,-0.129613
-0.196559,0.191854,0.129614
0.196565,-0.191849,-0.129614
-0.196561,0.191852,0.129613
