mx,my,mz
0,0,-0.16814
0,0,0.16814
0,0,-0.16814
0,0,0.16814
0,0,0.16814
0,0,-0.16814
0,0,0.16814
0,0,-0.16814
0,0,-0.16814
0,0,0.16814
0,0,-0.16814
0,0,0.16814
0,0,0.16814
0,0,-0.16814
0,0,0.16814
0,0,-0.16814
