mx,my,mz
0,0,0.305267
0,0,-0.305267
0,0,0.305267
0,0,-0.305267
0,0,-0.305267
0,0,0.305267
0,0,-0.305267
0,0,0.305267
0,0,0.305267
0,0,-0.305267
0,0,0.305267
0,0,-0.305267
0,0,-0.305267
0,0,0.305267
0,0,-0.305267
0,0,0.305267
