mx,my,mz
0,0,5.23131e-07
0,0,-5.39196e-07
0,0,5.66373e-07
0,0,-2.12458e-07
0,0,1.4432e-07
0,0,-2.59826e-07
0,0,6.8424e-08
0,0,-2.57121e-07
0,0,2.62159e-07
0,0,-5.01426e-07
0,0,2.33308e-07
0,0,-6.93028e-07
0,0,6.18197e-07
0,0,-5.56032e-08
0,0,5.19328e-07
0,0,-5.12999e-07
