mx,my,mz
0,0,0.22794
0,0,-0.227939
0,0,0.227939
0,0,-0.227939
0,0,-0.227939
0,0,0.227937
0,0,0.237691
0,0,-0.237692
0,0,0.227939
0,0,-0.227938
0,0,0.227939
0,0,-0.227939
0,0,0.23769
0,0,-0.237689
0,0,-0.227939
0,0,0.227938
