mx,my,mz
0,0,0.193396
0,0,-0.193396
0,0,0.193396
0,0,-0.193396
0,0,-0.193396
0,0,0.193396
0,0,-0.193396
0,0,0.193396
0,0,0.193396
0,0,-0.193396
0,0,0.193396
0,0,-0.193396
0,0,-0.193396
0,0,0.193396
0,0,-0.193396
0,0,0.193396
