mx,my,mz
0,0,0.213533
0,0,0.230654
0,0,-0.230654
0,0,-0.213533
0,0,0.230654
0,0,-0.230654
0,0,0.230654
0,0,-0.230654
0,0,-0.230654
0,0,-0.213536
0,0,0.213536
0,0,0.230654
0,0,0.230654
0,0,-0.230654
0,0,0.230654
0,0,-0.230654
