mx,my,mz
0.266125,-0.127017,-0.0804346
-0.266124,0.127021,0.0804335
0.266125,-0.127017,-0.080436
-0.266123,0.127021,0.0804358
-0.266121,0.127022,0.080439
0.266124,-0.127018,-0.0804372
-0.266123,0.12702,0.0804373
0.266124,-0.127018,-0.0804374
0.266125,-0.127017,-0.080436
-0.266123,0.12702,0.0804358
0.266125,-0.127017,-0.0804346
-0.266124,0.127021,0.0804335
-0.266123,0.12702,0.0804373
0.266124,-0.127018,-0.0804374
-0.266122,0.127022,0.080439
0.266124,-0.127018,-0.0804372
