mx,my,mz
0.154958,-0.263381,-0.00617064
-0.154956,0.263382,0.00617312
0.154957,-0.263382,-0.00617205
-0.154956,0.263382,0.00617318
-0.154956,0.263382,0.00617349
0.154957,-0.263382,-0.00617395
-0.154956,0.263382,0.00617382
0.154959,-0.26338,-0.0061764
0.154957,-0.263382,-0.00617205
-0.154956,0.263382,0.00617318
0.154958,-0.263381,-0.00617064
-0.154956,0.263382,0.00617312
-0.154956,0.263382,0.00617382
0.154959,-0.26338,-0.0061764
-0.154956,0.263382,0.00617348
0.154957,-0.263382,-0.00617395
