mx,my,mz
0,0,5.31691e-07
0,0,-1.3918e-07
0,0,1.79777e-08
0,0,-5.93558e-07
0,0,8.53124e-08
0,0,-5.38277e-07
0,0,8.0053e-08
0,0,-5.42149e-07
0,0,2.31255e-07
0,0,-4.73802e-07
0,0,1.25665e-08
0,0,-5.57076e-07
0,0,2.48759e-07
0,0,-4.42936e-07
0,0,2.68496e-07
0,0,-2.99865e-07
