mx,my,mz
0,0,-4.45045e-06
0,0,4.45634e-06
0,0,-4.45313e-06
0,0,4.45921e-06
0,0,4.46045e-06
0,0,-4.46497e-06
0,0,4.45316e-06
0,0,-4.46049e-06
0,0,-4.46094e-06
0,0,4.46425e-06
0,0,-4.45362e-06
0,0,4.46223e-06
0,0,4.45563e-06
0,0,-4.46028e-06
0,0,4.45824e-06
0,0,-4.4655e-06
