mx,my,mz
0,0,3.03411e-07
0,0,-4.85865e-08
0,0,6.75674e-07
0,0,-5.21123e-07
0,0,6.56615e-07
0,0,-7.23065e-07
0,0,2.02085e-07
0,0,-1.24234e-08
0,0,3.08706e-07
0,0,-3.88298e-08
0,0,5.72917e-07
0,0,-4.80748e-07
0,0,3.87747e-07
0,0,-2.60542e-07
0,0,1.86084e-07
0,0,-4.06936e-07
