mx,my,mz
0,0,1.62579e-05
0,0,-1.62537e-05
0,0,1.62611e-05
0,0,-1.62556e-05
0,0,-1.62614e-05
0,0,1.62561e-05
0,0,-1.62645e-05
0,0,1.62599e-05
0,0,1.62611e-05
0,0,-1.62556e-05
0,0,1.62579e-05
0,0,-1.62537e-05
0,0,-1.62645e-05
0,0,1.62599e-05
0,0,-1.62614e-05
0,0,1.62561e-05
