mx,my,mz
0,0,0.175326
0,0,0.175327
0,0,0.175326
0,0,-0.275972
0,0,0.175326
0,0,0.175328
0,0,0.175326
0,0,-0.275972
0,0,0.175328
0,0,-0.275973
0,0,0.175328
0,0,0.175325
0,0,0.175328
0,0,-0.275973
0,0,0.175328
0,0,0.175326
