mx,my,mz
0,0,-0.175327
0,0,-0.175324
0,0,0.275869
0,0,-0.175325
0,0,-0.175326
0,0,-0.175324
0,0,0.275869
0,0,-0.175324
0,0,0.275871
0,0,-0.175327
0,0,-0.175324
0,0,-0.175327
0,0,0.275871
0,0,-0.175327
0,0,-0.175323
0,0,-0.175327
