mx,my,mz
0,0,0.239264
0,0,-0.209385
0,0,0.0332684
0,0,-0.193188
0,0,0.0201134
0,0,-0.0273529
0,0,0.291857
0,0,-0.290165
0,0,0.338165
0,0,-0.208366
0,0,0.299799
0,0,-0.0546008
0,0,0.158588
0,0,-0.112071
0,0,0.309581
0,0,-0.139213
