mx,my,mz
-0.26806,0.142451,-0.0357068
0.268061,-0.142448,0.035706
-0.268057,0.142455,-0.0357074
0.268062,-0.142447,0.0357075
0.268061,-0.142448,0.03571
-0.26806,0.14245,-0.0357103
0.268062,-0.142445,0.0357114
-0.26806,0.14245,-0.0357115
-0.268057,0.142455,-0.0357074
0.268062,-0.142447,0.0357075
-0.26806,0.142451,-0.0357068
0.268061,-0.142448,0.035706
0.268062,-0.142445,0.0357113
-0.26806,0.14245,-0.0357114
0.268061,-0.142448,0.03571
-0.268059,0.14245,-0.0357102
