mx,my,mz
0,0,0.238835
0,0,-0.209009
0,0,0.0332088
0,0,-0.192842
0,0,0.0200774
0,0,-0.0273039
0,0,0.291334
0,0,-0.289645
0,0,0.337559
0,0,-0.207993
0,0,0.299262
0,0,-0.0545029
0,0,0.158304
0,0,-0.111871
0,0,0.309026
0,0,-0.138964
