mx,my,mz
0,0,0.28969
0,0,-0.28969
0,0,0.28969
0,0,-0.28969
0,0,-0.28969
0,0,0.28969
0,0,-0.28969
0,0,0.28969
0,0,0.28969
0,0,-0.28969
0,0,0.28969
0,0,-0.28969
0,0,-0.28969
0,0,0.28969
0,0,-0.28969
0,0,0.28969
