mx,my,mz
0,0,0.238545
0,0,0.227821
0,0,-0.227821
0,0,-0.238545
0,0,0.227822
0,0,-0.227821
0,0,0.227821
0,0,-0.227821
0,0,-0.227821
0,0,-0.238549
0,0,0.238549
0,0,0.227821
0,0,0.227822
0,0,-0.227821
0,0,0.227821
0,0,-0.227822
