mx,my,mz
0,0,0.285178
0,0,-0.285178
0,0,0.285178
0,0,-0.285178
0,0,-0.285178
0,0,0.285178
0,0,-0.285178
0,0,0.285178
0,0,0.285178
0,0,-0.285178
0,0,0.285178
0,0,-0.285178
0,0,-0.285178
0,0,0.285178
0,0,-0.285178
0,0,0.285178
