mx,my,mz
0,0,-0.265982
0,0,0.265982
0,0,-0.265982
0,0,0.265982
0,0,0.265982
0,0,-0.265982
0,0,0.265982
0,0,-0.265982
0,0,-0.265982
0,0,0.265982
0,0,-0.265982
0,0,0.265982
0,0,0.265982
0,0,-0.265982
0,0,0.265982
0,0,-0.265982
