mx,my,mz
-0.175554,0.207755,0.074905
0.175557,-0.207753,-0.0749046
-0.175555,0.207755,0.0749049
0.175558,-0.207752,-0.0749044
0.17556,-0.207752,-0.0749007
-0.175556,0.207756,0.0749
0.175559,-0.207754,-0.0748994
-0.175557,0.207755,0.0748994
-0.175555,0.207754,0.074905
0.175558,-0.207752,-0.0749044
-0.175554,0.207755,0.074905
0.175557,-0.207753,-0.0749047
0.175559,-0.207753,-0.0748994
-0.175557,0.207755,0.0748993
0.17556,-0.207752,-0.0749007
-0.175556,0.207756,0.0749001
