mx,my,mz
0,0,3.02442e-07
0,0,-4.84538e-08
0,0,6.7364e-07
0,0,-5.19521e-07
0,0,6.54602e-07
0,0,-7.20831e-07
0,0,2.01478e-07
0,0,-1.24011e-08
0,0,3.07797e-07
0,0,-3.87064e-08
0,0,5.71122e-07
0,0,-4.79291e-07
0,0,3.86571e-07
0,0,-2.59759e-07
0,0,1.85514e-07
0,0,-4.05672e-07
