mx,my,mz
0,0,-8.12235e-05
0,0,8.12211e-05
0,0,-8.12267e-05
0,0,8.12362e-05
0,0,8.12306e-05
0,0,-8.12362e-05
0,0,8.12248e-05
0,0,-8.12262e-05
0,0,-8.12267e-05
0,0,8.12362e-05
0,0,-8.12235e-05
0,0,8.12211e-05
0,0,8.12248e-05
0,0,-8.12262e-05
0,0,8.12306e-05
0,0,-8.12362e-05
