mx,my,mz
-0.17728,0.0751596,-0.191658
0.177285,-0.0751542,0.191655
-0.177283,0.0751563,-0.191656
0.177283,-0.0751553,0.191656
0.177282,-0.0751538,0.191658
-0.177281,0.0751561,-0.191658
0.177281,-0.0751528,0.19166
-0.177279,0.0751563,-0.19166
-0.177283,0.0751564,-0.191656
0.177283,-0.0751554,0.191656
-0.17728,0.0751597,-0.191658
0.177285,-0.0751542,0.191655
0.177281,-0.0751531,0.19166
-0.177279,0.0751566,-0.19166
0.177282,-0.0751541,0.191658
-0.177281,0.0751563,-0.191658
