mx,my,mz
-0.233851,0.149283,-0.0771758
0.233853,-0.14928,0.0771761
-0.233851,0.149284,-0.0771755
0.233854,-0.149279,0.0771756
0.233852,-0.149279,0.0771788
-0.233851,0.149282,-0.077178
0.233852,-0.14928,0.0771793
-0.23385,0.149282,-0.0771803
-0.233851,0.149284,-0.0771755
0.233854,-0.149279,0.0771756
-0.233851,0.149283,-0.0771758
0.233853,-0.14928,0.0771761
0.233852,-0.14928,0.0771793
-0.23385,0.149282,-0.0771803
0.233852,-0.149279,0.0771788
-0.233851,0.149282,-0.077178
