mx,my,mz
-0.215147,0.217024,-0.00624988
0.21515,-0.217022,0.00625123
-0.215148,0.217023,-0.006253
0.215151,-0.21702,0.00625277
0.21515,-0.217021,0.0062547
-0.215148,0.217024,-0.00625525
0.21515,-0.217022,0.00625491
-0.215149,0.217022,-0.00625477
-0.215148,0.217023,-0.00625302
0.215151,-0.21702,0.00625277
-0.215147,0.217024,-0.00624989
0.21515,-0.217022,0.00625125
0.21515,-0.217021,0.0062549
-0.215149,0.217022,-0.00625473
0.21515,-0.217021,0.00625467
-0.215148,0.217024,-0.00625525
