mx,my,mz
0,0,0.302349
0,0,-0.302349
0,0,0.302349
0,0,-0.302349
0,0,-0.302349
0,0,0.302349
0,0,-0.302349
0,0,0.302349
0,0,0.302349
0,0,-0.302349
0,0,0.302349
0,0,-0.302349
0,0,-0.302349
0,0,0.302349
0,0,-0.302349
0,0,0.302349
