mx,my,mz
0.201435,0.0361195,0.0966429
-0.201435,-0.0361194,-0.096643
0.201435,0.0361196,0.0966429
-0.201435,-0.0361194,-0.096643
-0.201435,-0.0361198,-0.0966427
0.201435,0.0361197,0.0966426
-0.201435,-0.0361195,-0.0966425
0.201435,0.0361195,0.0966427
0.201435,0.0361197,0.0966429
-0.201435,-0.0361194,-0.096643
0.201435,0.0361195,0.0966429
-0.201435,-0.0361194,-0.096643
-0.201435,-0.0361195,-0.0966425
0.201435,0.0361195,0.0966427
-0.201435,-0.0361198,-0.0966427
0.201435,0.0361198,0.0966426
