mx,my,mz
0,0,0.231554
0,0,-0.0578661
0,0,0.368071
0,0,-0.366253
0,0,0.0504164
0,0,-0.236385
0,0,0.333702
0,0,-0.123897
0,0,0.39842
0,0,-0.221696
0,0,0.0688579
0,0,-0.0955681
0,0,0.387549
0,0,-0.281036
0,0,0.0758674
0,0,-0.267495
