mx,my,mz
0,0,3.96061e-07
0,0,-3.8523e-07
0,0,9.16828e-08
0,0,-2.77444e-07
0,0,5.99353e-07
0,0,-3.59455e-07
0,0,2.24494e-07
0,0,-4.02049e-07
0,0,3.10098e-07
0,0,-8.73246e-08
0,0,3.34597e-07
0,0,-4.22755e-07
0,0,3.41013e-08
0,0,-2.41459e-09
0,0,6.99293e-07
0,0,-2.26359e-07
