mx,my,mz
0,0,-8.46373e-06
0,0,8.47101e-06
0,0,-8.47516e-06
0,0,8.47153e-06
0,0,8.47153e-06
0,0,-8.46378e-06
0,0,8.4681e-06
0,0,-8.4795e-06
0,0,-8.47516e-06
0,0,8.47153e-06
0,0,-8.46372e-06
0,0,8.47101e-06
0,0,8.4681e-06
0,0,-8.4795e-06
0,0,8.47153e-06
0,0,-8.46378e-06
