mx,my,mz
0.272204,-0.10505,0.0410823
-0.272203,0.105054,-0.0410832
0.272205,-0.105048,0.0410835
-0.272204,0.105049,-0.0410838
-0.272204,0.105052,-0.0410788
0.272205,-0.105049,0.0410807
-0.272204,0.105052,-0.0410803
0.272204,-0.105051,0.0410786
0.272205,-0.105048,0.0410835
-0.272204,0.105049,-0.0410839
0.272204,-0.10505,0.0410824
-0.272203,0.105054,-0.0410833
-0.272204,0.105052,-0.0410803
0.272204,-0.105051,0.0410786
-0.272204,0.105052,-0.0410789
0.272205,-0.105049,0.0410808
