mx,my,mz
0.12607,-0.0661552,0.235462
-0.126067,0.0661579,-0.235463
0.12607,-0.0661574,0.235461
-0.12607,0.0661621,-0.23546
-0.126064,0.0661601,-0.235464
0.126074,-0.0661609,0.235458
-0.12607,0.0661671,-0.235458
0.126073,-0.0661586,0.235459
0.12607,-0.0661571,0.235461
-0.12607,0.0661622,-0.23546
0.126069,-0.0661553,0.235462
-0.126067,0.0661576,-0.235463
-0.12607,0.066167,-0.235458
0.126073,-0.0661589,0.235459
-0.126064,0.0661604,-0.235464
0.126074,-0.0661608,0.235458
