mx,my,mz
0,0,-0.0214137
0,0,0.0214137
0,0,-0.0214137
0,0,0.0214137
0,0,0.0214137
0,0,-0.0214137
0,0,0.0214137
0,0,-0.0214137
0,0,-0.0214137
0,0,0.0214137
0,0,-0.0214137
0,0,0.0214137
0,0,0.0214137
0,0,-0.0214137
0,0,0.0214137
0,0,-0.0214137
