mx,my,mz
0,0,1.4879e-07
0,0,-3.28067e-07
0,0,3.71467e-07
0,0,-1.05892e-08
0,0,5.11397e-07
0,0,-2.4326e-07
0,0,1.27803e-07
0,0,-2.63414e-07
0,0,2.19687e-07
0,0,-5.32933e-07
0,0,4.38388e-08
0,0,-3.86184e-07
0,0,5.37022e-07
0,0,-3.7611e-07
0,0,2.96563e-07
0,0,-4.23677e-07
