mx,my,mz
0,0,0.238367
0,0,-0.2086
0,0,0.0331438
0,0,-0.192464
0,0,0.0200381
0,0,-0.0272505
0,0,0.290764
0,0,-0.289078
0,0,0.336898
0,0,-0.207586
0,0,0.298677
0,0,-0.0543962
0,0,0.157994
0,0,-0.111652
0,0,0.308421
0,0,-0.138692
