mx,my,mz
-0.1878,0.212711,0.106541
0.187803,-0.212709,-0.106541
-0.187802,0.212711,0.106537
0.187803,-0.212709,-0.106539
0.187804,-0.21271,-0.106535
-0.1878,0.212713,0.106536
0.187803,-0.212712,-0.106534
-0.187801,0.212713,0.106535
-0.187802,0.212711,0.106537
0.187803,-0.212709,-0.106539
-0.1878,0.212711,0.106541
0.187803,-0.212709,-0.106541
0.187803,-0.212712,-0.106534
-0.187801,0.212713,0.106535
0.187804,-0.21271,-0.106535
-0.1878,0.212713,0.106536
