mx,my,mz
0.151708,-0.182189,0.00934106
-0.151706,0.182191,-0.009343
0.151709,-0.182188,0.00934285
-0.151707,0.18219,-0.00934176
-0.151708,0.18219,-0.00933778
0.151708,-0.182189,0.00933902
-0.151706,0.182191,-0.0093391
0.151708,-0.18219,0.00933902
0.151709,-0.182188,0.00934272
-0.151707,0.18219,-0.00934163
0.151708,-0.182189,0.00934088
-0.151706,0.182191,-0.00934281
-0.151706,0.182191,-0.00933905
0.151708,-0.182189,0.00933898
-0.151708,0.182189,-0.00933768
0.151708,-0.182189,0.00933891
