mx,my,mz
0,0,-0.303495
0,0,0.303495
0,0,-0.303495
0,0,0.303495
0,0,0.303495
0,0,-0.303495
0,0,0.303495
0,0,-0.303495
0,0,-0.303495
0,0,0.303495
0,0,-0.303495
0,0,0.303495
0,0,0.303495
0,0,-0.303495
0,0,0.303495
0,0,-0.303495
