mx,my,mz
0.178095,-0.237354,-0.072638
-0.178093,0.237356,0.0726376
0.178096,-0.237354,-0.0726382
-0.178092,0.237357,0.0726387
-0.178092,0.237356,0.072642
0.178094,-0.237354,-0.0726422
-0.178092,0.237356,0.0726407
0.178096,-0.237352,-0.0726422
0.178096,-0.237354,-0.0726381
-0.178092,0.237357,0.0726387
0.178095,-0.237354,-0.072638
-0.178093,0.237356,0.0726376
-0.178092,0.237356,0.0726407
0.178096,-0.237352,-0.0726422
-0.178092,0.237356,0.072642
0.178094,-0.237354,-0.0726422
