mx,my,mz
0,0,-0.305435
0,0,0.305435
0,0,-0.305435
0,0,0.305435
0,0,0.305435
0,0,-0.305435
0,0,0.305435
0,0,-0.305435
0,0,-0.305435
0,0,0.305435
0,0,-0.305435
0,0,0.305435
0,0,0.305435
0,0,-0.305435
0,0,0.305435
0,0,-0.305435
