mx,my,mz
0,0,0.264465
0,0,-0.264465
0,0,0.264465
0,0,-0.264465
0,0,-0.264465
0,0,0.264465
0,0,-0.264465
0,0,0.264465
0,0,0.264465
0,0,-0.264465
0,0,0.264465
0,0,-0.264465
0,0,-0.264465
0,0,0.264465
0,0,-0.264465
0,0,0.264465
