mx,my,mz
0.0672235,-0.098244,-0.237858
-0.0672134,0.0982499,0.237858
0.0672226,-0.0982427,-0.237859
-0.0672152,0.0982466,0.237859
-0.0672153,0.098246,0.237859
0.067213,-0.09824,-0.237863
-0.0672111,0.0982419,0.237862
0.0672165,-0.09824,-0.237862
0.0672226,-0.0982424,-0.237859
-0.0672151,0.0982463,0.237859
0.0672234,-0.0982439,-0.237858
-0.0672136,0.0982498,0.237858
-0.0672114,0.0982416,0.237862
0.0672166,-0.0982397,-0.237862
-0.0672155,0.0982459,0.237859
0.0672133,-0.0982399,-0.237863
