mx,my,mz
0.213525,-0.149259,0.11984
-0.213525,0.14926,-0.119839
0.213526,-0.149259,0.119839
-0.213523,0.149261,-0.119841
-0.213526,0.149261,-0.119836
0.213526,-0.14926,0.119837
-0.213525,0.149262,-0.119837
0.213527,-0.149258,0.119838
0.213526,-0.149259,0.119839
-0.213523,0.149261,-0.119841
0.213525,-0.149259,0.11984
-0.213525,0.14926,-0.119839
-0.213525,0.149262,-0.119837
0.213527,-0.149258,0.119838
-0.213526,0.149261,-0.119836
0.213526,-0.14926,0.119837
