mx,my,mz
0,0,2.48219e-05
0,0,-2.48208e-05
0,0,2.4833e-05
0,0,-2.48273e-05
0,0,-2.48298e-05
0,0,2.48232e-05
0,0,-2.48176e-05
0,0,2.48174e-05
0,0,2.4833e-05
0,0,-2.48273e-05
0,0,2.48219e-05
0,0,-2.48208e-05
0,0,-2.48176e-05
0,0,2.48174e-05
0,0,-2.48298e-05
0,0,2.48232e-05
