mx,my,mz
0.21952,-0.209022,0.0245502
-0.219518,0.209025,-0.0245489
0.21952,-0.209022,0.024549
-0.219518,0.209024,-0.0245504
-0.219518,0.209025,-0.0245472
0.21952,-0.209023,0.0245473
-0.219517,0.209026,-0.0245462
0.21952,-0.209022,0.0245452
0.21952,-0.209022,0.024549
-0.219518,0.209024,-0.0245504
0.21952,-0.209022,0.0245502
-0.219517,0.209025,-0.0245489
-0.219517,0.209026,-0.0245462
0.21952,-0.209022,0.0245452
-0.219518,0.209025,-0.0245472
0.21952,-0.209023,0.0245473
