mx,my,mz
0,0,-3.28325e-06
0,0,3.28634e-06
0,0,-3.2985e-06
0,0,3.30027e-06
0,0,3.3373e-06
0,0,-3.3364e-06
0,0,3.34268e-06
0,0,-3.34956e-06
0,0,-3.35758e-06
0,0,3.35958e-06
0,0,-3.36768e-06
0,0,3.37133e-06
0,0,3.35168e-06
0,0,-3.3589e-06
0,0,3.37204e-06
0,0,-3.37109e-06
