mx,my,mz
-0.0601243,0.158652,-0.254246
0.0601307,-0.158651,0.254244
-0.0601236,0.158652,-0.254246
0.0601263,-0.158644,0.25425
0.060126,-0.158648,0.254248
-0.060121,0.158649,-0.254249
0.0601238,-0.158646,0.254249
-0.0601217,0.15865,-0.254247
-0.0601237,0.158652,-0.254246
0.0601264,-0.158644,0.25425
-0.0601244,0.158651,-0.254246
0.0601308,-0.158651,0.254244
0.0601238,-0.158646,0.254249
-0.0601217,0.15865,-0.254247
0.060126,-0.158648,0.254248
-0.0601211,0.158649,-0.254249
