mx,my,mz
0,0,0.303093
0,0,-0.303093
0,0,0.303093
0,0,-0.303093
0,0,-0.303093
0,0,0.303092
0,0,-0.303093
0,0,0.303093
0,0,0.303093
0,0,-0.303093
0,0,0.303093
0,0,-0.303093
0,0,-0.303093
0,0,0.303093
0,0,-0.303093
0,0,0.303092
