mx,my,mz
0,0,0.238219
0,0,-0.20847
0,0,0.0331232
0,0,-0.192345
0,0,0.0200257
0,0,-0.0272335
0,0,0.290583
0,0,-0.288898
0,0,0.336688
0,0,-0.207456
0,0,0.298491
0,0,-0.0543623
0,0,0.157896
0,0,-0.111582
0,0,0.308229
0,0,-0.138605
