mx,my,mz
-0.191126,0.117733,-0.205875
0.191131,-0.117724,0.205875
-0.191122,0.117736,-0.205877
0.191131,-0.117721,0.205877
0.191127,-0.117725,0.205879
-0.191123,0.11773,-0.20588
0.191127,-0.117722,0.20588
-0.191124,0.117728,-0.205879
-0.191122,0.117736,-0.205877
0.191131,-0.117721,0.205877
-0.191126,0.117733,-0.205875
0.191131,-0.117724,0.205875
0.191127,-0.117722,0.20588
-0.191124,0.117728,-0.205879
0.191127,-0.117725,0.205879
-0.191123,0.11773,-0.20588
