mx,my,mz
0,0,0.30522
0,0,-0.30522
0,0,0.30522
0,0,-0.30522
0,0,-0.30522
0,0,0.30522
0,0,-0.30522
0,0,0.30522
0,0,0.30522
0,0,-0.30522
0,0,0.30522
0,0,-0.30522
0,0,-0.30522
0,0,0.30522
0,0,-0.30522
0,0,0.30522
