mx,my,mz
0,0,3.93644e-06
0,0,-3.93331e-06
0,0,3.96856e-06
0,0,-3.95665e-06
0,0,-3.85973e-06
0,0,3.87066e-06
0,0,-3.91673e-06
0,0,3.8838e-06
0,0,3.88846e-06
0,0,-3.8967e-06
0,0,3.96656e-06
0,0,-3.94396e-06
0,0,-3.8458e-06
0,0,3.83308e-06
0,0,-3.89568e-06
0,0,3.89458e-06
