mx,my,mz
-0.179747,0.176612,0.0670961
0.179748,-0.176611,-0.0670947
-0.179746,0.176613,0.067095
0.179747,-0.176611,-0.0670971
0.179749,-0.176612,-0.0670911
-0.179746,0.176615,0.0670921
0.179749,-0.176612,-0.0670923
-0.179747,0.176614,0.0670923
-0.179746,0.176613,0.067095
0.179747,-0.176612,-0.0670972
-0.179747,0.176612,0.067096
0.179749,-0.176611,-0.0670947
0.179749,-0.176612,-0.0670924
-0.179746,0.176614,0.0670923
0.179749,-0.176612,-0.067091
-0.179746,0.176614,0.067092
