mx,my,mz
0,0,6.29026e-06
0,0,-6.29748e-06
0,0,6.28695e-06
0,0,-6.29425e-06
0,0,-6.2871e-06
0,0,6.2983e-06
0,0,-6.28552e-06
0,0,6.28883e-06
0,0,6.28715e-06
0,0,-6.29433e-06
0,0,6.29028e-06
0,0,-6.29762e-06
0,0,-6.28562e-06
0,0,6.28882e-06
0,0,-6.28703e-06
0,0,6.29835e-06
