mx,my,mz
-0.169643,0.232778,0.102285
0.169646,-0.232776,-0.102285
-0.169644,0.232778,0.102283
0.169647,-0.232775,-0.102286
0.169648,-0.232777,-0.102281
-0.169643,0.232779,0.102282
0.169648,-0.232777,-0.10228
-0.169643,0.23278,0.102281
-0.169644,0.232778,0.102283
0.169647,-0.232775,-0.102286
-0.169643,0.232778,0.102285
0.169646,-0.232776,-0.102285
0.169648,-0.232777,-0.10228
-0.169643,0.23278,0.102281
0.169648,-0.232777,-0.102281
-0.169643,0.232779,0.102282
