mx,my,mz
0.0599332,-0.274818,0.0449925
-0.0599315,0.274818,-0.0449898
0.0599345,-0.274817,0.0449925
-0.0599301,0.274819,-0.0449911
-0.0599316,0.274819,-0.0449883
0.0599349,-0.274818,0.0449859
-0.0599313,0.274819,-0.0449872
0.059935,-0.274818,0.0449871
0.0599345,-0.274817,0.0449925
-0.0599301,0.274819,-0.0449911
0.0599332,-0.274818,0.0449924
-0.0599316,0.274818,-0.0449898
-0.0599314,0.274819,-0.0449872
0.059935,-0.274818,0.0449871
-0.0599317,0.274819,-0.0449883
0.059935,-0.274818,0.0449858
