mx,my,mz
0,0,0.175326
0,0,0.175327
0,0,0.175326
0,0,-0.27597
0,0,0.175327
0,0,0.175328
0,0,0.175327
0,0,-0.27597
0,0,0.175328
0,0,-0.275971
0,0,0.175328
0,0,0.175325
0,0,0.175328
0,0,-0.275971
0,0,0.175328
0,0,0.175326
