mx,my,mz
0,0,1.67846e-05
0,0,-1.6782e-05
0,0,1.67774e-05
0,0,-1.67775e-05
0,0,-1.67806e-05
0,0,1.67743e-05
0,0,-1.67722e-05
0,0,1.6776e-05
0,0,1.67774e-05
0,0,-1.67775e-05
0,0,1.67846e-05
0,0,-1.6782e-05
0,0,-1.67722e-05
0,0,1.6776e-05
0,0,-1.67806e-05
0,0,1.67743e-05
