mx,my,mz
0,0,0.239181
0,0,-0.209312
0,0,0.033257
0,0,-0.193121
0,0,0.0201065
0,0,-0.0273435
0,0,0.291756
0,0,-0.290065
0,0,0.338048
0,0,-0.208295
0,0,0.299696
0,0,-0.0545819
0,0,0.158533
0,0,-0.112033
0,0,0.309474
0,0,-0.139165
