mx,my,mz
-0.164448,0.248197,0.0688414
0.164451,-0.248195,-0.0688415
-0.164449,0.248196,0.0688416
0.164452,-0.248194,-0.0688429
0.164452,-0.248195,-0.0688382
-0.164449,0.248197,0.0688372
0.164451,-0.248196,-0.0688386
-0.164448,0.248197,0.0688402
-0.164449,0.248196,0.0688416
0.164452,-0.248194,-0.0688429
-0.164448,0.248197,0.0688414
0.164451,-0.248195,-0.0688414
0.164451,-0.248196,-0.0688385
-0.164448,0.248197,0.0688402
0.164452,-0.248195,-0.0688382
-0.164449,0.248197,0.0688372
