mx,my,mz
0,0,5.28861e-06
0,0,-5.28375e-06
0,0,5.28833e-06
0,0,-5.2901e-06
0,0,-5.28573e-06
0,0,5.29428e-06
0,0,-5.29672e-06
0,0,5.28508e-06
0,0,5.28838e-06
0,0,-5.29079e-06
0,0,5.28892e-06
0,0,-5.28342e-06
0,0,-5.29751e-06
0,0,5.28651e-06
0,0,-5.28679e-06
0,0,5.29469e-06
