mx,my,mz
-0.132502,0.10401,-0.25501
0.132509,-0.103996,0.255012
-0.132493,0.104012,-0.255013
0.13251,-0.103993,0.255013
0.132507,-0.104002,0.25501
-0.132498,0.104002,-0.255015
0.132503,-0.104002,0.255012
-0.132497,0.104003,-0.255015
-0.132493,0.104012,-0.255013
0.13251,-0.103993,0.255012
-0.132502,0.10401,-0.25501
0.132509,-0.103996,0.255012
0.132504,-0.104002,0.255012
-0.132497,0.104003,-0.255015
0.132507,-0.104002,0.25501
-0.132498,0.104003,-0.255015
