mx,my,mz
0,0,0.302143
0,0,-0.302143
0,0,0.302143
0,0,-0.302143
0,0,-0.302143
0,0,0.302143
0,0,-0.302143
0,0,0.302143
0,0,0.302143
0,0,-0.302143
0,0,0.302143
0,0,-0.302143
0,0,-0.302143
0,0,0.302143
0,0,-0.302143
0,0,0.302143
