mx,my,mz
0,0,-2.59555e-06
0,0,2.51715e-06
0,0,-2.47196e-06
0,0,2.61228e-06
0,0,2.77898e-06
0,0,-2.65827e-06
0,0,2.60132e-06
0,0,-2.76159e-06
0,0,-2.89708e-06
0,0,2.74102e-06
0,0,-2.64043e-06
0,0,2.85366e-06
0,0,3.05264e-06
0,0,-2.9249e-06
0,0,2.85867e-06
0,0,-3.03175e-06
