mx,my,mz
-0.169758,0.232841,0.10195
0.16976,-0.23284,-0.10195
-0.169759,0.232841,0.101948
0.169761,-0.232838,-0.101951
0.169762,-0.23284,-0.101946
-0.169758,0.232843,0.101947
0.169763,-0.23284,-0.101945
-0.169757,0.232844,0.101946
-0.169759,0.232841,0.101948
0.169761,-0.232838,-0.101951
-0.169758,0.232841,0.10195
0.16976,-0.23284,-0.10195
0.169762,-0.23284,-0.101945
-0.169757,0.232844,0.101946
0.169762,-0.23284,-0.101946
-0.169758,0.232843,0.101947
