mx,my,mz
0,0,-0.191109
0,0,0.191109
0,0,-0.191109
0,0,0.191109
0,0,0.191109
0,0,-0.191109
0,0,0.191109
0,0,-0.191109
0,0,-0.191109
0,0,0.191109
0,0,-0.191109
0,0,0.191109
0,0,0.191109
0,0,-0.191109
0,0,0.191109
0,0,-0.191109
