mx,my,mz
0,0,-2.04921e-05
0,0,2.04909e-05
0,0,-2.04976e-05
0,0,2.05039e-05
0,0,2.04947e-05
0,0,-2.05022e-05
0,0,2.05005e-05
0,0,-2.04981e-05
0,0,-2.04976e-05
0,0,2.05039e-05
0,0,-2.04921e-05
0,0,2.04909e-05
0,0,2.05005e-05
0,0,-2.04981e-05
0,0,2.04947e-05
0,0,-2.05022e-05
