mx,my,mz
0.191076,-0.158647,-0.171706
-0.19107,0.158655,0.171705
0.191074,-0.158652,-0.171704
-0.19107,0.158655,0.171705
-0.19107,0.158652,0.171708
0.191072,-0.15865,-0.171707
-0.19107,0.158651,0.171709
0.191073,-0.158647,-0.171709
0.191074,-0.158652,-0.171704
-0.19107,0.158655,0.171705
0.191076,-0.158647,-0.171706
-0.19107,0.158655,0.171705
-0.19107,0.158651,0.171708
0.191073,-0.158648,-0.171709
-0.19107,0.158652,0.171708
0.191072,-0.15865,-0.171707
