mx,my,mz
-0.0268753,0.0128094,-0.303177
0.0269351,-0.0127335,0.303175
-0.0269028,0.0128393,-0.303174
0.0269557,-0.0127573,0.303172
0.0269387,-0.0127753,0.303173
-0.0269076,0.0128078,-0.303174
0.0269256,-0.012785,0.303174
-0.0268999,0.0127988,-0.303175
-0.0269036,0.0128385,-0.303173
0.0269557,-0.0127575,0.303172
-0.0268751,0.0128107,-0.303177
0.0269357,-0.0127339,0.303175
0.0269257,-0.0127848,0.303174
-0.0268993,0.0127996,-0.303176
0.0269377,-0.0127773,0.303173
-0.0269075,0.0128088,-0.303174
