mx,my,mz
-0.0239386,-0.25857,0.0716427
0.0239379,0.258571,-0.071641
-0.0239345,-0.258571,0.0716415
0.0239379,0.258571,-0.0716403
0.0239376,0.258572,-0.0716388
-0.0239362,-0.258572,0.0716391
0.0239389,0.258572,-0.0716378
-0.0239341,-0.258573,0.0716368
-0.0239346,-0.258571,0.0716415
0.0239378,0.258571,-0.0716404
-0.0239385,-0.25857,0.0716427
0.023938,0.258571,-0.0716409
0.023939,0.258572,-0.0716378
-0.023934,-0.258572,0.0716369
0.0239375,0.258572,-0.0716389
-0.0239364,-0.258572,0.0716391
