mx,my,mz
0.0934531,-0.160731,-0.0120678
-0.0934531,0.160731,0.0120678
0.0934531,-0.160731,-0.0120678
-0.0934531,0.160731,0.0120678
-0.0934531,0.160731,0.0120679
0.0934531,-0.160731,-0.012068
-0.0934531,0.160731,0.012068
0.0934531,-0.160731,-0.0120679
0.0934532,-0.160731,-0.0120678
-0.0934531,0.160731,0.0120678
0.0934531,-0.160731,-0.0120678
-0.0934531,0.160731,0.0120678
-0.0934531,0.160731,0.012068
0.0934531,-0.160731,-0.0120679
-0.0934531,0.160731,0.0120679
0.0934531,-0.160731,-0.012068
