mx,my,mz
-0.0449073,0.109784,0.12866
0.0449073,-0.109784,-0.12866
-0.0449073,0.109784,0.12866
0.0449073,-0.109784,-0.12866
0.0449073,-0.109784,-0.12866
-0.0449073,0.109784,0.12866
0.0449073,-0.109784,-0.12866
-0.0449073,0.109784,0.12866
-0.0449073,0.109784,0.12866
0.0449073,-0.109784,-0.12866
-0.0449073,0.109784,0.12866
0.0449073,-0.109784,-0.12866
0.0449073,-0.109784,-0.12866
-0.0449073,0.109784,0.12866
0.0449073,-0.109784,-0.12866
-0.0449073,0.109784,0.12866
