mx,my,mz
-0.203987,0.203232,-0.0908185
0.20399,-0.203228,0.0908205
-0.203986,0.203232,-0.0908198
0.20399,-0.203228,0.0908196
0.203989,-0.203228,0.0908231
-0.203986,0.20323,-0.0908222
0.203987,-0.20323,0.0908233
-0.203984,0.203232,-0.0908245
-0.203986,0.203232,-0.0908198
0.20399,-0.203228,0.0908196
-0.203987,0.203232,-0.0908185
0.20399,-0.203228,0.0908206
0.203987,-0.20323,0.0908233
-0.203984,0.203232,-0.0908244
0.203989,-0.203228,0.0908231
-0.203986,0.203231,-0.0908222
