mx,my,mz
0.2451,-0.165964,-0.076215
-0.245098,0.165967,0.0762143
0.245099,-0.165965,-0.0762152
-0.245099,0.165966,0.0762138
-0.245099,0.165965,0.076218
0.245099,-0.165964,-0.076217
-0.245097,0.165967,0.0762189
0.245099,-0.165964,-0.0762169
0.245099,-0.165965,-0.0762152
-0.245099,0.165966,0.0762138
0.2451,-0.165964,-0.076215
-0.245098,0.165967,0.0762143
-0.245097,0.165967,0.0762189
0.245099,-0.165964,-0.0762169
-0.245099,0.165965,0.076218
0.245099,-0.165964,-0.076217
