mx,my,mz
0.265557,-0.109657,-0.0905451
-0.265555,0.109661,0.0905447
0.265556,-0.109658,-0.0905461
-0.265555,0.109661,0.0905445
-0.265554,0.109659,0.0905497
0.265556,-0.109656,-0.0905484
-0.265554,0.109659,0.09055
0.265556,-0.109656,-0.0905486
0.265556,-0.109658,-0.090546
-0.265555,0.109661,0.0905445
0.265557,-0.109657,-0.0905451
-0.265555,0.109661,0.0905447
-0.265554,0.109659,0.0905499
0.265556,-0.109656,-0.0905486
-0.265554,0.109659,0.0905497
0.265556,-0.109656,-0.0905484
