mx,my,mz
0.0526244,0.109418,-0.12965
-0.0526244,-0.109418,0.129651
0.0526244,0.109418,-0.12965
-0.0526244,-0.109418,0.129651
-0.0526244,-0.109418,0.129651
0.0526244,0.109418,-0.129651
-0.0526244,-0.109418,0.129651
0.0526244,0.109418,-0.129651
0.0526244,0.109418,-0.12965
-0.0526244,-0.109418,0.129651
0.0526244,0.109418,-0.12965
-0.0526244,-0.109418,0.129651
-0.0526244,-0.109418,0.129651
0.0526244,0.109418,-0.129651
-0.0526244,-0.109418,0.129651
0.0526244,0.109418,-0.129651
