mx,my,mz
0.17944,-0.233092,0.0829349
-0.179435,0.233096,-0.0829343
0.179438,-0.233095,0.0829328
-0.179437,0.233095,-0.0829334
-0.179435,0.233097,-0.0829318
0.17944,-0.233094,0.0829294
-0.179436,0.233097,-0.0829293
0.179441,-0.233093,0.0829302
0.179438,-0.233095,0.0829328
-0.179437,0.233095,-0.0829334
0.17944,-0.233092,0.0829349
-0.179435,0.233096,-0.0829342
-0.179436,0.233097,-0.0829294
0.179441,-0.233093,0.0829303
-0.179435,0.233097,-0.0829318
0.179441,-0.233094,0.0829294
