mx,my,mz
0.0706899,-0.190188,-0.0617446
-0.0706899,0.190188,0.0617446
0.07069,-0.190188,-0.0617445
-0.07069,0.190188,0.0617445
-0.0706899,0.190188,0.0617447
0.07069,-0.190187,-0.0617447
-0.07069,0.190187,0.0617447
0.07069,-0.190187,-0.0617448
0.07069,-0.190188,-0.0617445
-0.07069,0.190188,0.0617445
0.0706899,-0.190188,-0.0617446
-0.0706899,0.190188,0.0617446
-0.0706899,0.190187,0.0617447
0.07069,-0.190187,-0.0617448
-0.0706899,0.190187,0.0617447
0.07069,-0.190187,-0.0617447
