mx,my,mz
0.145473,-0.170429,0.0568285
-0.145472,0.170429,-0.0568288
0.145472,-0.170429,0.0568289
-0.145472,0.170429,-0.0568284
-0.145472,0.170429,-0.0568277
0.145472,-0.170429,0.0568277
-0.145472,0.170429,-0.056828
0.145473,-0.170429,0.0568277
0.145472,-0.170429,0.056829
-0.145472,0.170429,-0.0568284
0.145473,-0.170429,0.0568285
-0.145472,0.170429,-0.0568289
-0.145472,0.170429,-0.056828
0.145473,-0.170429,0.0568277
-0.145472,0.170429,-0.0568277
0.145472,-0.170429,0.0568277
