mx,my,mz
0.179426,-0.23309,0.0829463
-0.179421,0.233094,-0.0829456
0.179423,-0.233093,0.0829442
-0.179423,0.233093,-0.0829447
-0.179421,0.233095,-0.0829432
0.179426,-0.233092,0.0829408
-0.179421,0.233096,-0.0829407
0.179426,-0.233092,0.0829416
0.179423,-0.233093,0.0829442
-0.179423,0.233093,-0.0829448
0.179426,-0.23309,0.0829463
-0.179421,0.233094,-0.0829456
-0.179421,0.233096,-0.0829407
0.179426,-0.233092,0.0829416
-0.179421,0.233095,-0.0829432
0.179426,-0.233092,0.0829408
