mx,my,mz
-0.126108,0.151993,0.233285
0.126111,-0.151988,-0.233286
-0.126109,0.151994,0.233284
0.126113,-0.151992,-0.233283
0.126116,-0.151989,-0.233282
-0.12611,0.151996,0.233281
0.126114,-0.151993,-0.233281
-0.126108,0.151995,0.233283
-0.126109,0.151994,0.233284
0.126113,-0.151992,-0.233283
-0.126108,0.151993,0.233285
0.126111,-0.151988,-0.233286
0.126114,-0.151993,-0.233281
-0.126108,0.151995,0.233283
0.126116,-0.151989,-0.233282
-0.12611,0.151996,0.233281
