mx,my,mz
-0.0502248,-0.0537829,0.296622
0.0502303,0.0537861,-0.296621
-0.0502158,-0.0537885,0.296623
0.050233,0.053782,-0.296621
0.0502321,0.0537946,-0.296619
-0.0502241,-0.0537693,0.296625
0.0502322,0.0537913,-0.296619
-0.0502234,-0.0537694,0.296625
-0.0502157,-0.0537884,0.296623
0.0502328,0.0537818,-0.296621
-0.0502248,-0.0537829,0.296622
0.0502303,0.0537861,-0.296621
0.0502321,0.0537912,-0.29662
-0.0502231,-0.0537693,0.296625
0.050232,0.0537946,-0.296619
-0.0502241,-0.0537692,0.296625
