mx,my,mz
0.0841571,-0.0649227,-0.286449
-0.0841413,0.0649437,0.286449
0.0841545,-0.0649201,-0.286451
-0.0841393,0.0649374,0.286451
-0.0841378,0.0649287,0.286453
0.0841471,-0.0649274,-0.286451
-0.0841375,0.0649232,0.286455
0.084148,-0.0649216,-0.286452
0.0841546,-0.0649199,-0.286451
-0.0841397,0.0649372,0.286451
0.0841572,-0.0649228,-0.286449
-0.0841411,0.0649439,0.286449
-0.0841376,0.0649231,0.286455
0.0841483,-0.0649214,-0.286452
-0.084138,0.0649288,0.286453
0.0841469,-0.0649276,-0.286451
