mx,my,mz
0.133574,-0.0362585,0.0476602
-0.133574,0.0362585,-0.0476602
0.133574,-0.0362585,0.0476602
-0.133574,0.0362585,-0.0476602
-0.133574,0.0362585,-0.0476602
0.133574,-0.0362585,0.0476602
-0.133574,0.0362585,-0.0476602
0.133574,-0.0362585,0.0476602
0.133574,-0.0362585,0.0476602
-0.133574,0.0362585,-0.0476602
0.133574,-0.0362585,0.0476602
-0.133574,0.0362585,-0.0476602
-0.133574,0.0362585,-0.0476602
0.133574,-0.0362585,0.0476602
-0.133574,0.0362585,-0.0476602
0.133574,-0.0362585,0.0476602
