mx,my,mz
-0.0250141,-0.258115,0.0711417
0.0250133,0.258115,-0.07114
-0.02501,-0.258116,0.0711405
0.0250134,0.258116,-0.0711393
0.025013,0.258116,-0.0711379
-0.0250117,-0.258116,0.0711382
0.0250143,0.258116,-0.0711368
-0.0250096,-0.258117,0.0711359
-0.0250101,-0.258116,0.0711406
0.0250132,0.258116,-0.0711394
-0.025014,-0.258115,0.0711417
0.0250134,0.258115,-0.07114
0.0250145,0.258116,-0.0711369
-0.0250095,-0.258117,0.071136
0.0250129,0.258116,-0.0711379
-0.0250119,-0.258116,0.0711382
