mx,my,mz
0.012003,-0.0191804,-0.163678
-0.012003,0.0191804,0.163678
0.012003,-0.0191804,-0.163678
-0.012003,0.0191804,0.163678
-0.012003,0.0191804,0.163678
0.012003,-0.0191804,-0.163678
-0.012003,0.0191804,0.163678
0.012003,-0.0191804,-0.163678
0.012003,-0.0191804,-0.163678
-0.012003,0.0191804,0.163678
0.012003,-0.0191804,-0.163678
-0.012003,0.0191804,0.163678
-0.012003,0.0191804,0.163678
0.012003,-0.0191804,-0.163678
-0.012003,0.0191804,0.163678
0.012003,-0.0191804,-0.163678
