mx,my,mz
-0.158313,0.168681,0.084693
0.158315,-0.168679,-0.0846939
-0.158315,0.16868,0.0846925
0.158314,-0.168681,-0.084692
0.158315,-0.168681,-0.0846897
-0.158313,0.168683,0.0846907
0.158315,-0.168681,-0.0846897
-0.158314,0.168682,0.0846895
-0.158315,0.16868,0.0846925
0.158314,-0.168681,-0.084692
-0.158313,0.168681,0.084693
0.158315,-0.168679,-0.0846938
0.158315,-0.168681,-0.0846897
-0.158314,0.168682,0.0846895
0.158315,-0.168681,-0.0846897
-0.158313,0.168683,0.0846907
