mx,my,mz
0.173979,-0.222926,-0.0494375
-0.173975,0.222929,0.0494372
0.173979,-0.222927,-0.0494376
-0.173977,0.222928,0.0494378
-0.173976,0.222928,0.0494417
0.173979,-0.222926,-0.0494397
-0.173975,0.222929,0.0494416
0.173978,-0.222926,-0.0494452
0.173979,-0.222927,-0.0494376
-0.173977,0.222928,0.0494378
0.173979,-0.222927,-0.0494374
-0.173976,0.222929,0.0494372
-0.173975,0.222928,0.0494416
0.173978,-0.222926,-0.0494452
-0.173976,0.222928,0.0494417
0.173978,-0.222927,-0.0494397
