mx,my,mz
0.119312,-0.225078,0.0846091
-0.119311,0.225079,-0.0846074
0.119313,-0.225078,0.0846082
-0.119312,0.225078,-0.084609
-0.11931,0.22508,-0.0846055
0.119314,-0.225079,0.0846041
-0.11931,0.22508,-0.0846059
0.119313,-0.225078,0.0846062
0.119313,-0.225078,0.0846083
-0.119313,0.225078,-0.0846089
0.119312,-0.225078,0.0846091
-0.119312,0.225079,-0.0846075
-0.11931,0.22508,-0.084606
0.119313,-0.225078,0.0846062
-0.11931,0.22508,-0.0846055
0.119314,-0.225079,0.0846042
