mx,my,mz
0.254167,-0.144207,-0.0478441
-0.254167,0.144208,0.0478449
0.254168,-0.144206,-0.0478459
-0.254166,0.14421,0.0478447
-0.254165,0.144209,0.0478498
0.254168,-0.144205,-0.0478487
-0.254166,0.144208,0.0478487
0.254168,-0.144204,-0.0478491
0.254168,-0.144206,-0.0478459
-0.254165,0.14421,0.0478448
0.254167,-0.144207,-0.0478441
-0.254167,0.144208,0.0478449
-0.254166,0.144208,0.0478487
0.254168,-0.144205,-0.0478491
-0.254165,0.144209,0.0478498
0.254168,-0.144204,-0.0478487
