mx,my,mz
-0.127796,0.120423,0.2487
0.1278,-0.120418,-0.248701
-0.127795,0.120422,0.248701
0.127797,-0.12042,-0.248701
0.127804,-0.120419,-0.248698
-0.127798,0.120428,0.248697
0.127801,-0.12042,-0.248699
-0.127795,0.120425,0.2487
-0.127795,0.120423,0.248701
0.127797,-0.12042,-0.248701
-0.127796,0.120423,0.2487
0.1278,-0.120418,-0.248701
0.127801,-0.120421,-0.248699
-0.127795,0.120425,0.2487
0.127804,-0.120419,-0.248698
-0.127798,0.120428,0.248697
