mx,my,mz
0.1842,-0.235366,0.041239
-0.184198,0.235368,-0.041237
0.1842,-0.235366,0.0412376
-0.184196,0.235369,-0.0412397
-0.184198,0.235368,-0.0412349
0.1842,-0.235367,0.0412351
-0.184199,0.235368,-0.0412356
0.1842,-0.235367,0.0412351
0.1842,-0.235366,0.0412376
-0.184196,0.235369,-0.0412397
0.1842,-0.235366,0.041239
-0.184198,0.235368,-0.041237
-0.184199,0.235368,-0.0412355
0.1842,-0.235367,0.0412351
-0.184198,0.235368,-0.0412349
0.1842,-0.235367,0.0412351
