mx,my,mz
0.158004,-0.247968,0.0831152
-0.158,0.247971,-0.0831139
0.158004,-0.247968,0.0831147
-0.158,0.247971,-0.0831151
-0.158001,0.247971,-0.0831106
0.158006,-0.247969,0.08311
-0.157999,0.247973,-0.0831114
0.158006,-0.247968,0.0831127
0.158004,-0.247968,0.0831147
-0.158,0.247971,-0.083115
0.158004,-0.247968,0.0831152
-0.158,0.247971,-0.0831139
-0.157999,0.247973,-0.0831114
0.158006,-0.247968,0.0831127
-0.158001,0.247971,-0.0831106
0.158006,-0.247969,0.08311
