mx,my,mz
-0.0370606,0.0179005,-0.021027
0.0370606,-0.0179005,0.021027
-0.0370606,0.0179005,-0.021027
0.0370606,-0.0179005,0.021027
0.0370606,-0.0179005,0.021027
-0.0370606,0.0179005,-0.021027
0.0370606,-0.0179005,0.021027
-0.0370606,0.0179005,-0.021027
-0.0370606,0.0179005,-0.021027
0.0370606,-0.0179005,0.021027
-0.0370606,0.0179005,-0.021027
0.0370606,-0.0179005,0.021027
0.0370606,-0.0179005,0.021027
-0.0370606,0.0179005,-0.021027
0.0370606,-0.0179005,0.021027
-0.0370606,0.0179005,-0.021027
