mx,my,mz
0.183863,-0.171471,-0.122232
-0.18386,0.171474,0.122232
0.183865,-0.17147,-0.122232
-0.183862,0.171474,0.122231
-0.18386,0.171472,0.122236
0.183862,-0.17147,-0.122236
-0.18386,0.171471,0.122237
0.183862,-0.17147,-0.122235
0.183865,-0.17147,-0.122232
-0.183862,0.171474,0.122231
0.183863,-0.171471,-0.122232
-0.18386,0.171475,0.122232
-0.18386,0.171471,0.122237
0.183862,-0.17147,-0.122236
-0.18386,0.171472,0.122236
0.183862,-0.17147,-0.122236
