mx,my,mz
-0.151302,0.0166398,-0.262477
0.151308,-0.0166318,0.262474
-0.151298,0.0166454,-0.262479
0.151307,-0.0166295,0.262475
0.151304,-0.0166351,0.262476
-0.151305,0.0166383,-0.262475
0.151303,-0.0166294,0.262477
-0.151299,0.016633,-0.262479
-0.151298,0.0166455,-0.262479
0.151307,-0.0166294,0.262475
-0.151302,0.01664,-0.262477
0.151308,-0.0166321,0.262474
0.151303,-0.0166295,0.262477
-0.151298,0.0166329,-0.262479
0.151304,-0.0166353,0.262476
-0.151305,0.0166386,-0.262475
