mx,my,mz
0.0344665,0.122382,-0.277958
-0.0344577,-0.122373,0.277963
0.0344661,0.122379,-0.277959
-0.0344523,-0.122382,0.27796
-0.034465,-0.122371,0.277963
0.0344637,0.122379,-0.27796
-0.0344628,-0.122373,0.277962
0.0344622,0.122378,-0.27796
0.034466,0.122379,-0.277959
-0.0344522,-0.122382,0.27796
0.0344664,0.122382,-0.277958
-0.0344576,-0.122373,0.277963
-0.0344628,-0.122373,0.277962
0.0344622,0.122378,-0.27796
-0.034465,-0.122371,0.277963
0.0344637,0.122379,-0.27796
