mx,my,mz
-0.17707,0.223465,0.105963
0.177071,-0.223464,-0.105963
-0.177066,0.223467,0.105965
0.17707,-0.223463,-0.105964
0.177074,-0.223463,-0.105959
-0.177069,0.223467,0.10596
0.177073,-0.223462,-0.105962
-0.177069,0.223467,0.10596
-0.177066,0.223467,0.105965
0.177071,-0.223463,-0.105964
-0.17707,0.223465,0.105963
0.177071,-0.223464,-0.105963
0.177073,-0.223462,-0.105962
-0.177069,0.223467,0.10596
0.177074,-0.223463,-0.105959
-0.177069,0.223467,0.10596
