mx,my,mz
0.0591447,-0.125086,-0.272547
-0.0591271,0.12509,0.272549
0.059141,-0.125084,-0.272549
-0.0591256,0.125092,0.272549
-0.0591362,0.12509,0.272547
0.0591381,-0.125078,-0.272552
-0.0591335,0.125087,0.272549
0.0591303,-0.125084,-0.272551
0.0591409,-0.125084,-0.272549
-0.0591256,0.125092,0.272549
0.0591448,-0.125086,-0.272547
-0.0591273,0.12509,0.272549
-0.0591334,0.125087,0.272549
0.0591302,-0.125084,-0.272551
-0.0591363,0.12509,0.272547
0.0591382,-0.125078,-0.272552
