mx,my,mz
0.21501,-0.207296,-0.0650031
-0.215007,0.2073,0.0650028
0.215008,-0.207298,-0.0650034
-0.215006,0.2073,0.0650045
-0.215006,0.207299,0.0650079
0.215008,-0.207297,-0.065007
-0.215007,0.207299,0.0650066
0.215009,-0.207296,-0.0650084
0.215008,-0.207299,-0.0650034
-0.215006,0.2073,0.0650046
0.21501,-0.207296,-0.0650031
-0.215007,0.2073,0.0650029
-0.215006,0.207299,0.0650066
0.215009,-0.207296,-0.0650083
-0.215006,0.207299,0.0650079
0.215008,-0.207298,-0.0650071
