mx,my,mz
-0.204118,0.203215,-0.0909219
0.204121,-0.203211,0.0909239
-0.204117,0.203214,-0.0909231
0.204121,-0.203211,0.090923
0.20412,-0.203211,0.0909265
-0.204118,0.203213,-0.0909256
0.204118,-0.203213,0.0909266
-0.204115,0.203215,-0.0909278
-0.204117,0.203215,-0.0909232
0.204121,-0.203211,0.090923
-0.204118,0.203215,-0.0909219
0.204121,-0.203211,0.0909239
0.204118,-0.203213,0.0909266
-0.204115,0.203215,-0.0909278
0.20412,-0.203211,0.0909264
-0.204118,0.203213,-0.0909256
