mx,my,mz
-0.218804,0.178618,-0.0437587
0.218807,-0.178615,0.0437588
-0.218803,0.178619,-0.0437577
0.218806,-0.178615,0.0437584
0.218805,-0.178616,0.0437627
-0.218803,0.178618,-0.0437623
0.218806,-0.178615,0.0437609
-0.218806,0.178615,-0.0437632
-0.218803,0.178619,-0.0437576
0.218806,-0.178615,0.0437583
-0.218804,0.178618,-0.0437587
0.218807,-0.178615,0.0437588
0.218806,-0.178615,0.0437609
-0.218806,0.178614,-0.0437633
0.218805,-0.178616,0.0437629
-0.218803,0.178618,-0.0437625
