mx,my,mz
-0.189554,0.107271,0.0267502
0.189554,-0.107271,-0.02675
-0.189554,0.107272,0.0267501
0.189554,-0.107271,-0.02675
0.189554,-0.107272,-0.0267492
-0.189554,0.107272,0.0267495
0.189554,-0.107271,-0.0267495
-0.189554,0.107271,0.0267491
-0.189554,0.107272,0.0267501
0.189554,-0.107271,-0.02675
-0.189554,0.107271,0.0267502
0.189554,-0.107272,-0.02675
0.189554,-0.107271,-0.0267495
-0.189554,0.107271,0.0267491
0.189554,-0.107272,-0.0267492
-0.189554,0.107272,0.0267495
