mx,my,mz
0.265429,-0.109299,-0.0905244
-0.265428,0.109303,0.0905241
0.265429,-0.109299,-0.0905255
-0.265428,0.109303,0.0905238
-0.265427,0.109301,0.0905291
0.265428,-0.109298,-0.0905278
-0.265427,0.109301,0.0905293
0.265428,-0.109298,-0.090528
0.265429,-0.1093,-0.0905254
-0.265428,0.109303,0.0905238
0.265429,-0.109299,-0.0905245
-0.265428,0.109303,0.0905241
-0.265427,0.109301,0.0905293
0.265429,-0.109298,-0.0905279
-0.265427,0.109301,0.0905291
0.265428,-0.109298,-0.0905278
