mx,my,mz
0.241703,-0.140735,-0.0234704
-0.241701,0.140739,0.0234721
0.241702,-0.140737,-0.0234726
-0.2417,0.14074,0.0234706
-0.241701,0.140738,0.0234762
0.241702,-0.140736,-0.0234759
-0.2417,0.140739,0.0234761
0.241702,-0.140737,-0.0234752
0.241702,-0.140737,-0.0234726
-0.2417,0.14074,0.0234706
0.241703,-0.140736,-0.0234704
-0.241701,0.140739,0.0234722
-0.2417,0.140739,0.0234762
0.241702,-0.140737,-0.0234752
-0.241701,0.140739,0.0234762
0.241702,-0.140736,-0.023476
