mx,my,mz
0.0141666,0.0578343,0.266888
-0.0141637,-0.0578292,-0.266889
0.0141608,0.0578353,0.266888
-0.0141598,-0.0578356,-0.266888
-0.0141513,-0.0578339,-0.266889
0.0141606,0.0578448,0.266886
-0.0141499,-0.0578284,-0.26689
0.0141692,0.0578391,0.266887
0.0141602,0.0578361,0.266888
-0.0141593,-0.0578353,-0.266888
0.0141665,0.0578336,0.266888
-0.0141636,-0.0578297,-0.266889
-0.0141499,-0.0578286,-0.26689
0.0141693,0.0578381,0.266887
-0.0141517,-0.0578326,-0.266889
0.014161,0.0578447,0.266886
