mx,my,mz
-0.143992,0.224634,-0.0916415
0.143994,-0.224633,0.09164
-0.143992,0.224634,-0.0916424
0.143995,-0.224632,0.091643
0.143993,-0.224632,0.0916464
-0.14399,0.224633,-0.0916453
0.143993,-0.224632,0.0916456
-0.143991,0.224634,-0.0916441
-0.143992,0.224634,-0.0916425
0.143995,-0.224632,0.0916431
-0.143992,0.224634,-0.0916415
0.143994,-0.224633,0.0916401
0.143993,-0.224632,0.0916456
-0.143991,0.224634,-0.0916441
0.143993,-0.224632,0.0916463
-0.14399,0.224633,-0.0916452
