mx,my,mz
-0.191908,-0.0401175,0.177495
0.19191,0.040118,-0.177493
-0.191907,-0.040117,0.177496
0.191909,0.0401198,-0.177493
0.191911,0.0401173,-0.177491
-0.19191,-0.0401184,0.177492
0.191909,0.0401222,-0.177492
-0.191912,-0.0401136,0.177491
-0.191907,-0.0401171,0.177496
0.191909,0.0401198,-0.177493
-0.191908,-0.0401174,0.177495
0.19191,0.040118,-0.177493
0.19191,0.0401221,-0.177492
-0.191912,-0.0401135,0.177491
0.191911,0.0401171,-0.177491
-0.19191,-0.0401183,0.177492
