mx,my,mz
-0.0922611,0.0594565,0.282335
0.0922654,-0.0594498,-0.282335
-0.092259,0.0594571,0.282336
0.0922699,-0.0594528,-0.282333
0.0922748,-0.0594527,-0.282331
-0.0922581,0.0594674,0.282334
0.092267,-0.0594443,-0.282336
-0.0922559,0.0594635,0.282335
-0.0922592,0.0594572,0.282335
0.09227,-0.0594527,-0.282333
-0.0922612,0.0594562,0.282335
0.0922656,-0.0594497,-0.282335
0.0922672,-0.0594444,-0.282336
-0.092256,0.0594634,0.282335
0.0922749,-0.0594524,-0.282331
-0.0922584,0.0594672,0.282334
