mx,my,mz
-0.177111,0.223541,0.105203
0.177112,-0.22354,-0.105204
-0.177107,0.223543,0.105205
0.177112,-0.223539,-0.105204
0.177115,-0.223539,-0.105199
-0.17711,0.223543,0.1052
0.177115,-0.223538,-0.105202
-0.17711,0.223543,0.1052
-0.177107,0.223543,0.105205
0.177112,-0.223539,-0.105204
-0.177111,0.223541,0.105203
0.177112,-0.22354,-0.105204
0.177115,-0.223538,-0.105202
-0.17711,0.223542,0.1052
0.177115,-0.223539,-0.105199
-0.17711,0.223543,0.1052
