mx,my,mz
0.0122819,-0.019569,-0.166503
-0.0122819,0.019569,0.166503
0.0122819,-0.019569,-0.166503
-0.0122819,0.019569,0.166503
-0.0122819,0.019569,0.166503
0.0122819,-0.019569,-0.166503
-0.0122819,0.019569,0.166503
0.0122819,-0.019569,-0.166503
0.0122819,-0.019569,-0.166503
-0.0122819,0.019569,0.166503
0.0122819,-0.019569,-0.166503
-0.0122819,0.019569,0.166503
-0.0122819,0.019569,0.166503
0.0122819,-0.019569,-0.166503
-0.0122819,0.019569,0.166503
0.0122819,-0.019569,-0.166503
