mx,my,mz
0.215011,-0.207294,-0.0650093
-0.215007,0.207298,0.065009
0.215009,-0.207296,-0.0650095
-0.215006,0.207298,0.0650107
-0.215006,0.207297,0.0650141
0.215009,-0.207295,-0.0650132
-0.215007,0.207297,0.0650127
0.215009,-0.207294,-0.0650145
0.215009,-0.207296,-0.0650096
-0.215006,0.207298,0.0650107
0.215011,-0.207294,-0.0650093
-0.215007,0.207298,0.0650091
-0.215007,0.207297,0.0650128
0.215009,-0.207294,-0.0650145
-0.215006,0.207297,0.0650141
0.215008,-0.207295,-0.0650132
