mx,my,mz
0.0941114,-0.161737,-0.0121248
-0.0941114,0.161737,0.0121248
0.0941115,-0.161737,-0.0121248
-0.0941114,0.161737,0.0121248
-0.0941115,0.161737,0.0121249
0.0941115,-0.161737,-0.012125
-0.0941114,0.161737,0.012125
0.0941115,-0.161737,-0.0121249
0.0941115,-0.161737,-0.0121248
-0.0941114,0.161737,0.0121248
0.0941114,-0.161737,-0.0121248
-0.0941114,0.161737,0.0121248
-0.0941114,0.161737,0.012125
0.0941115,-0.161737,-0.0121249
-0.0941115,0.161737,0.0121249
0.0941114,-0.161737,-0.012125
