mx,my,mz
-0.0118967,0.0351494,-0.302538
0.0119365,-0.0351331,0.302539
-0.011897,0.0351514,-0.302538
0.0119215,-0.0351095,0.302542
0.0119212,-0.0351295,0.30254
-0.0119053,0.035147,-0.302538
0.0119149,-0.035137,0.302539
-0.0119112,0.0351492,-0.302538
-0.0118968,0.0351515,-0.302538
0.0119217,-0.0351093,0.302542
-0.0118969,0.0351493,-0.302538
0.0119363,-0.0351333,0.302539
0.0119147,-0.0351372,0.302539
-0.0119114,0.035149,-0.302538
0.0119214,-0.0351296,0.30254
-0.0119051,0.0351474,-0.302538
