mx,my,mz
0.159407,-0.174544,0.0591078
-0.159406,0.174545,-0.0591083
0.159407,-0.174544,0.0591079
-0.159407,0.174544,-0.0591085
-0.159406,0.174546,-0.059106
0.159407,-0.174545,0.0591056
-0.159406,0.174546,-0.0591049
0.159408,-0.174544,0.0591066
0.159407,-0.174544,0.059108
-0.159407,0.174544,-0.0591085
0.159407,-0.174544,0.0591078
-0.159406,0.174545,-0.0591084
-0.159406,0.174546,-0.059105
0.159408,-0.174544,0.0591065
-0.159406,0.174546,-0.059106
0.159407,-0.174545,0.0591057
