mx,my,mz
0.221095,-0.0204675,0.18856
-0.221096,0.0204691,-0.188559
0.221096,-0.0204676,0.188559
-0.221093,0.0204669,-0.188562
-0.221096,0.0204715,-0.188559
0.221097,-0.0204674,0.188558
-0.221097,0.0204721,-0.188558
0.221097,-0.0204681,0.188557
0.221096,-0.0204676,0.188559
-0.221093,0.0204669,-0.188562
0.221095,-0.0204676,0.18856
-0.221096,0.0204691,-0.188559
-0.221097,0.0204721,-0.188558
0.221097,-0.0204681,0.188557
-0.221096,0.0204715,-0.188559
0.221097,-0.0204674,0.188558
