mx,my,mz
0.265494,-0.109479,-0.0905353
-0.265492,0.109484,0.0905349
0.265493,-0.10948,-0.0905363
-0.265492,0.109483,0.0905347
-0.265491,0.109482,0.0905399
0.265493,-0.109479,-0.0905386
-0.265491,0.109481,0.0905402
0.265493,-0.109478,-0.0905388
0.265493,-0.10948,-0.0905362
-0.265492,0.109483,0.0905347
0.265494,-0.109479,-0.0905353
-0.265492,0.109484,0.0905349
-0.265491,0.109481,0.0905401
0.265493,-0.109478,-0.0905388
-0.265491,0.109481,0.0905399
0.265493,-0.109478,-0.0905386
