mx,my,mz
0.136481,-0.171176,0.0933569
-0.136481,0.171177,-0.0933562
0.136482,-0.171176,0.0933564
-0.136481,0.171176,-0.0933567
-0.136481,0.171178,-0.093355
0.136482,-0.171177,0.0933549
-0.136481,0.171178,-0.0933552
0.136481,-0.171177,0.0933552
0.136482,-0.171176,0.0933564
-0.136481,0.171176,-0.0933567
0.136481,-0.171176,0.0933569
-0.136481,0.171177,-0.0933563
-0.136481,0.171178,-0.0933553
0.136481,-0.171177,0.0933551
-0.136481,0.171178,-0.093355
0.136482,-0.171177,0.0933549
