mx,my,mz
0.0344457,0.122456,-0.277927
-0.0344369,-0.122447,0.277932
0.0344454,0.122453,-0.277929
-0.0344316,-0.122456,0.277929
-0.0344443,-0.122445,0.277932
0.034443,0.122453,-0.277929
-0.0344421,-0.122447,0.277932
0.0344415,0.122452,-0.27793
0.0344453,0.122453,-0.277929
-0.0344315,-0.122455,0.277929
0.0344457,0.122456,-0.277927
-0.0344368,-0.122447,0.277932
-0.034442,-0.122447,0.277932
0.0344415,0.122452,-0.27793
-0.0344442,-0.122445,0.277932
0.0344429,0.122453,-0.277929
