mx,my,mz
-0.127805,0.120419,0.24876
0.127809,-0.120414,-0.24876
-0.127804,0.120418,0.24876
0.127806,-0.120416,-0.24876
0.127813,-0.120415,-0.248757
-0.127807,0.120424,0.248756
0.127809,-0.120416,-0.248758
-0.127804,0.120421,0.248759
-0.127803,0.120419,0.24876
0.127806,-0.120416,-0.24876
-0.127805,0.120419,0.24876
0.127809,-0.120414,-0.24876
0.127809,-0.120417,-0.248758
-0.127804,0.120421,0.248759
0.127813,-0.120415,-0.248757
-0.127807,0.120424,0.248756
