mx,my,mz
-0.0505254,-0.0534171,0.296642
0.0505303,0.05342,-0.29664
-0.0505172,-0.0534223,0.296642
0.0505328,0.0534162,-0.29664
0.050532,0.0534277,-0.296639
-0.0505249,-0.0534048,0.296644
0.0505321,0.0534247,-0.296639
-0.0505242,-0.0534049,0.296644
-0.0505171,-0.0534221,0.296642
0.0505327,0.0534161,-0.29664
-0.0505254,-0.0534171,0.296642
0.0505304,0.0534199,-0.29664
0.050532,0.0534246,-0.296639
-0.050524,-0.0534048,0.296644
0.0505319,0.0534277,-0.296639
-0.0505248,-0.0534047,0.296644
