mx,my,mz
-0.212906,0.157677,-0.152433
0.212909,-0.157672,0.152433
-0.212908,0.157676,-0.152432
0.21291,-0.157673,0.152432
0.212908,-0.157671,0.152437
-0.212905,0.157674,-0.152438
0.212909,-0.157671,0.152435
-0.212905,0.157675,-0.152437
-0.212908,0.157676,-0.152432
0.21291,-0.157673,0.152432
-0.212906,0.157677,-0.152433
0.212909,-0.157672,0.152433
0.212909,-0.157671,0.152435
-0.212905,0.157675,-0.152437
0.212908,-0.157671,0.152437
-0.212905,0.157674,-0.152438
