mx,my,mz
0.274591,-0.111901,-0.010625
-0.27459,0.111904,0.010624
0.274591,-0.111901,-0.0106253
-0.27459,0.111902,0.0106247
-0.27459,0.111902,0.0106291
0.274591,-0.1119,-0.0106279
-0.27459,0.111902,0.0106272
0.274591,-0.1119,-0.0106271
0.274591,-0.111901,-0.0106253
-0.27459,0.111902,0.0106248
0.274591,-0.111901,-0.010625
-0.27459,0.111904,0.010624
-0.27459,0.111902,0.0106272
0.274591,-0.1119,-0.0106271
-0.27459,0.111902,0.0106291
0.274591,-0.1119,-0.0106278
