mx,my,mz
0.201059,-0.229395,0.0195009
-0.201056,0.229397,-0.0194982
0.201058,-0.229395,0.0195003
-0.201056,0.229397,-0.0194997
-0.201057,0.229397,-0.0194975
0.201058,-0.229395,0.0194957
-0.201056,0.229397,-0.019496
0.20106,-0.229394,0.019496
0.201058,-0.229395,0.0195003
-0.201056,0.229397,-0.0194998
0.201059,-0.229395,0.0195009
-0.201056,0.229398,-0.0194982
-0.201056,0.229397,-0.019496
0.20106,-0.229394,0.019496
-0.201057,0.229397,-0.0194975
0.201058,-0.229396,0.0194957
