mx,my,mz
0.120479,-0.0716814,-0.0156525
-0.120479,0.0716814,0.0156525
0.120479,-0.0716814,-0.0156525
-0.120479,0.0716814,0.0156525
-0.120479,0.0716814,0.0156525
0.120479,-0.0716814,-0.0156525
-0.120479,0.0716814,0.0156525
0.120479,-0.0716814,-0.0156525
0.120479,-0.0716814,-0.0156525
-0.120479,0.0716814,0.0156525
0.120479,-0.0716814,-0.0156525
-0.120479,0.0716814,0.0156525
-0.120479,0.0716814,0.0156525
0.120479,-0.0716814,-0.0156525
-0.120479,0.0716814,0.0156525
0.120479,-0.0716814,-0.0156525
