mx,my,mz
0.0463891,-0.0401035,-0.26737
-0.0463721,0.0401163,0.267371
0.0463788,-0.0400925,-0.267373
-0.0463745,0.0401167,0.26737
-0.0463644,0.0400995,0.267375
0.0463754,-0.0401019,-0.267372
-0.0463765,0.0401141,0.26737
0.0463859,-0.0401044,-0.26737
0.0463788,-0.0400925,-0.267373
-0.0463746,0.0401166,0.26737
0.0463892,-0.0401034,-0.26737
-0.0463721,0.0401164,0.267371
-0.0463765,0.0401141,0.26737
0.046386,-0.0401042,-0.26737
-0.0463644,0.0400993,0.267375
0.0463754,-0.0401018,-0.267372
