mx,my,mz
-0.194066,0.148262,-0.0625259
0.194067,-0.14826,0.0625258
-0.194064,0.148264,-0.062526
0.194067,-0.14826,0.0625271
0.194065,-0.148261,0.0625296
-0.194064,0.148262,-0.0625314
0.194065,-0.148261,0.0625306
-0.194063,0.148263,-0.0625306
-0.194064,0.148264,-0.0625259
0.194067,-0.148259,0.062527
-0.194066,0.148262,-0.0625259
0.194067,-0.14826,0.0625259
0.194065,-0.148261,0.0625303
-0.194063,0.148263,-0.0625303
0.194065,-0.148261,0.0625295
-0.194064,0.148262,-0.0625313
