mx,my,mz
-0.226861,0.160039,-0.0914886
0.226863,-0.160037,0.0914893
-0.22686,0.160039,-0.0914907
0.226863,-0.160036,0.0914911
0.226861,-0.160036,0.0914939
-0.22686,0.160037,-0.0914934
0.226862,-0.160036,0.0914931
-0.226859,0.160039,-0.0914945
-0.22686,0.160039,-0.0914907
0.226863,-0.160036,0.0914911
-0.226861,0.160039,-0.0914886
0.226863,-0.160037,0.0914893
0.226862,-0.160036,0.091493
-0.226859,0.160039,-0.0914945
0.226861,-0.160036,0.0914939
-0.22686,0.160037,-0.0914934
