mx,my,mz
0.152046,-0.260822,-0.0337593
-0.152044,0.260822,0.033761
0.152046,-0.260821,-0.0337617
-0.152044,0.260823,0.0337608
-0.152044,0.260822,0.0337652
0.152046,-0.260821,-0.0337641
-0.152043,0.260823,0.0337628
0.152047,-0.26082,-0.0337647
0.152046,-0.260821,-0.0337617
-0.152044,0.260823,0.0337608
0.152046,-0.260822,-0.0337593
-0.152044,0.260822,0.033761
-0.152043,0.260823,0.0337629
0.152047,-0.26082,-0.0337647
-0.152044,0.260822,0.0337652
0.152046,-0.260821,-0.0337641
