mx,my,mz
0.156597,-0.159365,0.208578
-0.156594,0.159367,-0.208578
0.156599,-0.159364,0.208577
-0.156595,0.159368,-0.208577
-0.156592,0.15937,-0.208577
0.1566,-0.159366,0.208574
-0.156597,0.159371,-0.208573
0.1566,-0.159366,0.208574
0.156599,-0.159364,0.208577
-0.156595,0.159368,-0.208577
0.156597,-0.159365,0.208578
-0.156594,0.159367,-0.208578
-0.156597,0.159371,-0.208573
0.1566,-0.159366,0.208574
-0.156592,0.15937,-0.208577
0.1566,-0.159366,0.208574
