mx,my,mz
0.206662,-0.216382,0.0153183
-0.206661,0.216383,-0.0153197
0.206662,-0.216382,0.015319
-0.206659,0.216385,-0.0153192
-0.206658,0.216385,-0.0153147
0.206662,-0.216382,0.0153147
-0.206657,0.216387,-0.015314
0.206663,-0.216381,0.0153147
0.206662,-0.216382,0.015319
-0.206659,0.216385,-0.0153193
0.206662,-0.216382,0.0153184
-0.206661,0.216383,-0.0153197
-0.206657,0.216387,-0.0153139
0.206663,-0.216381,0.0153147
-0.206658,0.216386,-0.0153146
0.206662,-0.216382,0.0153146
