mx,my,mz
0.174541,-0.223188,-0.0497899
-0.174537,0.223191,0.0497896
0.17454,-0.223189,-0.04979
-0.174538,0.22319,0.0497902
-0.174537,0.22319,0.0497941
0.17454,-0.223188,-0.0497921
-0.174537,0.22319,0.049794
0.174539,-0.223188,-0.0497976
0.17454,-0.223188,-0.04979
-0.174538,0.22319,0.0497902
0.174541,-0.223188,-0.0497899
-0.174537,0.223191,0.0497896
-0.174537,0.22319,0.049794
0.174539,-0.223188,-0.0497976
-0.174537,0.22319,0.0497941
0.17454,-0.223188,-0.0497921
