mx,my,mz
0.110402,0.112013,-0.0632938
-0.110402,-0.112013,0.0632938
0.110402,0.112013,-0.0632938
-0.110402,-0.112013,0.0632938
-0.110402,-0.112013,0.0632938
0.110402,0.112013,-0.0632938
-0.110402,-0.112013,0.0632938
0.110402,0.112013,-0.0632938
0.110402,0.112013,-0.0632938
-0.110402,-0.112013,0.0632938
0.110402,0.112013,-0.0632938
-0.110402,-0.112013,0.0632938
-0.110402,-0.112013,0.0632938
0.110402,0.112013,-0.0632938
-0.110402,-0.112013,0.0632938
0.110402,0.112013,-0.0632938
