mx,my,mz
-0.13381,0.0897347,0.239738
0.133812,-0.0897272,-0.23974
-0.133811,0.0897301,0.23974
0.133815,-0.0897316,-0.239737
0.133815,-0.0897296,-0.239737
-0.13381,0.0897329,0.239739
0.133816,-0.0897291,-0.239737
-0.133815,0.0897362,0.239735
-0.133811,0.0897302,0.23974
0.133815,-0.0897316,-0.239737
-0.13381,0.0897347,0.239738
0.133812,-0.0897273,-0.23974
0.133816,-0.0897289,-0.239737
-0.133815,0.089736,0.239735
0.133815,-0.0897294,-0.239737
-0.13381,0.0897327,0.239739
