mx,my,mz
0.157931,-0.247945,0.0833527
-0.157927,0.247948,-0.0833513
0.157932,-0.247945,0.0833521
-0.157927,0.247948,-0.0833525
-0.157929,0.247948,-0.083348
0.157933,-0.247945,0.0833475
-0.157927,0.247949,-0.0833488
0.157933,-0.247945,0.0833502
0.157932,-0.247945,0.0833521
-0.157927,0.247948,-0.0833525
0.157931,-0.247945,0.0833527
-0.157927,0.247948,-0.0833513
-0.157927,0.247949,-0.0833489
0.157933,-0.247945,0.0833502
-0.157929,0.247948,-0.083348
0.157934,-0.247945,0.0833475
