mx,my,mz
-0.1346,0.0770349,0.117415
0.1346,-0.0770349,-0.117415
-0.1346,0.0770349,0.117415
0.1346,-0.0770349,-0.117415
0.1346,-0.0770349,-0.117415
-0.1346,0.0770349,0.117415
0.1346,-0.0770349,-0.117415
-0.1346,0.0770349,0.117415
-0.1346,0.0770349,0.117415
0.1346,-0.0770349,-0.117415
-0.1346,0.0770349,0.117415
0.1346,-0.0770349,-0.117415
0.1346,-0.0770349,-0.117415
-0.1346,0.0770349,0.117415
0.1346,-0.0770349,-0.117415
-0.1346,0.0770349,0.117415
