mx,my,mz
0.212882,-0.210975,0.0564704
-0.21288,0.210976,-0.056472
0.212884,-0.210973,0.0564718
-0.21288,0.210978,-0.0564711
-0.21288,0.210978,-0.0564672
0.212883,-0.210975,0.0564667
-0.21288,0.210978,-0.0564663
0.212884,-0.210974,0.056468
0.212884,-0.210973,0.0564718
-0.21288,0.210978,-0.0564711
0.212883,-0.210975,0.0564704
-0.21288,0.210976,-0.056472
-0.21288,0.210978,-0.0564663
0.212884,-0.210974,0.0564681
-0.21288,0.210978,-0.0564672
0.212883,-0.210975,0.0564667
