mx,my,mz
0.063311,0.156986,0.114168
-0.063311,-0.156986,-0.114168
0.063311,0.156986,0.114168
-0.063311,-0.156986,-0.114168
-0.063311,-0.156986,-0.114168
0.063311,0.156986,0.114168
-0.063311,-0.156986,-0.114168
0.063311,0.156986,0.114168
0.063311,0.156986,0.114168
-0.063311,-0.156986,-0.114168
0.063311,0.156986,0.114168
-0.063311,-0.156986,-0.114168
-0.063311,-0.156986,-0.114168
0.063311,0.156986,0.114168
-0.063311,-0.156986,-0.114168
0.063311,0.156986,0.114168
