mx,my,mz
0.215923,-0.196973,-0.0894756
-0.215917,0.196979,0.0894771
0.215923,-0.196972,-0.0894771
-0.215918,0.196977,0.0894769
-0.21592,0.196974,0.0894802
0.215919,-0.196974,-0.08948
-0.215919,0.196975,0.0894804
0.215921,-0.196972,-0.0894812
0.215923,-0.196972,-0.0894772
-0.215919,0.196977,0.0894768
0.215923,-0.196972,-0.0894755
-0.215917,0.196979,0.0894772
-0.215919,0.196975,0.0894805
0.215921,-0.196972,-0.0894812
-0.21592,0.196974,0.0894801
0.215919,-0.196975,-0.0894802
