mx,my,mz
0.179447,-0.233094,0.0829272
-0.179442,0.233098,-0.0829265
0.179444,-0.233096,0.0829251
-0.179444,0.233096,-0.0829256
-0.179442,0.233099,-0.0829241
0.179447,-0.233095,0.0829217
-0.179443,0.233099,-0.0829216
0.179447,-0.233095,0.0829225
0.179444,-0.233096,0.0829251
-0.179444,0.233096,-0.0829256
0.179447,-0.233094,0.0829272
-0.179442,0.233097,-0.0829265
-0.179443,0.233099,-0.0829216
0.179447,-0.233095,0.0829225
-0.179442,0.233099,-0.0829241
0.179447,-0.233095,0.0829217
