mx,my,mz
-0.0494904,0.0770904,-0.291607
0.0495188,-0.0770676,0.291608
-0.0494854,0.0770829,-0.29161
0.0495165,-0.0770535,0.291612
0.0495018,-0.0770702,0.29161
-0.0494865,0.0770786,-0.291611
0.0494996,-0.0770682,0.291611
-0.0494945,0.0770775,-0.29161
-0.0494856,0.0770825,-0.29161
0.0495166,-0.0770535,0.291612
-0.0494906,0.0770903,-0.291607
0.0495191,-0.0770671,0.291608
0.0494995,-0.077068,0.291611
-0.0494943,0.0770777,-0.29161
0.0495017,-0.0770703,0.29161
-0.0494865,0.0770784,-0.291611
