mx,my,mz
-0.144483,0.225052,-0.0920078
0.144486,-0.225052,0.0920064
-0.144483,0.225052,-0.0920088
0.144486,-0.22505,0.0920094
0.144484,-0.22505,0.0920128
-0.144482,0.225052,-0.0920117
0.144484,-0.22505,0.092012
-0.144482,0.225052,-0.0920105
-0.144483,0.225052,-0.0920089
0.144486,-0.22505,0.0920094
-0.144483,0.225052,-0.0920078
0.144486,-0.225052,0.0920064
0.144484,-0.22505,0.092012
-0.144483,0.225052,-0.0920105
0.144484,-0.22505,0.0920127
-0.144482,0.225052,-0.0920116
