mx,my,mz
-0.144113,0.263002,0.0590601
0.144115,-0.263001,-0.0590612
-0.144113,0.263002,0.0590594
0.144116,-0.263,-0.0590622
0.144115,-0.263002,-0.0590557
-0.144114,0.263002,0.0590575
0.144115,-0.263001,-0.0590579
-0.144112,0.263003,0.0590581
-0.144113,0.263002,0.0590594
0.144116,-0.263,-0.0590622
-0.144113,0.263002,0.0590601
0.144115,-0.263001,-0.0590612
0.144115,-0.263001,-0.0590579
-0.144113,0.263003,0.0590581
0.144115,-0.263002,-0.0590557
-0.144114,0.263002,0.0590575
