mx,my,mz
-0.0117256,0.0351707,-0.302502
0.0117616,-0.0351561,0.302502
-0.0117258,0.0351726,-0.302502
0.0117479,-0.0351347,0.302505
0.0117477,-0.0351529,0.302503
-0.0117334,0.0351686,-0.302502
0.0117419,-0.0351597,0.302502
-0.0117387,0.0351705,-0.302501
-0.0117256,0.0351726,-0.302502
0.0117481,-0.0351344,0.302505
-0.0117258,0.0351706,-0.302502
0.0117614,-0.0351563,0.302502
0.0117418,-0.0351599,0.302502
-0.0117389,0.0351704,-0.302501
0.0117479,-0.0351529,0.302503
-0.0117332,0.0351689,-0.302502
