mx,my,mz
-0.237426,0.115979,0.143856
0.237427,-0.11598,-0.143854
-0.237426,0.115982,0.143854
0.237428,-0.115978,-0.143853
0.237429,-0.115978,-0.143852
-0.237428,0.115982,0.143851
0.237429,-0.115979,-0.143851
-0.237428,0.115981,0.143851
-0.237426,0.115982,0.143854
0.237428,-0.115978,-0.143853
-0.237426,0.115979,0.143856
0.237427,-0.11598,-0.143854
0.237429,-0.115979,-0.143851
-0.237428,0.115981,0.143851
0.237429,-0.115978,-0.143852
-0.237428,0.115982,0.143851
