mx,my,mz
-0.151489,0.260902,-0.0467231
0.151492,-0.260901,0.046724
-0.151489,0.260902,-0.0467244
0.15149,-0.260902,0.0467214
0.151492,-0.2609,0.0467268
-0.151489,0.260902,-0.0467269
0.151492,-0.2609,0.0467286
-0.151489,0.260902,-0.0467265
-0.151489,0.260902,-0.0467244
0.15149,-0.260902,0.0467214
-0.151489,0.260902,-0.0467231
0.151492,-0.2609,0.046724
0.151492,-0.2609,0.0467286
-0.151489,0.260902,-0.0467264
0.151492,-0.2609,0.0467268
-0.151489,0.260902,-0.0467269
