mx,my,mz
-0.249005,0.167705,0.0573944
0.249006,-0.167703,-0.0573952
-0.249004,0.167706,0.0573959
0.249007,-0.167702,-0.0573967
0.249008,-0.167703,-0.057391
-0.249005,0.167706,0.0573921
0.249007,-0.167703,-0.0573929
-0.249004,0.167707,0.0573941
-0.249004,0.167706,0.0573958
0.249007,-0.167702,-0.0573966
-0.249005,0.167705,0.0573943
0.249006,-0.167703,-0.0573952
0.249007,-0.167703,-0.0573928
-0.249004,0.167707,0.057394
0.249008,-0.167702,-0.057391
-0.249005,0.167706,0.0573921
