mx,my,mz
0.0712145,-0.190956,-0.0620366
-0.0712146,0.190956,0.0620366
0.0712146,-0.190956,-0.0620365
-0.0712146,0.190956,0.0620365
-0.0712145,0.190956,0.0620367
0.0712147,-0.190956,-0.0620367
-0.0712146,0.190956,0.0620367
0.0712146,-0.190956,-0.0620368
0.0712146,-0.190956,-0.0620365
-0.0712146,0.190956,0.0620365
0.0712146,-0.190956,-0.0620366
-0.0712145,0.190956,0.0620366
-0.0712146,0.190956,0.0620367
0.0712146,-0.190956,-0.0620368
-0.0712145,0.190956,0.0620368
0.0712147,-0.190956,-0.0620367
