mx,my,mz
-0.0923526,0.0595632,0.282377
0.0923569,-0.0595565,-0.282377
-0.0923505,0.0595639,0.282378
0.0923614,-0.0595595,-0.282375
0.0923663,-0.0595594,-0.282373
-0.0923496,0.0595741,0.282376
0.0923585,-0.0595511,-0.282378
-0.0923474,0.0595702,0.282377
-0.0923507,0.059564,0.282377
0.0923614,-0.0595595,-0.282375
-0.0923527,0.059563,0.282377
0.0923571,-0.0595564,-0.282377
0.0923588,-0.0595511,-0.282378
-0.0923475,0.0595701,0.282377
0.0923664,-0.0595591,-0.282373
-0.0923499,0.059574,0.282376
