mx,my,mz
0.176323,-0.0569527,0.134184
-0.176323,0.0569525,-0.134184
0.176323,-0.0569526,0.134184
-0.176323,0.0569526,-0.134184
-0.176323,0.0569529,-0.134184
0.176323,-0.0569525,0.134184
-0.176323,0.0569528,-0.134184
0.176323,-0.0569524,0.134184
0.176323,-0.0569526,0.134184
-0.176323,0.0569526,-0.134184
0.176323,-0.0569527,0.134184
-0.176323,0.0569525,-0.134184
-0.176323,0.0569528,-0.134184
0.176323,-0.0569524,0.134184
-0.176323,0.0569528,-0.134184
0.176323,-0.0569525,0.134184
