mx,my,mz
-0.0846863,0.087566,-0.0308711
0.0846863,-0.087566,0.0308711
-0.0846863,0.087566,-0.0308711
0.0846863,-0.087566,0.0308711
0.0846863,-0.087566,0.0308711
-0.0846863,0.087566,-0.0308711
0.0846863,-0.087566,0.0308711
-0.0846863,0.087566,-0.0308711
-0.0846863,0.087566,-0.0308711
0.0846863,-0.087566,0.0308711
-0.0846863,0.087566,-0.0308711
0.0846863,-0.087566,0.0308711
0.0846863,-0.087566,0.0308711
-0.0846863,0.087566,-0.0308711
0.0846863,-0.087566,0.0308711
-0.0846863,0.087566,-0.0308711
