mx,my,mz
0.213028,-0.210755,0.0563657
-0.213026,0.210757,-0.0563673
0.21303,-0.210753,0.0563671
-0.213025,0.210758,-0.0563663
-0.213026,0.210758,-0.0563624
0.213029,-0.210756,0.056362
-0.213026,0.210758,-0.0563616
0.213029,-0.210755,0.0563633
0.21303,-0.210753,0.0563671
-0.213025,0.210758,-0.0563663
0.213028,-0.210755,0.0563657
-0.213026,0.210757,-0.0563673
-0.213026,0.210758,-0.0563616
0.213029,-0.210755,0.0563633
-0.213026,0.210758,-0.0563624
0.213029,-0.210756,0.056362
