mx,my,mz
0.229506,-0.178412,0.0827648
-0.229504,0.178414,-0.0827655
0.229507,-0.17841,0.0827664
-0.229503,0.178416,-0.0827666
-0.229503,0.178418,-0.0827608
0.229507,-0.178412,0.0827623
-0.229503,0.178418,-0.0827624
0.229506,-0.178413,0.0827615
0.229507,-0.17841,0.0827664
-0.229502,0.178416,-0.0827666
0.229506,-0.178412,0.0827647
-0.229504,0.178414,-0.0827655
-0.229503,0.178418,-0.0827624
0.229506,-0.178414,0.0827615
-0.229503,0.178418,-0.0827608
0.229507,-0.178412,0.0827623
