mx,my,mz
-0.136634,0.15448,-0.151154
0.136636,-0.154477,0.151156
-0.136634,0.15448,-0.151154
0.136637,-0.154477,0.151155
0.136634,-0.154478,0.151157
-0.136632,0.154479,-0.151158
0.136632,-0.154478,0.151158
-0.136632,0.154479,-0.151158
-0.136634,0.15448,-0.151154
0.136637,-0.154477,0.151155
-0.136634,0.15448,-0.151154
0.136636,-0.154477,0.151156
0.136632,-0.154478,0.151159
-0.136632,0.154479,-0.151158
0.136634,-0.154478,0.151157
-0.136632,0.154479,-0.151158
