mx,my,mz
0.215011,-0.207292,-0.0650153
-0.215008,0.207295,0.065015
0.215009,-0.207294,-0.0650156
-0.215007,0.207296,0.0650165
-0.215007,0.207295,0.0650197
0.215009,-0.207293,-0.0650188
-0.215007,0.207295,0.0650184
0.21501,-0.207292,-0.0650201
0.215009,-0.207294,-0.0650156
-0.215007,0.207296,0.0650165
0.215011,-0.207292,-0.0650153
-0.215008,0.207295,0.0650151
-0.215007,0.207295,0.0650184
0.21501,-0.207292,-0.0650201
-0.215007,0.207295,0.0650197
0.215009,-0.207293,-0.0650189
