mx,my,mz
-0.0727144,0.13176,-0.252539
0.0727165,-0.131756,0.25254
-0.0727099,0.131759,-0.25254
0.0727181,-0.131755,0.25254
0.072711,-0.131752,0.252544
-0.0727093,0.131754,-0.252543
0.072714,-0.131752,0.252543
-0.0727086,0.131756,-0.252542
-0.07271,0.131759,-0.25254
0.0727182,-0.131755,0.25254
-0.0727145,0.13176,-0.252539
0.0727165,-0.131756,0.25254
0.0727141,-0.131752,0.252543
-0.0727085,0.131756,-0.252542
0.0727109,-0.131752,0.252544
-0.0727093,0.131754,-0.252543
