mx,my,mz
0.0341495,-0.149771,-0.0524669
-0.0341495,0.149771,0.0524669
0.0341495,-0.149771,-0.0524669
-0.0341495,0.149771,0.0524669
-0.0341495,0.149771,0.0524669
0.0341495,-0.149771,-0.0524669
-0.0341495,0.149771,0.0524669
0.0341495,-0.149771,-0.0524669
0.0341495,-0.149771,-0.0524669
-0.0341495,0.149771,0.0524669
0.0341495,-0.149771,-0.0524669
-0.0341495,0.149771,0.0524669
-0.0341495,0.149771,0.0524669
0.0341495,-0.149771,-0.0524669
-0.0341495,0.149771,0.0524669
0.0341495,-0.149771,-0.0524669
