mx,my,mz
-0.206175,0.18279,-0.0983485
0.206175,-0.18279,0.0983486
-0.206174,0.182791,-0.0983477
0.206178,-0.182787,0.0983481
0.206176,-0.182786,0.0983526
-0.206174,0.182789,-0.0983511
0.206176,-0.182787,0.0983525
-0.206172,0.182791,-0.0983532
-0.206175,0.182791,-0.0983477
0.206178,-0.182787,0.0983481
-0.206175,0.18279,-0.0983486
0.206175,-0.18279,0.0983486
0.206176,-0.182787,0.0983525
-0.206172,0.182791,-0.0983532
0.206176,-0.182786,0.0983526
-0.206174,0.182789,-0.098351
