mx,my,mz
-0.192122,-0.0394266,0.178177
0.192124,0.0394271,-0.178175
-0.192121,-0.0394262,0.178179
0.192123,0.0394288,-0.178176
0.192125,0.0394264,-0.178174
-0.192124,-0.0394275,0.178175
0.192124,0.0394309,-0.178175
-0.192126,-0.0394231,0.178174
-0.192121,-0.0394263,0.178179
0.192123,0.0394288,-0.178176
-0.192122,-0.0394266,0.178177
0.192124,0.0394271,-0.178175
0.192124,0.0394308,-0.178175
-0.192126,-0.039423,0.178174
0.192126,0.0394262,-0.178174
-0.192124,-0.0394273,0.178175
