mx,my,mz
0.163038,-0.207287,-0.137977
-0.163033,0.207292,0.137976
0.163037,-0.207289,-0.137976
-0.163031,0.207293,0.137976
-0.163033,0.207289,0.13798
0.163035,-0.207287,-0.137981
-0.163034,0.207288,0.13798
0.163035,-0.207289,-0.137979
0.163037,-0.207289,-0.137976
-0.163031,0.207293,0.137976
0.163038,-0.207287,-0.137977
-0.163033,0.207292,0.137976
-0.163034,0.207288,0.13798
0.163035,-0.207289,-0.137979
-0.163033,0.207289,0.13798
0.163035,-0.207287,-0.137981
