mx,my,mz
0.20688,-0.216597,0.0151022
-0.206878,0.216598,-0.0151036
0.206879,-0.216597,0.0151028
-0.206876,0.2166,-0.0151031
-0.206876,0.216601,-0.0150985
0.20688,-0.216597,0.0150985
-0.206875,0.216602,-0.0150978
0.206881,-0.216596,0.0150985
0.206879,-0.216597,0.0151029
-0.206876,0.2166,-0.0151031
0.206879,-0.216597,0.0151022
-0.206878,0.216598,-0.0151035
-0.206875,0.216602,-0.0150977
0.206881,-0.216596,0.0150985
-0.206876,0.216601,-0.0150985
0.20688,-0.216597,0.0150984
