mx,my,mz
-0.0496332,-0.0545228,0.296577
0.0496387,0.054526,-0.296576
-0.0496241,-0.0545284,0.296578
0.0496413,0.0545219,-0.296576
0.0496404,0.0545345,-0.296574
-0.0496325,-0.0545092,0.29658
0.0496406,0.0545312,-0.296574
-0.0496317,-0.0545093,0.29658
-0.0496241,-0.0545283,0.296578
0.0496412,0.0545217,-0.296576
-0.0496332,-0.0545227,0.296577
0.0496387,0.0545259,-0.296576
0.0496404,0.0545311,-0.296574
-0.0496315,-0.0545092,0.29658
0.0496404,0.0545345,-0.296574
-0.0496325,-0.0545091,0.29658
