mx,my,mz
-0.185902,0.120754,-0.133094
0.185903,-0.120752,0.133094
-0.185902,0.120754,-0.133094
0.185903,-0.120751,0.133096
0.185902,-0.12075,0.133097
-0.185901,0.120751,-0.133098
0.1859,-0.120751,0.133099
-0.185899,0.120752,-0.1331
-0.185902,0.120754,-0.133094
0.185903,-0.120751,0.133096
-0.185902,0.120754,-0.133094
0.185903,-0.120752,0.133094
0.1859,-0.120751,0.133099
-0.185899,0.120752,-0.1331
0.185902,-0.12075,0.133097
-0.185901,0.120751,-0.133098
