mx,my,mz
-0.053853,-0.0889001,0.0742837
0.053853,0.0889001,-0.0742837
-0.053853,-0.0889001,0.0742837
0.053853,0.0889001,-0.0742837
0.053853,0.0889001,-0.0742837
-0.053853,-0.0889001,0.0742837
0.053853,0.0889001,-0.0742837
-0.053853,-0.0889001,0.0742837
-0.053853,-0.0889001,0.0742837
0.053853,0.0889001,-0.0742837
-0.053853,-0.0889001,0.0742837
0.053853,0.0889001,-0.0742837
0.053853,0.0889001,-0.0742837
-0.053853,-0.0889001,0.0742837
0.053853,0.0889001,-0.0742837
-0.053853,-0.0889001,0.0742837
