mx,my,mz
-0.13147,0.176433,-0.171822
0.131475,-0.176431,0.17182
-0.131471,0.176434,-0.171821
0.131475,-0.176431,0.171821
0.131471,-0.17643,0.171825
-0.131473,0.176432,-0.171822
0.131473,-0.176429,0.171824
-0.131472,0.176431,-0.171823
-0.131471,0.176434,-0.171821
0.131475,-0.176431,0.171821
-0.13147,0.176433,-0.171822
0.131475,-0.176431,0.17182
0.131473,-0.176429,0.171824
-0.131472,0.176431,-0.171823
0.131471,-0.17643,0.171825
-0.131473,0.176431,-0.171822
