mx,my,mz
0.274607,-0.112362,-0.010693
-0.274605,0.112365,0.010692
0.274606,-0.112362,-0.0106933
-0.274606,0.112363,0.0106928
-0.274606,0.112363,0.0106971
0.274607,-0.112361,-0.0106959
-0.274606,0.112363,0.0106952
0.274607,-0.112361,-0.0106952
0.274606,-0.112362,-0.0106933
-0.274606,0.112363,0.0106928
0.274607,-0.112362,-0.010693
-0.274605,0.112365,0.010692
-0.274606,0.112363,0.0106952
0.274607,-0.112361,-0.0106952
-0.274606,0.112363,0.0106971
0.274607,-0.112361,-0.0106959
