mx,my,mz
0.084146,-0.0646597,-0.28649
-0.0841317,0.0646787,0.28649
0.0841437,-0.0646573,-0.286491
-0.08413,0.064673,0.286492
-0.0841286,0.0646651,0.286494
0.0841369,-0.064664,-0.286492
-0.0841283,0.0646601,0.286495
0.0841377,-0.0646587,-0.286493
0.0841438,-0.0646572,-0.286491
-0.0841304,0.0646728,0.286492
0.0841461,-0.0646597,-0.28649
-0.0841316,0.0646789,0.28649
-0.0841284,0.0646599,0.286495
0.0841381,-0.0646585,-0.286493
-0.0841287,0.0646651,0.286494
0.0841368,-0.0646641,-0.286492
