mx,my,mz
0.013024,-0.0561552,0.191491
-0.013024,0.0561552,-0.191491
0.013024,-0.0561552,0.191491
-0.013024,0.0561552,-0.191491
-0.013024,0.0561552,-0.191491
0.013024,-0.0561552,0.191491
-0.013024,0.0561552,-0.191491
0.013024,-0.0561552,0.191491
0.013024,-0.0561552,0.191491
-0.013024,0.0561552,-0.191491
0.013024,-0.0561552,0.191491
-0.013024,0.0561552,-0.191491
-0.013024,0.0561552,-0.191491
0.013024,-0.0561552,0.191491
-0.013024,0.0561552,-0.191491
0.013024,-0.0561552,0.191491
