mx,my,mz
-0.156354,0.0515105,0.257515
0.156358,-0.0515108,-0.257512
-0.156359,0.051515,0.257511
0.156359,-0.0515118,-0.257512
0.15636,-0.0515089,-0.257512
-0.156355,0.0515175,0.257513
0.156361,-0.0515098,-0.257511
-0.156358,0.0515165,0.257511
-0.156359,0.051515,0.257511
0.156359,-0.0515118,-0.257512
-0.156354,0.0515105,0.257515
0.156358,-0.0515108,-0.257512
0.156361,-0.0515098,-0.257511
-0.156358,0.0515165,0.257511
0.15636,-0.0515089,-0.257512
-0.156355,0.0515175,0.257513
