mx,my,mz
0.159438,0.0927601,0.00123742
-0.159438,-0.09276,-0.00123743
0.159438,0.0927601,0.00123743
-0.159438,-0.0927601,-0.00123745
-0.159438,-0.0927601,-0.00123738
0.159438,0.09276,0.00123737
-0.159438,-0.09276,-0.00123736
0.159438,0.09276,0.00123739
0.159438,0.0927601,0.00123744
-0.159438,-0.0927601,-0.00123745
0.159438,0.0927601,0.00123742
-0.159438,-0.09276,-0.00123743
-0.159438,-0.09276,-0.00123736
0.159438,0.09276,0.00123739
-0.159438,-0.0927601,-0.00123738
0.159438,0.09276,0.00123738
