mx,my,mz
-0.166389,0.243678,0.0482785
0.166392,-0.243675,-0.0482824
-0.166389,0.243677,0.0482811
0.166392,-0.243675,-0.0482804
0.166393,-0.243675,-0.0482761
-0.16639,0.243678,0.0482751
0.166394,-0.243676,-0.0482741
-0.166389,0.243678,0.0482767
-0.166389,0.243677,0.0482811
0.166392,-0.243675,-0.0482804
-0.166389,0.243678,0.0482785
0.166392,-0.243675,-0.0482824
0.166394,-0.243676,-0.0482742
-0.166389,0.243678,0.0482767
0.166393,-0.243675,-0.0482762
-0.16639,0.243678,0.0482751
