mx,my,mz
-0.181023,0.226743,-0.095395
0.181026,-0.22674,0.0953949
-0.181024,0.226742,-0.0953937
0.181027,-0.22674,0.095394
0.181025,-0.22674,0.0953965
-0.181023,0.226742,-0.0953963
0.181024,-0.226741,0.0953976
-0.181021,0.226742,-0.0953983
-0.181024,0.226742,-0.0953937
0.181027,-0.22674,0.0953941
-0.181023,0.226743,-0.095395
0.181026,-0.22674,0.0953949
0.181024,-0.226741,0.0953976
-0.181021,0.226742,-0.0953982
0.181025,-0.22674,0.0953965
-0.181023,0.226742,-0.0953963
