mx,my,mz
0.0922829,-0.166391,0.125564
-0.0922826,0.166391,-0.125563
0.0922827,-0.166391,0.125564
-0.0922828,0.166391,-0.125564
-0.0922827,0.166391,-0.125563
0.0922829,-0.166391,0.125563
-0.0922827,0.166391,-0.125563
0.092283,-0.166391,0.125563
0.0922827,-0.166391,0.125564
-0.0922828,0.166391,-0.125564
0.0922829,-0.166391,0.125564
-0.0922826,0.166391,-0.125563
-0.0922827,0.166391,-0.125563
0.092283,-0.166391,0.125563
-0.0922828,0.166391,-0.125563
0.0922829,-0.166391,0.125563
