mx,my,mz
-0.219539,0.146897,0.026545
0.21954,-0.146897,-0.0265458
-0.219539,0.146897,0.0265464
0.21954,-0.146896,-0.0265452
0.219542,-0.146894,-0.0265422
-0.219539,0.146898,0.0265423
0.219541,-0.146895,-0.0265412
-0.219541,0.146896,0.0265398
-0.219539,0.146897,0.0265464
0.21954,-0.146896,-0.0265452
-0.21954,0.146897,0.0265451
0.21954,-0.146897,-0.0265458
0.219541,-0.146896,-0.0265412
-0.219541,0.146896,0.0265398
0.219542,-0.146894,-0.0265422
-0.219539,0.146898,0.0265423
