mx,my,mz
0.0918801,-0.165808,0.125146
-0.0918798,0.165808,-0.125146
0.0918798,-0.165808,0.125146
-0.09188,0.165808,-0.125146
-0.0918799,0.165808,-0.125146
0.0918801,-0.165808,0.125145
-0.0918799,0.165808,-0.125146
0.0918801,-0.165808,0.125146
0.0918798,-0.165808,0.125146
-0.09188,0.165808,-0.125146
0.0918801,-0.165808,0.125146
-0.0918798,0.165808,-0.125146
-0.0918799,0.165808,-0.125146
0.0918801,-0.165808,0.125146
-0.0918799,0.165808,-0.125146
0.0918801,-0.165808,0.125145
