mx,my,mz
0.213626,-0.206582,-0.0715164
-0.213623,0.206586,0.0715156
0.213626,-0.206582,-0.0715171
-0.213624,0.206584,0.071517
-0.213624,0.206584,0.0715189
0.213625,-0.206583,-0.0715179
-0.213621,0.206586,0.0715203
0.213625,-0.206582,-0.0715208
0.213626,-0.206582,-0.0715171
-0.213624,0.206584,0.0715169
0.213626,-0.206582,-0.0715163
-0.213623,0.206586,0.0715156
-0.213621,0.206586,0.0715204
0.213625,-0.206582,-0.0715208
-0.213624,0.206584,0.0715189
0.213625,-0.206583,-0.071518
