mx,my,mz
-0.249022,0.167712,0.0572937
0.249023,-0.16771,-0.0572945
-0.249021,0.167713,0.0572952
0.249024,-0.167709,-0.057296
0.249025,-0.16771,-0.0572903
-0.249022,0.167713,0.0572914
0.249024,-0.16771,-0.0572922
-0.249021,0.167714,0.0572934
-0.249021,0.167713,0.0572952
0.249024,-0.167709,-0.0572959
-0.249022,0.167712,0.0572936
0.249023,-0.16771,-0.0572945
0.249024,-0.16771,-0.0572921
-0.249021,0.167714,0.0572933
0.249025,-0.167709,-0.0572903
-0.249022,0.167713,0.0572914
