mx,my,mz
-0.115953,0.150174,0.0226161
0.115953,-0.150174,-0.0226161
-0.115953,0.150174,0.0226161
0.115953,-0.150174,-0.0226161
0.115953,-0.150174,-0.0226161
-0.115953,0.150174,0.022616
0.115953,-0.150174,-0.0226161
-0.115953,0.150174,0.0226161
-0.115953,0.150174,0.0226161
0.115953,-0.150174,-0.0226161
-0.115953,0.150174,0.0226161
0.115953,-0.150174,-0.0226161
0.115953,-0.150174,-0.0226161
-0.115953,0.150174,0.0226161
0.115953,-0.150174,-0.0226161
-0.115953,0.150174,0.022616
