mx,my,mz
-0.230663,0.143039,0.136141
0.230664,-0.143037,-0.136141
-0.230663,0.143038,0.136142
0.230665,-0.143036,-0.13614
0.230666,-0.143037,-0.136137
-0.230663,0.143041,0.136139
0.230666,-0.143036,-0.136139
-0.230664,0.143041,0.136136
-0.230663,0.143038,0.136142
0.230665,-0.143036,-0.13614
-0.230663,0.143039,0.136141
0.230664,-0.143037,-0.136141
0.230666,-0.143036,-0.136139
-0.230664,0.143041,0.136136
0.230666,-0.143037,-0.136137
-0.230663,0.143041,0.136139
