mx,my,mz
-0.127786,0.120426,0.24864
0.12779,-0.120421,-0.248641
-0.127785,0.120426,0.248641
0.127787,-0.120423,-0.248641
0.127795,-0.120422,-0.248638
-0.127788,0.120432,0.248636
0.127791,-0.120424,-0.248639
-0.127785,0.120429,0.24864
-0.127785,0.120426,0.248641
0.127787,-0.120424,-0.248641
-0.127786,0.120426,0.24864
0.12779,-0.120421,-0.248641
0.127791,-0.120424,-0.248639
-0.127785,0.120429,0.24864
0.127795,-0.120422,-0.248638
-0.127788,0.120432,0.248636
