mx,my,mz
0.118599,-0.224357,0.0844705
-0.118598,0.224357,-0.0844688
0.1186,-0.224356,0.0844696
-0.118599,0.224356,-0.0844704
-0.118597,0.224359,-0.0844669
0.118601,-0.224357,0.0844655
-0.118597,0.224358,-0.0844673
0.1186,-0.224357,0.0844676
0.1186,-0.224356,0.0844697
-0.118599,0.224356,-0.0844703
0.118599,-0.224356,0.0844705
-0.118599,0.224357,-0.0844689
-0.118597,0.224358,-0.0844674
0.1186,-0.224357,0.0844676
-0.118597,0.224359,-0.0844669
0.118601,-0.224357,0.0844656
