mx,my,mz
0.158961,-0.174066,0.058888
-0.15896,0.174067,-0.0588885
0.158961,-0.174066,0.0588881
-0.158961,0.174066,-0.0588887
-0.158961,0.174068,-0.0588862
0.158962,-0.174067,0.0588858
-0.158961,0.174068,-0.0588851
0.158962,-0.174066,0.0588868
0.158961,-0.174066,0.0588882
-0.158961,0.174066,-0.0588887
0.158962,-0.174066,0.058888
-0.15896,0.174067,-0.0588886
-0.158961,0.174068,-0.0588852
0.158962,-0.174066,0.0588868
-0.158961,0.174068,-0.0588862
0.158962,-0.174067,0.0588859
