mx,my,mz
-0.0307473,0.116672,-0.277553
0.0307599,-0.116664,0.277555
-0.0307471,0.116671,-0.277553
0.0307599,-0.116664,0.277555
0.0307513,-0.116667,0.277554
-0.0307501,0.116669,-0.277554
0.0307503,-0.116661,0.277557
-0.0307492,0.116668,-0.277554
-0.0307471,0.116671,-0.277553
0.0307598,-0.116664,0.277555
-0.0307471,0.116672,-0.277553
0.0307598,-0.116664,0.277554
0.0307504,-0.116661,0.277557
-0.0307492,0.116668,-0.277554
0.0307511,-0.116667,0.277554
-0.0307501,0.116669,-0.277554
