mx,my,mz
0.0910679,-0.164627,0.124298
-0.0910677,0.164627,-0.124298
0.0910677,-0.164627,0.124298
-0.0910678,0.164627,-0.124298
-0.0910677,0.164627,-0.124298
0.0910679,-0.164627,0.124297
-0.0910677,0.164627,-0.124298
0.0910679,-0.164627,0.124298
0.0910677,-0.164627,0.124298
-0.0910678,0.164627,-0.124298
0.0910679,-0.164627,0.124298
-0.0910677,0.164627,-0.124298
-0.0910677,0.164627,-0.124298
0.0910679,-0.164627,0.124298
-0.0910678,0.164627,-0.124298
0.0910679,-0.164627,0.124297
