mx,my,mz
0.0965803,-0.123535,0.175072
-0.0965802,0.123535,-0.175072
0.0965801,-0.123535,0.175072
-0.0965801,0.123535,-0.175072
-0.0965801,0.123536,-0.175071
0.0965809,-0.123535,0.175071
-0.0965803,0.123536,-0.175071
0.0965808,-0.123535,0.175071
0.0965802,-0.123535,0.175072
-0.0965801,0.123535,-0.175072
0.0965803,-0.123535,0.175072
-0.0965802,0.123535,-0.175072
-0.0965804,0.123536,-0.175071
0.0965808,-0.123535,0.175071
-0.09658,0.123536,-0.175071
0.0965809,-0.123535,0.175071
