mx,my,mz
0.25402,-0.144001,-0.0479993
-0.254019,0.144002,0.0480002
0.25402,-0.144,-0.0480012
-0.254018,0.144004,0.048
-0.254018,0.144003,0.048005
0.254021,-0.143999,-0.048004
-0.254019,0.144002,0.0480039
0.254021,-0.143998,-0.0480043
0.25402,-0.144,-0.0480011
-0.254018,0.144004,0.048
0.25402,-0.144001,-0.0479993
-0.254019,0.144002,0.0480001
-0.254019,0.144002,0.0480039
0.25402,-0.143999,-0.0480043
-0.254018,0.144003,0.048005
0.254021,-0.143999,-0.0480039
