mx,my,mz
0.199593,-0.0776274,0.188319
-0.199593,0.0776296,-0.188317
0.199593,-0.0776266,0.188318
-0.199591,0.0776278,-0.188321
-0.199592,0.0776301,-0.188318
0.199595,-0.0776259,0.188316
-0.199593,0.0776305,-0.188317
0.199595,-0.0776283,0.188316
0.199593,-0.0776266,0.188318
-0.199591,0.0776276,-0.188321
0.199593,-0.0776272,0.188319
-0.199593,0.0776296,-0.188317
-0.199593,0.0776306,-0.188317
0.199595,-0.0776282,0.188316
-0.199592,0.0776299,-0.188318
0.199595,-0.077626,0.188316
