mx,my,mz
-0.194957,0.22654,-0.0280015
0.19496,-0.226538,0.0280018
-0.194958,0.226539,-0.0280013
0.194959,-0.226539,0.0279979
0.19496,-0.226537,0.0280064
-0.194957,0.226539,-0.0280042
0.194961,-0.226536,0.0280056
-0.194959,0.226538,-0.0280059
-0.194958,0.226539,-0.0280012
0.194959,-0.226539,0.0279979
-0.194957,0.22654,-0.0280014
0.19496,-0.226538,0.0280017
0.194961,-0.226536,0.0280056
-0.194959,0.226538,-0.028006
0.19496,-0.226537,0.0280065
-0.194957,0.226539,-0.0280041
