mx,my,mz
0.206771,-0.21649,0.0152105
-0.20677,0.216492,-0.0152118
0.206771,-0.216491,0.0152111
-0.206768,0.216493,-0.0152113
-0.206768,0.216494,-0.0152068
0.206772,-0.216491,0.0152068
-0.206767,0.216495,-0.0152061
0.206772,-0.21649,0.0152068
0.206771,-0.216491,0.0152111
-0.206768,0.216493,-0.0152114
0.206771,-0.216491,0.0152105
-0.20677,0.216492,-0.0152118
-0.206767,0.216495,-0.015206
0.206772,-0.21649,0.0152068
-0.206768,0.216494,-0.0152067
0.206772,-0.216491,0.0152067
