mx,my,mz
-0.0403511,0.0237029,-0.301703
0.0403958,-0.0236927,0.301698
-0.0403793,0.0237207,-0.301698
0.0403957,-0.0236972,0.301698
0.0403823,-0.0236968,0.3017
-0.0403752,0.0237102,-0.3017
0.0403843,-0.0236966,0.3017
-0.040375,0.0237125,-0.3017
-0.0403794,0.0237208,-0.301698
0.0403954,-0.0236973,0.301698
-0.0403509,0.023703,-0.301704
0.040396,-0.0236927,0.301698
0.0403845,-0.0236964,0.3017
-0.0403748,0.0237124,-0.3017
0.0403823,-0.0236967,0.3017
-0.0403756,0.0237099,-0.3017
