mx,my,mz
-0.151386,0.260898,-0.046786
0.151389,-0.260896,0.0467869
-0.151386,0.260898,-0.0467873
0.151387,-0.260898,0.0467843
0.151389,-0.260895,0.0467898
-0.151386,0.260897,-0.0467898
0.151389,-0.260895,0.0467915
-0.151386,0.260898,-0.0467894
-0.151386,0.260897,-0.0467874
0.151387,-0.260898,0.0467843
-0.151386,0.260898,-0.0467861
0.151389,-0.260896,0.046787
0.151389,-0.260895,0.0467915
-0.151386,0.260898,-0.0467894
0.151389,-0.260895,0.0467898
-0.151386,0.260897,-0.0467898
