mx,my,mz
0.0914751,-0.16522,0.124724
-0.0914748,0.16522,-0.124724
0.0914749,-0.16522,0.124724
-0.091475,0.16522,-0.124724
-0.0914749,0.16522,-0.124724
0.091475,-0.16522,0.124723
-0.0914749,0.16522,-0.124724
0.0914751,-0.16522,0.124724
0.0914748,-0.16522,0.124724
-0.091475,0.16522,-0.124724
0.0914751,-0.16522,0.124724
-0.0914748,0.16522,-0.124724
-0.0914749,0.16522,-0.124724
0.0914751,-0.16522,0.124724
-0.0914749,0.16522,-0.124724
0.091475,-0.16522,0.124723
