mx,my,mz
0.158076,-0.247991,0.0828772
-0.158072,0.247994,-0.0828759
0.158077,-0.247991,0.0828766
-0.158072,0.247994,-0.082877
-0.158074,0.247994,-0.0828725
0.158078,-0.247991,0.082872
-0.158071,0.247995,-0.0828734
0.158078,-0.247991,0.0828747
0.158077,-0.247991,0.0828766
-0.158072,0.247994,-0.082877
0.158076,-0.247991,0.0828772
-0.158072,0.247994,-0.0828759
-0.158071,0.247995,-0.0828734
0.158078,-0.247991,0.0828747
-0.158074,0.247994,-0.0828726
0.158078,-0.247991,0.082872
