mx,my,mz
0.0630573,-0.194667,0.0325249
-0.0630573,0.194667,-0.0325249
0.0630573,-0.194667,0.0325249
-0.0630573,0.194667,-0.0325249
-0.0630572,0.194667,-0.0325248
0.0630573,-0.194667,0.0325248
-0.0630573,0.194667,-0.0325248
0.0630573,-0.194667,0.0325248
0.0630573,-0.194667,0.0325249
-0.0630573,0.194667,-0.0325249
0.0630573,-0.194667,0.0325249
-0.0630573,0.194667,-0.0325249
-0.0630573,0.194667,-0.0325248
0.0630573,-0.194667,0.0325248
-0.0630572,0.194667,-0.0325248
0.0630573,-0.194667,0.0325248
