mx,my,mz
0.17727,-0.0578936,0.135271
-0.17727,0.0578934,-0.135271
0.17727,-0.0578935,0.135271
-0.17727,0.0578934,-0.135271
-0.17727,0.0578937,-0.135271
0.177271,-0.0578934,0.135271
-0.177271,0.0578937,-0.135271
0.177271,-0.0578933,0.135271
0.17727,-0.0578935,0.135271
-0.17727,0.0578934,-0.135271
0.17727,-0.0578936,0.135271
-0.17727,0.0578934,-0.135271
-0.177271,0.0578937,-0.135271
0.177271,-0.0578933,0.135271
-0.17727,0.0578937,-0.135271
0.177271,-0.0578934,0.135271
