mx,my,mz
0.157859,-0.247921,0.0835897
-0.157854,0.247924,-0.0835882
0.157859,-0.247921,0.0835891
-0.157855,0.247924,-0.0835895
-0.157856,0.247924,-0.0835846
0.157861,-0.247921,0.083584
-0.157854,0.247926,-0.0835855
0.157861,-0.247921,0.0835869
0.157859,-0.247921,0.083589
-0.157855,0.247924,-0.0835894
0.157859,-0.247921,0.0835897
-0.157854,0.247924,-0.0835882
-0.157854,0.247926,-0.0835855
0.157861,-0.247921,0.0835869
-0.157856,0.247924,-0.0835846
0.157861,-0.247921,0.083584
