mx,my,mz
0.174724,-0.228397,-0.0300498
-0.174721,0.228399,0.0300493
0.174724,-0.228397,-0.0300496
-0.174721,0.228399,0.0300507
-0.174722,0.228398,0.0300535
0.174725,-0.228396,-0.0300554
-0.174721,0.228398,0.0300556
0.174724,-0.228396,-0.0300546
0.174724,-0.228397,-0.0300496
-0.174721,0.228399,0.0300506
0.174724,-0.228397,-0.0300498
-0.174721,0.228399,0.0300493
-0.174721,0.228398,0.0300556
0.174724,-0.228396,-0.0300546
-0.174722,0.228398,0.0300535
0.174725,-0.228396,-0.0300554
