mx,my,mz
0.199234,-0.176546,-0.0728565
-0.199233,0.176547,0.0728566
0.199235,-0.176544,-0.0728574
-0.199232,0.176548,0.0728574
-0.199231,0.176547,0.0728612
0.199234,-0.176544,-0.0728604
-0.199232,0.176547,0.0728605
0.199233,-0.176545,-0.0728619
0.199235,-0.176544,-0.0728574
-0.199232,0.176548,0.0728573
0.199234,-0.176546,-0.0728565
-0.199233,0.176547,0.0728566
-0.199232,0.176546,0.0728605
0.199233,-0.176545,-0.0728619
-0.199231,0.176547,0.0728611
0.199234,-0.176544,-0.0728604
