mx,my,mz
0.211903,-0.189221,0.00752414
-0.2119,0.189223,-0.00752387
0.211903,-0.18922,0.00752608
-0.2119,0.189224,-0.00752507
-0.211901,0.189223,-0.00751886
0.211902,-0.189222,0.00752109
-0.2119,0.189224,-0.0075213
0.211903,-0.18922,0.00751903
0.211903,-0.18922,0.00752609
-0.2119,0.189224,-0.00752505
0.211903,-0.189221,0.00752414
-0.2119,0.189223,-0.00752389
-0.2119,0.189224,-0.00752126
0.211903,-0.18922,0.00751897
-0.211901,0.189223,-0.00751882
0.211902,-0.189222,0.00752107
