mx,my,mz
-0.191688,-0.0408017,0.17681
0.19169,0.0408023,-0.176807
-0.191686,-0.0408013,0.176811
0.191689,0.0408041,-0.176808
0.191691,0.0408015,-0.176806
-0.19169,-0.0408027,0.176807
0.191689,0.0408064,-0.176807
-0.191692,-0.0407979,0.176806
-0.191686,-0.0408013,0.176811
0.191689,0.0408041,-0.176808
-0.191688,-0.0408017,0.17681
0.19169,0.0408023,-0.176807
0.191689,0.0408063,-0.176807
-0.191692,-0.0407977,0.176806
0.191691,0.0408013,-0.176806
-0.19169,-0.0408026,0.176807
