mx,my,mz
-0.145554,0.143173,-0.142462
0.145556,-0.143171,0.142462
-0.145553,0.143174,-0.142462
0.145556,-0.143169,0.142463
0.145555,-0.14317,0.142464
-0.145554,0.14317,-0.142465
0.145554,-0.143171,0.142465
-0.145553,0.143171,-0.142465
-0.145553,0.143174,-0.142462
0.145556,-0.143169,0.142463
-0.145554,0.143173,-0.142462
0.145556,-0.143171,0.142462
0.145553,-0.143171,0.142465
-0.145553,0.143171,-0.142465
0.145555,-0.14317,0.142464
-0.145554,0.14317,-0.142465
