mx,my,mz
0.194857,-0.205795,0.0613223
-0.194855,0.205797,-0.0613219
0.194856,-0.205797,0.06132
-0.194855,0.205798,-0.0613202
-0.194855,0.205798,-0.0613165
0.194858,-0.205796,0.0613172
-0.194855,0.205799,-0.0613171
0.194858,-0.205796,0.0613169
0.194856,-0.205797,0.06132
-0.194855,0.205798,-0.0613202
0.194857,-0.205795,0.0613223
-0.194855,0.205797,-0.0613219
-0.194855,0.205799,-0.0613171
0.194858,-0.205796,0.0613169
-0.194855,0.205798,-0.0613165
0.194858,-0.205796,0.0613172
