mx,my,mz
0.144752,-0.215445,-0.160443
-0.144746,0.215448,0.160444
0.144752,-0.215444,-0.160444
-0.144747,0.215448,0.160443
-0.144746,0.215445,0.160448
0.14475,-0.215444,-0.160446
-0.144747,0.215446,0.160446
0.144749,-0.215444,-0.160447
0.144752,-0.215444,-0.160444
-0.144747,0.215449,0.160443
0.144752,-0.215445,-0.160443
-0.144746,0.215448,0.160444
-0.144747,0.215446,0.160446
0.144749,-0.215444,-0.160447
-0.144746,0.215445,0.160448
0.14475,-0.215444,-0.160446
