mx,my,mz
-0.211603,0.0493716,0.14516
0.211604,-0.0493715,-0.145159
-0.211602,0.0493719,0.145161
0.211603,-0.0493713,-0.14516
0.211605,-0.0493705,-0.145158
-0.211604,0.0493728,0.145159
0.211605,-0.0493691,-0.145158
-0.211606,0.0493735,0.145156
-0.211602,0.0493718,0.145161
0.211603,-0.0493712,-0.14516
-0.211603,0.0493715,0.14516
0.211604,-0.0493714,-0.145159
0.211605,-0.0493692,-0.145158
-0.211606,0.0493735,0.145156
0.211605,-0.0493704,-0.145158
-0.211604,0.0493728,0.145159
