mx,my,mz
-0.135758,0.19524,0.180701
0.135761,-0.195238,-0.1807
-0.135758,0.19524,0.1807
0.135759,-0.195238,-0.180702
0.135763,-0.195238,-0.180699
-0.135757,0.195242,0.180698
0.135764,-0.195239,-0.180697
-0.135759,0.195243,0.180696
-0.135758,0.195241,0.1807
0.13576,-0.195238,-0.180702
-0.135759,0.195239,0.180701
0.135761,-0.195238,-0.1807
0.135764,-0.195239,-0.180697
-0.135759,0.195243,0.180696
0.135763,-0.195238,-0.180699
-0.135757,0.195242,0.180698
