mx,my,mz
0.0442133,-0.0349695,-0.116883
-0.0442133,0.0349695,0.116883
0.0442133,-0.0349695,-0.116883
-0.0442132,0.0349695,0.116883
-0.0442133,0.0349695,0.116883
0.0442133,-0.0349695,-0.116883
-0.0442133,0.0349695,0.116883
0.0442133,-0.0349695,-0.116883
0.0442133,-0.0349695,-0.116883
-0.0442132,0.0349695,0.116883
0.0442133,-0.0349695,-0.116883
-0.0442133,0.0349695,0.116883
-0.0442133,0.0349695,0.116883
0.0442133,-0.0349695,-0.116883
-0.0442133,0.0349695,0.116883
0.0442133,-0.0349695,-0.116883
