mx,my,mz
0.0344111,0.122607,-0.277864
-0.0344023,-0.122598,0.277869
0.0344107,0.122604,-0.277866
-0.0343969,-0.122606,0.277866
-0.0344096,-0.122596,0.277869
0.0344083,0.122603,-0.277866
-0.0344074,-0.122598,0.277869
0.0344069,0.122603,-0.277867
0.0344106,0.122604,-0.277866
-0.0343969,-0.122606,0.277866
0.034411,0.122607,-0.277864
-0.0344022,-0.122598,0.277869
-0.0344074,-0.122598,0.277869
0.0344068,0.122603,-0.277867
-0.0344096,-0.122596,0.277869
0.0344083,0.122603,-0.277866
