mx,my,mz
0.0288196,-0.0951722,0.114193
-0.0288196,0.0951722,-0.114193
0.0288196,-0.0951722,0.114193
-0.0288196,0.0951722,-0.114193
-0.0288196,0.0951722,-0.114193
0.0288196,-0.0951722,0.114193
-0.0288196,0.0951722,-0.114193
0.0288196,-0.0951722,0.114193
0.0288196,-0.0951722,0.114193
-0.0288196,0.0951722,-0.114193
0.0288196,-0.0951722,0.114193
-0.0288196,0.0951722,-0.114193
-0.0288196,0.0951722,-0.114193
0.0288196,-0.0951722,0.114193
-0.0288196,0.0951722,-0.114193
0.0288196,-0.0951722,0.114193
