mx,my,mz
0.226339,-0.190759,0.0762123
-0.226338,0.190761,-0.076213
0.22634,-0.190758,0.0762112
-0.226337,0.190761,-0.0762136
-0.226339,0.190761,-0.0762088
0.22634,-0.19076,0.0762086
-0.226338,0.190763,-0.0762084
0.22634,-0.190759,0.0762096
0.22634,-0.190758,0.0762112
-0.226337,0.190761,-0.0762136
0.226339,-0.190759,0.0762123
-0.226337,0.190761,-0.076213
-0.226338,0.190763,-0.0762084
0.22634,-0.190759,0.0762096
-0.226339,0.190761,-0.0762088
0.22634,-0.19076,0.0762086
