mx,my,mz
0.211224,-0.188966,0.00748675
-0.211222,0.188969,-0.00748648
0.211225,-0.188966,0.00748867
-0.211222,0.188969,-0.00748768
-0.211223,0.188968,-0.00748148
0.211224,-0.188967,0.0074837
-0.211222,0.188969,-0.00748392
0.211225,-0.188966,0.00748165
0.211225,-0.188966,0.00748868
-0.211222,0.188969,-0.00748766
0.211224,-0.188966,0.00748675
-0.211222,0.188968,-0.0074865
-0.211222,0.188969,-0.00748388
0.211225,-0.188966,0.00748159
-0.211223,0.188968,-0.00748144
0.211224,-0.188967,0.00748368
