mx,my,mz
-0.171036,-0.0490173,-0.23514
0.171037,0.0490212,0.235139
-0.17104,-0.0490148,-0.235138
0.171037,0.0490211,0.235139
0.171036,0.0490209,0.23514
-0.171032,-0.0490182,-0.235143
0.171036,0.0490202,0.23514
-0.171033,-0.04902,-0.235142
-0.17104,-0.0490148,-0.235138
0.171037,0.049021,0.235139
-0.171036,-0.0490173,-0.235141
0.171037,0.0490212,0.235139
0.171036,0.0490202,0.23514
-0.171033,-0.0490199,-0.235142
0.171036,0.049021,0.23514
-0.171032,-0.0490183,-0.235143
