mx,my,mz
-0.155157,0.261808,0.0284553
0.155159,-0.261806,-0.0284575
-0.155158,0.261808,0.0284546
0.15516,-0.261806,-0.0284551
0.155161,-0.261806,-0.0284522
-0.155159,0.261807,0.0284521
0.155161,-0.261806,-0.0284513
-0.155158,0.261807,0.0284533
-0.155158,0.261808,0.0284546
0.15516,-0.261806,-0.0284552
-0.155157,0.261808,0.0284553
0.155159,-0.261806,-0.0284575
0.155161,-0.261806,-0.0284513
-0.155158,0.261807,0.0284533
0.155161,-0.261806,-0.0284522
-0.155159,0.261807,0.0284521
