mx,my,mz
0.199561,-0.0771435,0.188056
-0.199562,0.0771457,-0.188055
0.199562,-0.0771427,0.188056
-0.199559,0.0771439,-0.188058
-0.199561,0.0771462,-0.188056
0.199564,-0.077142,0.188054
-0.199562,0.0771466,-0.188054
0.199563,-0.0771445,0.188054
0.199562,-0.0771427,0.188056
-0.199559,0.0771438,-0.188058
0.199562,-0.0771433,0.188056
-0.199562,0.0771457,-0.188055
-0.199562,0.0771467,-0.188054
0.199563,-0.0771444,0.188054
-0.199561,0.0771461,-0.188056
0.199564,-0.0771421,0.188054
