mx,my,mz
0.0977077,-0.123257,-0.0113434
-0.0977077,0.123257,0.0113434
0.0977077,-0.123257,-0.0113434
-0.0977077,0.123257,0.0113434
-0.0977077,0.123257,0.0113434
0.0977077,-0.123257,-0.0113434
-0.0977077,0.123257,0.0113434
0.0977077,-0.123257,-0.0113434
0.0977077,-0.123257,-0.0113434
-0.0977077,0.123257,0.0113434
0.0977077,-0.123257,-0.0113434
-0.0977077,0.123257,0.0113434
-0.0977077,0.123257,0.0113434
0.0977077,-0.123257,-0.0113434
-0.0977077,0.123257,0.0113434
0.0977077,-0.123257,-0.0113434
