mx,my,mz
0.213626,-0.206581,-0.0715192
-0.213622,0.206585,0.0715184
0.213625,-0.206582,-0.0715199
-0.213623,0.206584,0.0715198
-0.213623,0.206583,0.0715217
0.213624,-0.206582,-0.0715208
-0.213621,0.206585,0.0715231
0.213624,-0.206581,-0.0715236
0.213625,-0.206582,-0.0715199
-0.213623,0.206584,0.0715198
0.213626,-0.206581,-0.0715191
-0.213622,0.206585,0.0715184
-0.213621,0.206585,0.0715232
0.213625,-0.206581,-0.0715237
-0.213623,0.206583,0.0715217
0.213625,-0.206582,-0.0715208
