mx,my,mz
-0.026939,0.0128955,-0.303122
0.0269988,-0.0128197,0.30312
-0.0269665,0.0129255,-0.303118
0.0270194,-0.0128435,0.303117
0.0270023,-0.0128615,0.303118
-0.0269713,0.0128939,-0.303119
0.0269893,-0.0128711,0.303118
-0.0269636,0.012885,-0.30312
-0.0269674,0.0129247,-0.303118
0.0270195,-0.0128437,0.303117
-0.0269388,0.0128969,-0.303122
0.0269994,-0.01282,0.30312
0.0269894,-0.012871,0.303118
-0.026963,0.0128858,-0.30312
0.0270014,-0.0128635,0.303118
-0.0269712,0.012895,-0.303119
