mx,my,mz
-0.236458,0.189919,-0.0379082
0.236461,-0.189915,0.037908
-0.236458,0.189919,-0.0379099
0.23646,-0.189917,0.0379091
0.236459,-0.189917,0.0379117
-0.236458,0.189919,-0.0379126
0.236461,-0.189915,0.0379125
-0.236458,0.189918,-0.0379136
-0.236458,0.189919,-0.0379099
0.23646,-0.189917,0.0379091
-0.236458,0.189919,-0.0379082
0.236461,-0.189915,0.037908
0.236461,-0.189915,0.0379125
-0.236458,0.189918,-0.0379136
0.236459,-0.189917,0.0379117
-0.236458,0.189919,-0.0379126
