mx,my,mz
0.0121427,-0.0193755,-0.1651
-0.0121427,0.0193755,0.1651
0.0121427,-0.0193755,-0.1651
-0.0121427,0.0193755,0.1651
-0.0121427,0.0193755,0.1651
0.0121427,-0.0193755,-0.1651
-0.0121427,0.0193755,0.1651
0.0121427,-0.0193755,-0.1651
0.0121427,-0.0193755,-0.1651
-0.0121427,0.0193755,0.1651
0.0121427,-0.0193755,-0.1651
-0.0121427,0.0193755,0.1651
-0.0121427,0.0193755,0.1651
0.0121427,-0.0193755,-0.1651
-0.0121427,0.0193755,0.1651
0.0121427,-0.0193755,-0.1651
