mx,my,mz
-0.133691,0.0894839,0.2392
0.133693,-0.0894765,-0.239202
-0.133692,0.0894793,0.239202
0.133696,-0.0894808,-0.239199
0.133696,-0.0894789,-0.239199
-0.133691,0.0894821,0.239201
0.133697,-0.0894783,-0.239199
-0.133696,0.0894854,0.239197
-0.133692,0.0894794,0.239202
0.133696,-0.0894808,-0.239199
-0.133691,0.0894839,0.2392
0.133693,-0.0894766,-0.239202
0.133697,-0.0894782,-0.239199
-0.133696,0.0894852,0.239197
0.133696,-0.0894786,-0.2392
-0.133691,0.0894819,0.239201
