mx,my,mz
-0.192829,0.146743,-0.06243
0.192831,-0.146742,0.06243
-0.192828,0.146745,-0.0624301
0.19283,-0.146742,0.0624311
0.192829,-0.146743,0.0624334
-0.192828,0.146743,-0.062435
0.192829,-0.146743,0.0624343
-0.192827,0.146744,-0.0624343
-0.192828,0.146745,-0.06243
0.192831,-0.146741,0.062431
-0.19283,0.146743,-0.06243
0.192831,-0.146742,0.06243
0.192829,-0.146742,0.0624341
-0.192827,0.146744,-0.062434
0.192829,-0.146742,0.0624333
-0.192828,0.146743,-0.0624349
