mx,my,mz
0.0469308,-0.0409358,-0.267586
-0.0469137,0.0409487,0.267587
0.0469205,-0.0409247,-0.267589
-0.0469161,0.040949,0.267586
-0.046906,0.0409318,0.267591
0.046917,-0.0409342,-0.267588
-0.0469181,0.0409464,0.267586
0.0469276,-0.0409367,-0.267586
0.0469206,-0.0409248,-0.267589
-0.0469163,0.040949,0.267586
0.0469309,-0.0409357,-0.267586
-0.0469137,0.0409487,0.267587
-0.0469182,0.0409464,0.267586
0.0469277,-0.0409365,-0.267586
-0.0469061,0.0409316,0.267591
0.046917,-0.0409341,-0.267588
