mx,my,mz
-0.15068,-0.146887,-0.076193
0.15068,0.146887,0.076193
-0.15068,-0.146887,-0.076193
0.15068,0.146887,0.076193
0.15068,0.146887,0.076193
-0.15068,-0.146887,-0.0761931
0.15068,0.146887,0.0761931
-0.15068,-0.146887,-0.0761931
-0.15068,-0.146887,-0.076193
0.15068,0.146887,0.076193
-0.15068,-0.146887,-0.076193
0.15068,0.146887,0.076193
0.15068,0.146887,0.0761931
-0.15068,-0.146887,-0.0761931
0.15068,0.146887,0.076193
-0.15068,-0.146887,-0.0761931
