mx,my,mz
0.115009,-0.0743467,0.0606196
-0.115009,0.0743467,-0.0606196
0.115009,-0.0743467,0.0606196
-0.115009,0.0743466,-0.0606196
-0.115009,0.0743467,-0.0606196
0.115009,-0.0743467,0.0606196
-0.115009,0.0743467,-0.0606196
0.115009,-0.0743467,0.0606196
0.115009,-0.0743467,0.0606196
-0.115009,0.0743466,-0.0606196
0.115009,-0.0743467,0.0606196
-0.115009,0.0743467,-0.0606196
-0.115009,0.0743467,-0.0606196
0.115009,-0.0743467,0.0606196
-0.115009,0.0743467,-0.0606196
0.115009,-0.0743467,0.0606196
