mx,my,mz
-0.211707,0.0502141,0.145686
0.211708,-0.050214,-0.145684
-0.211706,0.0502144,0.145686
0.211707,-0.0502138,-0.145686
0.211709,-0.050213,-0.145683
-0.211707,0.0502154,0.145684
0.211709,-0.0502117,-0.145683
-0.21171,0.050216,0.145681
-0.211706,0.0502144,0.145686
0.211707,-0.0502138,-0.145686
-0.211707,0.0502141,0.145686
0.211708,-0.0502139,-0.145684
0.211709,-0.0502117,-0.145683
-0.21171,0.0502161,0.145681
0.211709,-0.0502129,-0.145683
-0.211707,0.0502153,0.145684
