mx,my,mz
-0.0714669,0.131881,-0.252295
0.0714689,-0.131877,0.252297
-0.0714624,0.13188,-0.252297
0.0714706,-0.131876,0.252297
0.0714634,-0.131873,0.2523
-0.0714618,0.131876,-0.2523
0.0714665,-0.131874,0.252299
-0.071461,0.131877,-0.252299
-0.0714625,0.13188,-0.252297
0.0714706,-0.131876,0.252297
-0.0714669,0.131881,-0.252295
0.0714689,-0.131877,0.252297
0.0714665,-0.131874,0.252299
-0.071461,0.131877,-0.252299
0.0714634,-0.131873,0.2523
-0.0714618,0.131876,-0.2523
