mx,my,mz
0.211565,-0.189094,0.00750559
-0.211563,0.189097,-0.00750532
0.211565,-0.189094,0.00750752
-0.211562,0.189097,-0.00750652
-0.211563,0.189096,-0.00750031
0.211564,-0.189096,0.00750254
-0.211562,0.189097,-0.00750275
0.211566,-0.189094,0.00750049
0.211565,-0.189094,0.00750753
-0.211562,0.189098,-0.0075065
0.211565,-0.189094,0.00750559
-0.211563,0.189097,-0.00750534
-0.211562,0.189097,-0.00750272
0.211566,-0.189094,0.00750043
-0.211563,0.189096,-0.00750027
0.211564,-0.189095,0.00750252
