mx,my,mz
0.215011,-0.20729,-0.0650205
-0.215008,0.207294,0.0650202
0.215009,-0.207292,-0.0650207
-0.215007,0.207294,0.0650219
-0.215007,0.207293,0.0650253
0.215009,-0.207291,-0.0650244
-0.215007,0.207293,0.0650239
0.21501,-0.20729,-0.0650257
0.215009,-0.207292,-0.0650208
-0.215007,0.207294,0.0650219
0.215011,-0.20729,-0.0650205
-0.215008,0.207294,0.0650203
-0.215007,0.207293,0.065024
0.21501,-0.20729,-0.0650257
-0.215007,0.207293,0.0650253
0.215009,-0.207291,-0.0650244
