mx,my,mz
-0.133751,0.0896103,0.23947
0.133753,-0.0896021,-0.239472
-0.133752,0.0896052,0.239472
0.133756,-0.0896068,-0.239469
0.133756,-0.0896047,-0.23947
-0.133751,0.0896083,0.239471
0.133758,-0.0896041,-0.239469
-0.133756,0.089612,0.239467
-0.133752,0.0896053,0.239472
0.133756,-0.0896069,-0.239469
-0.133751,0.0896103,0.23947
0.133753,-0.0896022,-0.239472
0.133758,-0.0896039,-0.239469
-0.133756,0.0896117,0.239467
0.133756,-0.0896044,-0.23947
-0.13375,0.0896081,0.239472
