mx,my,mz
-0.131018,0.176134,-0.171219
0.131022,-0.176132,0.171217
-0.131019,0.176134,-0.171218
0.131023,-0.176132,0.171218
0.131018,-0.176131,0.171222
-0.13102,0.176132,-0.171219
0.13102,-0.17613,0.171221
-0.131019,0.176132,-0.17122
-0.131019,0.176134,-0.171218
0.131023,-0.176132,0.171218
-0.131018,0.176134,-0.171219
0.131022,-0.176132,0.171217
0.13102,-0.17613,0.171221
-0.131019,0.176132,-0.17122
0.131018,-0.176131,0.171222
-0.13102,0.176132,-0.171219
