mx,my,mz
-0.15039,0.128043,-0.00990808
0.15039,-0.128043,0.00990818
-0.15039,0.128043,-0.00990823
0.15039,-0.128042,0.00990836
0.15039,-0.128043,0.00990897
-0.15039,0.128043,-0.00990892
0.15039,-0.128042,0.0099088
-0.15039,0.128043,-0.00990912
-0.15039,0.128043,-0.0099082
0.15039,-0.128043,0.00990835
-0.15039,0.128043,-0.00990807
0.15039,-0.128043,0.00990815
0.15039,-0.128043,0.00990878
-0.15039,0.128043,-0.00990911
0.15039,-0.128043,0.00990897
-0.15039,0.128043,-0.00990889
