mx,my,mz
0.213625,-0.206581,-0.0715208
-0.213622,0.206585,0.07152
0.213625,-0.206581,-0.0715215
-0.213623,0.206583,0.0715214
-0.213623,0.206583,0.0715233
0.213624,-0.206582,-0.0715224
-0.21362,0.206585,0.0715248
0.213624,-0.206581,-0.0715253
0.213625,-0.206581,-0.0715216
-0.213623,0.206583,0.0715214
0.213626,-0.206581,-0.0715208
-0.213622,0.206585,0.07152
-0.21362,0.206585,0.0715248
0.213624,-0.206581,-0.0715253
-0.213623,0.206583,0.0715233
0.213624,-0.206582,-0.0715224
