mx,my,mz
-0.115179,0.149302,0.0225632
0.115179,-0.149302,-0.0225632
-0.115179,0.149302,0.0225632
0.115179,-0.149302,-0.0225632
0.115179,-0.149302,-0.0225632
-0.115179,0.149302,0.0225632
0.115179,-0.149302,-0.0225632
-0.115179,0.149302,0.0225632
-0.115179,0.149302,0.0225632
0.115179,-0.149302,-0.0225632
-0.115179,0.149302,0.0225632
0.115179,-0.149302,-0.0225632
0.115179,-0.149302,-0.0225632
-0.115179,0.149302,0.0225632
0.115179,-0.149302,-0.0225632
-0.115179,0.149302,0.0225632
