mx,my,mz
0.173695,-0.222792,-0.0492603
-0.173692,0.222795,0.04926
0.173695,-0.222792,-0.0492604
-0.173693,0.222794,0.0492606
-0.173692,0.222793,0.0492645
0.173695,-0.222792,-0.0492625
-0.173691,0.222794,0.0492644
0.173694,-0.222791,-0.0492679
0.173695,-0.222792,-0.0492604
-0.173693,0.222794,0.0492606
0.173695,-0.222792,-0.0492602
-0.173692,0.222795,0.04926
-0.173692,0.222794,0.0492644
0.173694,-0.222791,-0.0492679
-0.173692,0.222793,0.0492644
0.173695,-0.222792,-0.0492625
