mx,my,mz
0.174261,-0.223059,-0.049614
-0.174257,0.223062,0.0496138
0.174261,-0.223059,-0.0496141
-0.174259,0.22306,0.0496143
-0.174258,0.22306,0.0496182
0.17426,-0.223059,-0.0496162
-0.174257,0.223061,0.0496181
0.17426,-0.223058,-0.0496217
0.174261,-0.223059,-0.0496141
-0.174259,0.22306,0.0496143
0.174261,-0.223059,-0.049614
-0.174257,0.223062,0.0496138
-0.174257,0.223061,0.0496181
0.17426,-0.223058,-0.0496217
-0.174258,0.22306,0.0496182
0.17426,-0.223059,-0.0496162
