mx,my,mz
-0.0308725,0.116619,-0.277663
0.0308864,-0.116611,0.277665
-0.0308722,0.116619,-0.277663
0.0308864,-0.116611,0.277665
0.0308769,-0.116614,0.277665
-0.0308756,0.116616,-0.277664
0.0308759,-0.116608,0.277668
-0.0308746,0.116615,-0.277665
-0.0308723,0.116619,-0.277663
0.0308863,-0.116611,0.277665
-0.0308723,0.116619,-0.277663
0.0308863,-0.116611,0.277665
0.030876,-0.116608,0.277668
-0.0308745,0.116615,-0.277665
0.0308767,-0.116614,0.277665
-0.0308755,0.116616,-0.277664
