mx,my,mz
0.254033,-0.155494,0.0678616
-0.25403,0.155497,-0.0678667
0.254033,-0.155495,0.0678615
-0.25403,0.155499,-0.0678618
-0.254031,0.155499,-0.0678578
0.254033,-0.155495,0.0678593
-0.254032,0.155498,-0.0678573
0.254033,-0.155494,0.0678599
0.254033,-0.155495,0.0678615
-0.25403,0.155499,-0.0678618
0.254033,-0.155494,0.0678616
-0.25403,0.155497,-0.0678667
-0.254032,0.155498,-0.0678573
0.254033,-0.155494,0.0678599
-0.254031,0.155499,-0.0678578
0.254033,-0.155495,0.0678593
