mx,my,mz
0.226323,-0.190719,0.0763606
-0.226322,0.19072,-0.0763613
0.226324,-0.190718,0.0763595
-0.226322,0.19072,-0.0763619
-0.226323,0.19072,-0.0763571
0.226324,-0.190719,0.0763569
-0.226322,0.190722,-0.0763567
0.226324,-0.190718,0.0763579
0.226324,-0.190718,0.0763595
-0.226322,0.19072,-0.0763619
0.226323,-0.190719,0.0763606
-0.226322,0.19072,-0.0763613
-0.226322,0.190722,-0.0763567
0.226324,-0.190718,0.0763579
-0.226323,0.19072,-0.0763571
0.226324,-0.190719,0.0763569
