mx,my,mz
0.0143535,0.0578297,0.266432
-0.0143507,-0.0578246,-0.266433
0.0143477,0.0578307,0.266432
-0.0143467,-0.057831,-0.266432
-0.0143383,-0.0578293,-0.266433
0.0143475,0.0578402,0.26643
-0.0143368,-0.0578239,-0.266434
0.0143561,0.0578345,0.266431
0.0143471,0.0578315,0.266432
-0.0143462,-0.0578307,-0.266432
0.0143534,0.057829,0.266432
-0.0143505,-0.0578251,-0.266433
-0.0143368,-0.0578241,-0.266434
0.0143562,0.0578335,0.266431
-0.0143387,-0.057828,-0.266433
0.0143479,0.05784,0.26643
