mx,my,mz
0.192073,-0.0548327,-0.156767
-0.192073,0.0548361,0.156765
0.192074,-0.054834,-0.156765
-0.192072,0.0548358,0.156766
-0.192071,0.0548344,0.156769
0.192072,-0.0548331,-0.156767
-0.192071,0.0548331,0.156769
0.192072,-0.0548337,-0.156768
0.192074,-0.054834,-0.156765
-0.192072,0.0548358,0.156766
0.192073,-0.0548327,-0.156767
-0.192073,0.054836,0.156765
-0.192071,0.0548332,0.156769
0.192072,-0.0548338,-0.156768
-0.192071,0.0548344,0.156768
0.192072,-0.0548332,-0.156767
