mx,my,mz
0.149887,-0.0811456,0.0622515
-0.149887,0.0811456,-0.0622515
0.149887,-0.0811456,0.0622515
-0.149887,0.0811456,-0.0622515
-0.149887,0.0811456,-0.0622515
0.149887,-0.0811456,0.0622515
-0.149887,0.0811456,-0.0622515
0.149887,-0.0811456,0.0622515
0.149887,-0.0811456,0.0622515
-0.149887,0.0811456,-0.0622515
0.149887,-0.0811456,0.0622515
-0.149887,0.0811456,-0.0622515
-0.149887,0.0811456,-0.0622515
0.149887,-0.0811456,0.0622515
-0.149887,0.0811456,-0.0622515
0.149887,-0.0811456,0.0622515
