mx,my,mz
-0.158052,0.168093,0.0844198
0.158053,-0.168091,-0.0844207
-0.158053,0.168092,0.0844193
0.158053,-0.168092,-0.0844188
0.158053,-0.168093,-0.0844165
-0.158051,0.168094,0.0844176
0.158053,-0.168093,-0.0844165
-0.158053,0.168094,0.0844163
-0.158053,0.168092,0.0844193
0.158053,-0.168092,-0.0844188
-0.158052,0.168093,0.0844198
0.158053,-0.168091,-0.0844206
0.158053,-0.168093,-0.0844165
-0.158053,0.168094,0.0844163
0.158053,-0.168093,-0.0844166
-0.158052,0.168094,0.0844175
