mx,my,mz
-0.192168,0.213682,-0.104105
0.19217,-0.213681,0.104104
-0.192166,0.213683,-0.104106
0.192171,-0.213679,0.104104
0.192169,-0.213679,0.104109
-0.192168,0.213681,-0.104107
0.192169,-0.213679,0.104109
-0.192167,0.213682,-0.104107
-0.192166,0.213683,-0.104107
0.192171,-0.213679,0.104104
-0.192168,0.213682,-0.104105
0.19217,-0.213681,0.104104
0.192169,-0.213679,0.104109
-0.192167,0.213682,-0.104107
0.192169,-0.213679,0.104109
-0.192168,0.213681,-0.104107
