mx,my,mz
-0.211803,0.0510593,0.146208
0.211804,-0.0510592,-0.146207
-0.211803,0.0510595,0.146209
0.211803,-0.0510589,-0.146208
0.211805,-0.0510581,-0.146205
-0.211804,0.0510605,0.146207
0.211805,-0.0510568,-0.146206
-0.211806,0.0510612,0.146204
-0.211803,0.0510595,0.146209
0.211803,-0.0510589,-0.146208
-0.211803,0.0510592,0.146208
0.211804,-0.0510591,-0.146207
0.211805,-0.0510568,-0.146206
-0.211806,0.0510612,0.146204
0.211805,-0.0510581,-0.146205
-0.211804,0.0510605,0.146207
