mx,my,mz
-0.116722,0.151036,0.0226662
0.116722,-0.151036,-0.0226662
-0.116722,0.151036,0.0226662
0.116722,-0.151036,-0.0226662
0.116722,-0.151036,-0.0226662
-0.116722,0.151036,0.0226662
0.116722,-0.151036,-0.0226662
-0.116722,0.151036,0.0226662
-0.116722,0.151036,0.0226662
0.116722,-0.151036,-0.0226662
-0.116722,0.151036,0.0226662
0.116722,-0.151036,-0.0226662
0.116722,-0.151036,-0.0226662
-0.116722,0.151036,0.0226662
0.116722,-0.151036,-0.0226662
-0.116722,0.151036,0.0226662
