mx,my,mz
0.0841441,-0.0645231,-0.28651
-0.0841283,0.0645442,0.286509
0.0841416,-0.0645205,-0.286511
-0.0841264,0.0645379,0.286511
-0.0841249,0.0645291,0.286514
0.0841341,-0.0645279,-0.286511
-0.0841245,0.0645237,0.286515
0.084135,-0.0645221,-0.286512
0.0841417,-0.0645204,-0.286511
-0.0841268,0.0645377,0.286511
0.0841442,-0.0645232,-0.28651
-0.0841282,0.0645443,0.286509
-0.0841247,0.0645235,0.286515
0.0841354,-0.0645219,-0.286512
-0.084125,0.0645292,0.286514
0.084134,-0.064528,-0.286511
