mx,my,mz
-0.248988,0.167697,0.0574961
0.248989,-0.167696,-0.057497
-0.248987,0.167699,0.0574976
0.248989,-0.167694,-0.0574984
0.24899,-0.167695,-0.0574928
-0.248988,0.167698,0.0574939
0.248989,-0.167696,-0.0574946
-0.248987,0.167699,0.0574958
-0.248987,0.167699,0.0574976
0.248989,-0.167694,-0.0574984
-0.248988,0.167697,0.0574961
0.248989,-0.167696,-0.057497
0.24899,-0.167695,-0.0574946
-0.248987,0.167699,0.0574958
0.24899,-0.167695,-0.0574928
-0.248988,0.167698,0.0574939
