mx,my,mz
0.144689,-0.215281,-0.160869
-0.144684,0.215284,0.16087
0.144689,-0.21528,-0.16087
-0.144685,0.215284,0.160869
-0.144684,0.215281,0.160873
0.144687,-0.21528,-0.160872
-0.144685,0.215282,0.160872
0.144686,-0.21528,-0.160873
0.144689,-0.21528,-0.16087
-0.144685,0.215284,0.160869
0.144689,-0.215281,-0.160869
-0.144684,0.215284,0.16087
-0.144685,0.215282,0.160872
0.144686,-0.21528,-0.160873
-0.144684,0.215281,0.160873
0.144687,-0.21528,-0.160872
