mx,my,mz
-0.192279,0.2137,-0.103862
0.19228,-0.213698,0.103862
-0.192277,0.213701,-0.103864
0.192282,-0.213697,0.103862
0.192279,-0.213697,0.103867
-0.192279,0.213699,-0.103865
0.19228,-0.213697,0.103867
-0.192277,0.2137,-0.103865
-0.192277,0.213701,-0.103864
0.192282,-0.213697,0.103862
-0.192279,0.2137,-0.103862
0.19228,-0.213699,0.103862
0.19228,-0.213697,0.103867
-0.192278,0.2137,-0.103865
0.192279,-0.213697,0.103867
-0.192279,0.213699,-0.103865
