mx,my,mz
-0.177085,0.223492,0.105709
0.177086,-0.223491,-0.105709
-0.177081,0.223494,0.105711
0.177086,-0.223491,-0.10571
0.177089,-0.22349,-0.105705
-0.177084,0.223494,0.105706
0.177088,-0.223489,-0.105708
-0.177084,0.223494,0.105706
-0.177081,0.223494,0.105711
0.177086,-0.223491,-0.10571
-0.177085,0.223492,0.105709
0.177086,-0.223491,-0.105709
0.177089,-0.223489,-0.105708
-0.177084,0.223494,0.105706
0.177089,-0.22349,-0.105705
-0.177084,0.223494,0.105706
