mx,my,mz
0.0525281,0.108698,-0.128504
-0.0525281,-0.108698,0.128504
0.0525281,0.108698,-0.128504
-0.0525281,-0.108698,0.128504
-0.0525281,-0.108698,0.128504
0.0525281,0.108698,-0.128504
-0.0525281,-0.108698,0.128504
0.0525281,0.108698,-0.128504
0.0525281,0.108698,-0.128504
-0.0525281,-0.108698,0.128504
0.0525281,0.108698,-0.128504
-0.0525281,-0.108698,0.128504
-0.0525281,-0.108698,0.128504
0.0525281,0.108698,-0.128504
-0.0525281,-0.108698,0.128504
0.0525281,0.108698,-0.128504
