mx,my,mz
0.0345635,-0.151092,-0.0529967
-0.0345635,0.151092,0.0529967
0.0345635,-0.151092,-0.0529967
-0.0345635,0.151092,0.0529967
-0.0345635,0.151092,0.0529967
0.0345635,-0.151092,-0.0529967
-0.0345635,0.151092,0.0529967
0.0345635,-0.151092,-0.0529967
0.0345635,-0.151092,-0.0529967
-0.0345635,0.151092,0.0529967
0.0345635,-0.151092,-0.0529967
-0.0345635,0.151092,0.0529967
-0.0345635,0.151092,0.0529967
0.0345635,-0.151092,-0.0529967
-0.0345635,0.151092,0.0529967
0.0345635,-0.151092,-0.0529967
