mx,my,mz
0.254227,-0.155262,0.0676052
-0.254225,0.155264,-0.0676103
0.254227,-0.155262,0.0676051
-0.254225,0.155266,-0.0676054
-0.254226,0.155266,-0.0676014
0.254228,-0.155263,0.0676029
-0.254227,0.155265,-0.0676009
0.254228,-0.155262,0.0676034
0.254227,-0.155262,0.067605
-0.254225,0.155266,-0.0676053
0.254228,-0.155262,0.0676052
-0.254225,0.155264,-0.0676102
-0.254227,0.155265,-0.0676009
0.254228,-0.155262,0.0676034
-0.254226,0.155266,-0.0676014
0.254228,-0.155263,0.0676029
