mx,my,mz
0.152253,-0.260834,-0.0339395
-0.152251,0.260835,0.0339412
0.152253,-0.260834,-0.0339419
-0.152251,0.260835,0.0339411
-0.152251,0.260834,0.0339454
0.152252,-0.260834,-0.0339443
-0.15225,0.260835,0.0339431
0.152254,-0.260833,-0.0339449
0.152253,-0.260834,-0.0339419
-0.152251,0.260835,0.033941
0.152253,-0.260834,-0.0339395
-0.152251,0.260835,0.0339412
-0.15225,0.260835,0.0339431
0.152254,-0.260833,-0.0339449
-0.152251,0.260834,0.0339454
0.152252,-0.260834,-0.0339443
