mx,my,mz
-0.192317,0.213706,-0.103779
0.192319,-0.213705,0.103778
-0.192315,0.213707,-0.103781
0.19232,-0.213703,0.103778
0.192317,-0.213703,0.103783
-0.192317,0.213705,-0.103781
0.192318,-0.213703,0.103783
-0.192316,0.213706,-0.103781
-0.192315,0.213707,-0.103781
0.19232,-0.213703,0.103778
-0.192317,0.213706,-0.103779
0.192318,-0.213705,0.103778
0.192318,-0.213703,0.103783
-0.192316,0.213706,-0.103781
0.192317,-0.213703,0.103783
-0.192317,0.213705,-0.103781
