mx,my,mz
-0.212925,0.157696,-0.152387
0.212928,-0.157691,0.152387
-0.212927,0.157695,-0.152385
0.212929,-0.157692,0.152386
0.212927,-0.15769,0.15239
-0.212924,0.157693,-0.152391
0.212928,-0.15769,0.152389
-0.212924,0.157694,-0.15239
-0.212927,0.157695,-0.152385
0.212929,-0.157692,0.152386
-0.212925,0.157696,-0.152387
0.212928,-0.157691,0.152387
0.212928,-0.15769,0.152389
-0.212924,0.157694,-0.15239
0.212927,-0.15769,0.15239
-0.212924,0.157693,-0.152391
