mx,my,mz
-0.101929,-0.0487247,0.0445484
0.101929,0.0487247,-0.0445484
-0.101929,-0.0487247,0.0445484
0.101929,0.0487247,-0.0445484
0.101929,0.0487247,-0.0445484
-0.101929,-0.0487247,0.0445484
0.101929,0.0487247,-0.0445484
-0.101929,-0.0487247,0.0445484
-0.101929,-0.0487247,0.0445484
0.101929,0.0487247,-0.0445484
-0.101929,-0.0487247,0.0445484
0.101929,0.0487247,-0.0445484
0.101929,0.0487247,-0.0445484
-0.101929,-0.0487247,0.0445484
0.101929,0.0487247,-0.0445484
-0.101929,-0.0487247,0.0445484
