mx,my,mz
-0.182211,0.106271,-0.220371
0.18222,-0.106247,0.220375
-0.18221,0.106268,-0.220373
0.182223,-0.10625,0.220371
0.182219,-0.106257,0.220371
-0.182213,0.106259,-0.220375
0.182215,-0.106254,0.220376
-0.182214,0.106255,-0.220376
-0.182209,0.106268,-0.220373
0.182223,-0.10625,0.220371
-0.182211,0.106271,-0.220371
0.18222,-0.106247,0.220375
0.182215,-0.106254,0.220376
-0.182214,0.106256,-0.220376
0.18222,-0.106257,0.22037
-0.182213,0.106258,-0.220375
