mx,my,mz
-0.2199,0.147268,0.0265274
0.2199,-0.147268,-0.0265282
-0.2199,0.147268,0.0265287
0.219901,-0.147267,-0.0265276
0.219902,-0.147265,-0.0265246
-0.2199,0.147269,0.0265247
0.219902,-0.147266,-0.0265236
-0.219901,0.147267,0.0265221
-0.2199,0.147268,0.0265287
0.219901,-0.147267,-0.0265276
-0.2199,0.147268,0.0265274
0.2199,-0.147268,-0.0265282
0.219902,-0.147266,-0.0265235
-0.219901,0.147267,0.0265222
0.219902,-0.147265,-0.0265246
-0.2199,0.147269,0.0265246
