mx,my,mz
0.274573,-0.111436,-0.010556
-0.274572,0.11144,0.010555
0.274573,-0.111437,-0.0105562
-0.274573,0.111437,0.0105557
-0.274573,0.111437,0.0105601
0.274573,-0.111436,-0.0105588
-0.274573,0.111438,0.0105582
0.274574,-0.111435,-0.0105581
0.274573,-0.111437,-0.0105563
-0.274573,0.111437,0.0105557
0.274573,-0.111436,-0.010556
-0.274572,0.11144,0.010555
-0.274573,0.111438,0.0105582
0.274574,-0.111435,-0.0105581
-0.274573,0.111437,0.0105601
0.274573,-0.111436,-0.0105588
