mx,my,mz
-0.206739,0.182959,-0.0982892
0.20674,-0.182959,0.0982892
-0.206739,0.18296,-0.0982883
0.206742,-0.182956,0.0982887
0.20674,-0.182956,0.0982932
-0.206738,0.182959,-0.0982917
0.20674,-0.182956,0.0982931
-0.206736,0.18296,-0.0982938
-0.206739,0.18296,-0.0982883
0.206742,-0.182956,0.0982888
-0.206739,0.182959,-0.0982892
0.20674,-0.182959,0.0982892
0.20674,-0.182956,0.0982931
-0.206736,0.18296,-0.0982938
0.20674,-0.182956,0.0982932
-0.206738,0.182959,-0.0982917
