mx,my,mz
-0.081693,0.176758,0.0736969
0.081693,-0.176758,-0.0736969
-0.081693,0.176758,0.0736969
0.081693,-0.176758,-0.0736969
0.081693,-0.176758,-0.0736969
-0.081693,0.176758,0.0736969
0.081693,-0.176758,-0.0736969
-0.081693,0.176758,0.0736969
-0.081693,0.176758,0.0736969
0.081693,-0.176758,-0.0736969
-0.081693,0.176758,0.0736969
0.081693,-0.176758,-0.0736969
0.081693,-0.176758,-0.0736969
-0.081693,0.176758,0.0736969
0.081693,-0.176758,-0.0736969
-0.081693,0.176758,0.0736969
