mx,my,mz
-0.0720934,0.131819,-0.252419
0.0720954,-0.131816,0.25242
-0.0720889,0.131819,-0.252421
0.0720971,-0.131814,0.252421
0.07209,-0.131812,0.252424
-0.0720883,0.131814,-0.252423
0.072093,-0.131812,0.252423
-0.0720876,0.131816,-0.252423
-0.072089,0.131819,-0.252421
0.0720972,-0.131814,0.252421
-0.0720934,0.131819,-0.252419
0.0720955,-0.131815,0.252421
0.072093,-0.131812,0.252423
-0.0720875,0.131816,-0.252423
0.0720899,-0.131812,0.252424
-0.0720883,0.131814,-0.252423
