mx,my,mz
0.254425,-0.155022,0.0673489
-0.254422,0.155025,-0.067354
0.254425,-0.155023,0.0673488
-0.254422,0.155027,-0.0673491
-0.254424,0.155027,-0.0673451
0.254425,-0.155023,0.0673466
-0.254424,0.155026,-0.0673446
0.254426,-0.155022,0.0673471
0.254425,-0.155023,0.0673488
-0.254422,0.155026,-0.0673491
0.254425,-0.155022,0.0673489
-0.254422,0.155025,-0.067354
-0.254424,0.155026,-0.0673446
0.254426,-0.155022,0.0673471
-0.254424,0.155027,-0.0673451
0.254425,-0.155023,0.0673466
