mx,my,mz
-0.145169,0.14281,-0.142096
0.145172,-0.142808,0.142096
-0.145169,0.14281,-0.142096
0.145172,-0.142806,0.142097
0.14517,-0.142807,0.142098
-0.14517,0.142807,-0.142099
0.145169,-0.142807,0.142098
-0.145168,0.142808,-0.142099
-0.145169,0.14281,-0.142096
0.145172,-0.142806,0.142097
-0.145169,0.14281,-0.142096
0.145171,-0.142808,0.142096
0.145169,-0.142808,0.142098
-0.145168,0.142808,-0.142099
0.14517,-0.142807,0.142098
-0.145169,0.142807,-0.142099
