mx,my,mz
0.20245,-0.0493728,0.183421
-0.20245,0.0493725,-0.183421
0.202449,-0.04937,0.183423
-0.202449,0.0493739,-0.183422
-0.202451,0.0493749,-0.18342
0.202453,-0.0493716,0.183418
-0.20245,0.049377,-0.183421
0.202452,-0.0493717,0.183419
0.202449,-0.04937,0.183423
-0.202449,0.0493739,-0.183422
0.20245,-0.0493727,0.183421
-0.20245,0.0493724,-0.183421
-0.20245,0.0493771,-0.18342
0.202452,-0.0493718,0.183419
-0.202451,0.0493748,-0.18342
0.202453,-0.0493715,0.183418
