mx,my,mz
0.245106,-0.165959,-0.0762049
-0.245104,0.165962,0.0762041
0.245106,-0.16596,-0.0762051
-0.245105,0.165962,0.0762035
-0.245105,0.16596,0.0762081
0.245106,-0.165959,-0.0762071
-0.245103,0.165963,0.0762091
0.245106,-0.165959,-0.076207
0.245106,-0.16596,-0.0762051
-0.245105,0.165962,0.0762036
0.245106,-0.165959,-0.0762049
-0.245105,0.165962,0.0762041
-0.245103,0.165963,0.0762092
0.245106,-0.165959,-0.076207
-0.245105,0.16596,0.0762081
0.245106,-0.165959,-0.0762071
