mx,my,mz
-0.0925346,0.0597746,0.282456
0.0925388,-0.059768,-0.282456
-0.0925324,0.0597753,0.282456
0.0925433,-0.0597709,-0.282453
0.0925482,-0.0597708,-0.282452
-0.0925316,0.0597856,0.282454
0.0925405,-0.0597625,-0.282456
-0.0925294,0.0597817,0.282456
-0.0925326,0.0597754,0.282456
0.0925434,-0.0597709,-0.282453
-0.0925346,0.0597744,0.282456
0.092539,-0.0597678,-0.282456
0.0925407,-0.0597625,-0.282456
-0.0925295,0.0597816,0.282456
0.0925483,-0.0597705,-0.282452
-0.0925318,0.0597854,0.282454
