mx,my,mz
-0.083228,0.0861586,-0.0303177
0.083228,-0.0861586,0.0303177
-0.083228,0.0861586,-0.0303177
0.083228,-0.0861586,0.0303177
0.083228,-0.0861586,0.0303177
-0.083228,0.0861586,-0.0303177
0.083228,-0.0861586,0.0303177
-0.083228,0.0861586,-0.0303177
-0.083228,0.0861586,-0.0303177
0.083228,-0.0861586,0.0303177
-0.083228,0.0861586,-0.0303177
0.083228,-0.0861586,0.0303177
0.083228,-0.0861586,0.0303177
-0.083228,0.0861586,-0.0303177
0.083228,-0.0861586,0.0303177
-0.083228,0.0861586,-0.0303177
