mx,my,mz
0.141584,-0.156824,0.220878
-0.141584,0.156828,-0.220875
0.141586,-0.156824,0.220877
-0.14158,0.156826,-0.220879
-0.141582,0.156827,-0.220876
0.141589,-0.156822,0.220877
-0.141584,0.15683,-0.220874
0.141585,-0.156826,0.220875
0.141586,-0.156824,0.220877
-0.14158,0.156826,-0.220879
0.141584,-0.156824,0.220878
-0.141584,0.156828,-0.220875
-0.141584,0.15683,-0.220874
0.141585,-0.156826,0.220875
-0.141582,0.156828,-0.220876
0.141589,-0.156822,0.220877
