mx,my,mz
0.159849,-0.175018,0.0593265
-0.159847,0.175019,-0.0593271
0.159849,-0.175018,0.0593267
-0.159848,0.175018,-0.0593273
-0.159848,0.17502,-0.0593246
0.159849,-0.175019,0.0593242
-0.159848,0.17502,-0.0593234
0.159849,-0.175018,0.0593253
0.159849,-0.175018,0.0593268
-0.159848,0.175018,-0.0593273
0.159849,-0.175018,0.0593266
-0.159847,0.175019,-0.0593272
-0.159848,0.17502,-0.0593234
0.159849,-0.175018,0.0593252
-0.159848,0.17502,-0.0593246
0.159849,-0.175019,0.0593242
