mx,my,mz
0.147856,-0.0798335,0.0614353
-0.147856,0.0798335,-0.0614353
0.147856,-0.0798335,0.0614353
-0.147856,0.0798336,-0.0614353
-0.147856,0.0798336,-0.0614353
0.147856,-0.0798335,0.0614353
-0.147856,0.0798335,-0.0614353
0.147856,-0.0798335,0.0614353
0.147856,-0.0798335,0.0614353
-0.147856,0.0798336,-0.0614353
0.147856,-0.0798335,0.0614353
-0.147856,0.0798335,-0.0614353
-0.147856,0.0798335,-0.0614353
0.147856,-0.0798335,0.0614353
-0.147856,0.0798336,-0.0614353
0.147856,-0.0798335,0.0614353
