mx,my,mz
-0.219108,0.179179,-0.0440664
0.219111,-0.179175,0.0440665
-0.219107,0.179179,-0.0440654
0.21911,-0.179176,0.0440661
0.219109,-0.179176,0.0440704
-0.219107,0.179178,-0.0440701
0.21911,-0.179175,0.0440686
-0.21911,0.179175,-0.044071
-0.219107,0.179179,-0.0440653
0.21911,-0.179175,0.0440661
-0.219108,0.179179,-0.0440664
0.219111,-0.179175,0.0440665
0.21911,-0.179175,0.0440687
-0.21911,0.179175,-0.0440711
0.219109,-0.179176,0.0440706
-0.219107,0.179178,-0.0440702
