mx,my,mz
0.118956,-0.224719,0.0845407
-0.118956,0.22472,-0.0845391
0.118957,-0.224719,0.0845399
-0.118957,0.224719,-0.0845406
-0.118954,0.224721,-0.0845372
0.118958,-0.22472,0.0845357
-0.118954,0.224721,-0.0845376
0.118957,-0.224719,0.0845379
0.118957,-0.224719,0.0845399
-0.118957,0.224719,-0.0845406
0.118956,-0.224719,0.0845407
-0.118956,0.22472,-0.0845391
-0.118954,0.224721,-0.0845377
0.118957,-0.224719,0.0845379
-0.118954,0.224721,-0.0845372
0.118958,-0.22472,0.0845358
