mx,my,mz
0.158512,-0.173584,0.0586671
-0.158511,0.173585,-0.0586677
0.158512,-0.173584,0.0586673
-0.158512,0.173584,-0.0586678
-0.158511,0.173586,-0.0586654
0.158512,-0.173585,0.058665
-0.158511,0.173586,-0.0586643
0.158513,-0.173584,0.058666
0.158512,-0.173584,0.0586673
-0.158512,0.173584,-0.0586678
0.158512,-0.173584,0.0586672
-0.158511,0.173585,-0.0586678
-0.158511,0.173586,-0.0586643
0.158513,-0.173584,0.0586659
-0.158511,0.173586,-0.0586654
0.158512,-0.173585,0.0586651
