mx,my,mz
0.118922,-0.0707783,-0.0154216
-0.118922,0.0707783,0.0154216
0.118922,-0.0707783,-0.0154216
-0.118922,0.0707783,0.0154216
-0.118922,0.0707783,0.0154216
0.118922,-0.0707783,-0.0154216
-0.118922,0.0707783,0.0154216
0.118922,-0.0707783,-0.0154216
0.118922,-0.0707783,-0.0154216
-0.118922,0.0707783,0.0154216
0.118922,-0.0707783,-0.0154216
-0.118922,0.0707783,0.0154216
-0.118922,0.0707783,0.0154216
0.118922,-0.0707783,-0.0154216
-0.118922,0.0707783,0.0154216
0.118922,-0.0707783,-0.0154216
