mx,my,mz
-0.218957,0.1789,-0.0439128
0.21896,-0.178896,0.0439129
-0.218957,0.1789,-0.0439118
0.218959,-0.178897,0.0439125
0.218958,-0.178897,0.0439168
-0.218957,0.178899,-0.0439164
0.218959,-0.178896,0.043915
-0.218959,0.178896,-0.0439173
-0.218957,0.1789,-0.0439117
0.21896,-0.178896,0.0439124
-0.218957,0.1789,-0.0439128
0.21896,-0.178896,0.0439129
0.218959,-0.178896,0.043915
-0.218959,0.178896,-0.0439174
0.218958,-0.178897,0.043917
-0.218957,0.178899,-0.0439166
