mx,my,mz
-0.23072,0.14259,0.136183
0.230722,-0.142588,-0.136183
-0.23072,0.14259,0.136184
0.230723,-0.142587,-0.136182
0.230724,-0.142588,-0.136179
-0.23072,0.142592,0.136181
0.230723,-0.142588,-0.136181
-0.230722,0.142592,0.136179
-0.23072,0.14259,0.136184
0.230723,-0.142587,-0.136182
-0.23072,0.14259,0.136183
0.230722,-0.142588,-0.136183
0.230723,-0.142588,-0.136181
-0.230722,0.142592,0.136179
0.230724,-0.142588,-0.136179
-0.23072,0.142592,0.136181
