mx,my,mz
0.220947,-0.021378,0.189031
-0.220947,0.0213794,-0.189031
0.220947,-0.0213781,0.18903
-0.220945,0.0213775,-0.189033
-0.220947,0.0213816,-0.18903
0.220948,-0.0213779,0.189029
-0.220948,0.0213822,-0.189029
0.220949,-0.0213785,0.189029
0.220947,-0.0213781,0.18903
-0.220945,0.0213774,-0.189033
0.220947,-0.0213781,0.189031
-0.220947,0.0213795,-0.189031
-0.220948,0.0213822,-0.189029
0.220949,-0.0213785,0.189029
-0.220947,0.0213816,-0.18903
0.220948,-0.0213779,0.189029
