mx,my,mz
-0.223794,0.0784248,0.0331915
0.223794,-0.0784251,-0.0331916
-0.223794,0.0784247,0.0331922
0.223795,-0.0784235,-0.0331904
0.223795,-0.0784239,-0.0331895
-0.223795,0.0784248,0.0331887
0.223795,-0.0784237,-0.0331887
-0.223795,0.0784254,0.033188
-0.223794,0.0784247,0.0331922
0.223795,-0.0784236,-0.0331904
-0.223794,0.0784249,0.0331914
0.223794,-0.0784251,-0.0331916
0.223795,-0.0784236,-0.0331887
-0.223795,0.0784255,0.0331881
0.223795,-0.0784239,-0.0331894
-0.223795,0.0784247,0.0331886
