mx,my,mz
-0.156435,0.0516435,0.257444
0.15644,-0.0516439,-0.257441
-0.156441,0.051648,0.25744
0.15644,-0.0516448,-0.257441
0.156441,-0.0516419,-0.257441
-0.156437,0.0516505,0.257442
0.156442,-0.0516428,-0.25744
-0.156439,0.0516495,0.257441
-0.156441,0.051648,0.25744
0.15644,-0.0516448,-0.257441
-0.156435,0.0516435,0.257444
0.15644,-0.0516439,-0.257441
0.156442,-0.0516428,-0.25744
-0.156439,0.0516495,0.257441
0.156441,-0.051642,-0.257441
-0.156437,0.0516505,0.257442
