mx,my,mz
-0.0524166,0.0750731,-0.291622
0.0524328,-0.0750687,0.29162
-0.0524164,0.0750739,-0.291622
0.0524224,-0.0750617,0.291624
0.0524172,-0.0750606,0.291625
-0.0524145,0.0750663,-0.291624
0.0524187,-0.0750654,0.291624
-0.0524172,0.0750669,-0.291623
-0.0524165,0.0750739,-0.291622
0.0524224,-0.0750617,0.291624
-0.0524166,0.0750732,-0.291622
0.0524329,-0.0750688,0.29162
0.0524187,-0.0750652,0.291624
-0.0524171,0.0750668,-0.291623
0.0524172,-0.0750606,0.291625
-0.0524145,0.0750663,-0.291624
