mx,my,mz
-0.0924438,0.0596693,0.282417
0.092448,-0.0596626,-0.282417
-0.0924417,0.0596699,0.282418
0.0924525,-0.0596656,-0.282415
0.0924574,-0.0596655,-0.282414
-0.0924408,0.0596802,0.282416
0.0924497,-0.0596571,-0.282418
-0.0924386,0.0596763,0.282417
-0.0924418,0.05967,0.282418
0.0924526,-0.0596655,-0.282415
-0.0924439,0.059669,0.282417
0.0924482,-0.0596625,-0.282417
0.0924499,-0.0596572,-0.282418
-0.0924387,0.0596762,0.282417
0.0924575,-0.0596652,-0.282414
-0.092441,0.05968,0.282416
