mx,my,mz
0.199468,-0.176876,-0.0729697
-0.199467,0.176878,0.0729698
0.199469,-0.176875,-0.0729707
-0.199466,0.176879,0.0729706
-0.199465,0.176878,0.0729745
0.199468,-0.176875,-0.0729737
-0.199466,0.176877,0.0729737
0.199467,-0.176876,-0.0729752
0.199469,-0.176875,-0.0729707
-0.199466,0.176879,0.0729706
0.199468,-0.176877,-0.0729697
-0.199467,0.176878,0.0729699
-0.199466,0.176877,0.0729737
0.199467,-0.176876,-0.0729751
-0.199465,0.176878,0.0729744
0.199468,-0.176875,-0.0729737
