mx,my,mz
-0.144109,0.263003,0.0590675
0.144111,-0.263002,-0.0590687
-0.144109,0.263003,0.0590668
0.144112,-0.263001,-0.0590696
0.144111,-0.263003,-0.0590632
-0.144109,0.263003,0.0590649
0.144111,-0.263002,-0.0590653
-0.144108,0.263004,0.0590655
-0.144109,0.263003,0.0590668
0.144112,-0.263001,-0.0590696
-0.144109,0.263003,0.0590676
0.144111,-0.263002,-0.0590687
0.144111,-0.263002,-0.0590653
-0.144108,0.263004,0.0590655
0.144111,-0.263003,-0.0590632
-0.144109,0.263003,0.0590649
