mx,my,mz
0.24202,-0.14164,-0.0235066
-0.242018,0.141643,0.0235084
0.242019,-0.141641,-0.0235088
-0.242018,0.141645,0.0235069
-0.242018,0.141643,0.0235125
0.24202,-0.14164,-0.0235122
-0.242018,0.141644,0.0235124
0.242019,-0.141642,-0.0235115
0.242019,-0.141642,-0.0235089
-0.242018,0.141645,0.0235069
0.24202,-0.14164,-0.0235066
-0.242018,0.141644,0.0235084
-0.242018,0.141644,0.0235125
0.242019,-0.141642,-0.0235115
-0.242018,0.141643,0.0235125
0.24202,-0.141641,-0.0235122
