mx,my,mz
-0.212966,0.157737,-0.152287
0.212969,-0.157732,0.152287
-0.212967,0.157736,-0.152286
0.212969,-0.157733,0.152286
0.212967,-0.157731,0.152291
-0.212965,0.157734,-0.152292
0.212968,-0.157731,0.152289
-0.212964,0.157735,-0.152291
-0.212967,0.157736,-0.152286
0.21297,-0.157733,0.152286
-0.212966,0.157737,-0.152287
0.212969,-0.157732,0.152287
0.212968,-0.157731,0.15229
-0.212964,0.157735,-0.152291
0.212967,-0.157731,0.152291
-0.212965,0.157734,-0.152292
