mx,my,mz
0.14647,-0.171582,0.0571693
-0.146469,0.171583,-0.0571697
0.14647,-0.171583,0.0571699
-0.14647,0.171583,-0.0571693
-0.14647,0.171583,-0.0571684
0.14647,-0.171583,0.0571684
-0.14647,0.171583,-0.0571687
0.146471,-0.171583,0.0571684
0.14647,-0.171583,0.0571699
-0.14647,0.171583,-0.0571693
0.14647,-0.171582,0.0571693
-0.146469,0.171583,-0.0571698
-0.14647,0.171583,-0.0571687
0.146471,-0.171583,0.0571684
-0.14647,0.171583,-0.0571684
0.14647,-0.171583,0.0571684
