mx,my,mz
-0.156315,0.0514427,0.257549
0.15632,-0.051443,-0.257546
-0.156321,0.0514477,0.257545
0.15632,-0.0514441,-0.257546
0.156322,-0.0514409,-0.257546
-0.156316,0.0514504,0.257547
0.156322,-0.0514419,-0.257545
-0.156319,0.0514493,0.257545
-0.156321,0.0514476,0.257545
0.15632,-0.0514441,-0.257546
-0.156315,0.0514427,0.257549
0.15632,-0.051443,-0.257546
0.156322,-0.0514419,-0.257545
-0.156319,0.0514493,0.257545
0.156322,-0.0514409,-0.257546
-0.156316,0.0514504,0.257547
