mx,my,mz
-0.144782,0.142443,-0.141726
0.144784,-0.142441,0.141726
-0.144781,0.142444,-0.141726
0.144784,-0.14244,0.141728
0.144783,-0.14244,0.141728
-0.144782,0.14244,-0.141729
0.144782,-0.142441,0.141729
-0.144781,0.142441,-0.141729
-0.144781,0.142444,-0.141726
0.144784,-0.14244,0.141728
-0.144782,0.142443,-0.141726
0.144784,-0.142441,0.141726
0.144781,-0.142441,0.141729
-0.144781,0.142441,-0.141729
0.144783,-0.14244,0.141728
-0.144782,0.14244,-0.141729
