mx,my,mz
0.0718473,-0.0927963,-0.271201
-0.0718429,0.0928151,0.271196
0.0718549,-0.0928025,-0.271197
-0.0718393,0.0928107,0.271198
-0.0718425,0.0928063,0.271199
0.0718418,-0.0928024,-0.2712
-0.0718461,0.0928089,0.271197
0.0718466,-0.0928051,-0.271198
0.0718552,-0.0928028,-0.271197
-0.0718397,0.0928109,0.271198
0.0718476,-0.0927962,-0.271201
-0.0718431,0.092815,0.271196
-0.0718461,0.0928091,0.271197
0.0718467,-0.0928054,-0.271198
-0.0718426,0.0928061,0.271199
0.0718418,-0.0928023,-0.2712
