mx,my,mz
-0.151707,0.0160018,-0.262098
0.151714,-0.0159937,0.262095
-0.151703,0.0160074,-0.262101
0.151712,-0.0159915,0.262096
0.151709,-0.0159971,0.262098
-0.15171,0.0160002,-0.262097
0.151708,-0.0159914,0.262099
-0.151704,0.0159949,-0.262101
-0.151703,0.0160074,-0.262101
0.151712,-0.0159914,0.262097
-0.151707,0.016002,-0.262098
0.151714,-0.015994,0.262095
0.151708,-0.0159915,0.262099
-0.151704,0.0159949,-0.262101
0.151709,-0.0159973,0.262098
-0.15171,0.0160006,-0.262097
