mx,my,mz
0.162976,-0.207003,-0.137693
-0.16297,0.207008,0.137692
0.162974,-0.207005,-0.137692
-0.162969,0.207009,0.137692
-0.16297,0.207005,0.137697
0.162973,-0.207003,-0.137697
-0.162972,0.207004,0.137696
0.162972,-0.207004,-0.137695
0.162974,-0.207005,-0.137692
-0.162969,0.207009,0.137692
0.162976,-0.207003,-0.137693
-0.16297,0.207008,0.137692
-0.162972,0.207004,0.137696
0.162972,-0.207004,-0.137695
-0.16297,0.207005,0.137697
0.162972,-0.207003,-0.137697
