mx,my,mz
-0.160786,0.0823116,-0.185788
0.160787,-0.0823082,0.185789
-0.160785,0.0823124,-0.185789
0.160789,-0.0823086,0.185787
0.160786,-0.0823085,0.18579
-0.160784,0.0823071,-0.185792
0.160785,-0.0823079,0.185791
-0.160786,0.0823085,-0.185789
-0.160785,0.0823124,-0.185788
0.160789,-0.0823087,0.185787
-0.160786,0.0823119,-0.185788
0.160787,-0.0823083,0.185789
0.160785,-0.0823077,0.185791
-0.160786,0.0823085,-0.18579
0.160786,-0.0823086,0.18579
-0.160784,0.0823071,-0.185792
