mx,my,mz
-0.144116,0.263002,0.0590553
0.144118,-0.263,-0.0590564
-0.144116,0.263002,0.0590546
0.144119,-0.262999,-0.0590573
0.144118,-0.263001,-0.0590509
-0.144117,0.263002,0.0590526
0.144118,-0.263001,-0.0590531
-0.144115,0.263002,0.0590532
-0.144116,0.263002,0.0590546
0.144119,-0.262999,-0.0590573
-0.144116,0.263001,0.0590553
0.144118,-0.263,-0.0590564
0.144118,-0.263001,-0.0590531
-0.144115,0.263002,0.0590532
0.144118,-0.263001,-0.0590509
-0.144117,0.263002,0.0590526
