mx,my,mz
0.242175,-0.142089,-0.0235239
-0.242173,0.142091,0.0235255
0.242174,-0.14209,-0.0235259
-0.242172,0.142093,0.0235241
-0.242173,0.142091,0.0235293
0.242174,-0.142089,-0.023529
-0.242172,0.142092,0.0235292
0.242173,-0.14209,-0.0235283
0.242174,-0.14209,-0.023526
-0.242172,0.142093,0.0235241
0.242175,-0.142089,-0.0235239
-0.242173,0.142092,0.0235256
-0.242172,0.142092,0.0235293
0.242173,-0.14209,-0.0235283
-0.242173,0.142091,0.0235293
0.242174,-0.142089,-0.023529
