mx,my,mz
-0.149601,0.127283,-0.00983016
0.149601,-0.127283,0.00983026
-0.149601,0.127283,-0.0098303
0.149601,-0.127283,0.00983042
0.149601,-0.127283,0.00983097
-0.149601,0.127283,-0.00983092
0.149601,-0.127283,0.00983082
-0.149601,0.127283,-0.0098311
-0.149601,0.127283,-0.00983027
0.149601,-0.127283,0.00983041
-0.149601,0.127283,-0.00983015
0.149601,-0.127283,0.00983023
0.149601,-0.127283,0.00983079
-0.149601,0.127283,-0.0098311
0.149601,-0.127283,0.00983097
-0.149601,0.127283,-0.0098309
