mx,my,mz
-0.0524293,0.0750827,-0.291617
0.0524471,-0.0750778,0.291615
-0.0524291,0.0750836,-0.291617
0.0524357,-0.0750701,0.291619
0.05243,-0.0750689,0.291621
-0.0524269,0.0750753,-0.29162
0.0524316,-0.0750741,0.291619
-0.0524299,0.0750759,-0.291619
-0.0524291,0.0750836,-0.291617
0.0524356,-0.0750701,0.291619
-0.0524292,0.0750828,-0.291617
0.0524472,-0.0750779,0.291615
0.0524317,-0.075074,0.291619
-0.0524299,0.0750758,-0.291619
0.05243,-0.0750689,0.291621
-0.052427,0.0750752,-0.291619
