mx,my,mz
-0.236477,0.189871,-0.0380134
0.23648,-0.189868,0.0380132
-0.236477,0.189871,-0.038015
0.236479,-0.189869,0.0380143
0.236478,-0.189869,0.0380169
-0.236477,0.189871,-0.0380177
0.23648,-0.189868,0.0380176
-0.236477,0.189871,-0.0380188
-0.236477,0.189871,-0.038015
0.236479,-0.189869,0.0380142
-0.236477,0.189871,-0.0380134
0.23648,-0.189868,0.0380131
0.23648,-0.189868,0.0380176
-0.236477,0.189871,-0.0380188
0.236478,-0.189869,0.0380169
-0.236477,0.189871,-0.0380177
