mx,my,mz
0.252218,-0.161657,-0.0606624
-0.252216,0.16166,0.0606614
0.252219,-0.161656,-0.0606596
-0.252217,0.161659,0.0606603
-0.252217,0.161658,0.0606642
0.252218,-0.161657,-0.0606639
-0.252216,0.161659,0.060665
0.252218,-0.161656,-0.0606653
0.252219,-0.161656,-0.0606596
-0.252217,0.161659,0.0606603
0.252218,-0.161657,-0.0606625
-0.252216,0.16166,0.0606614
-0.252216,0.161659,0.060665
0.252218,-0.161656,-0.0606653
-0.252217,0.161658,0.0606642
0.252218,-0.161657,-0.0606639
