mx,my,mz
-0.012238,0.0351086,-0.302607
0.0122741,-0.0350939,0.302607
-0.0122382,0.0351104,-0.302607
0.0122604,-0.0350724,0.30261
0.0122602,-0.0350907,0.302608
-0.0122458,0.0351064,-0.302607
0.0122544,-0.0350975,0.302608
-0.0122512,0.0351084,-0.302607
-0.0122381,0.0351105,-0.302607
0.0122606,-0.0350722,0.30261
-0.0122382,0.0351085,-0.302607
0.0122739,-0.0350941,0.302607
0.0122542,-0.0350977,0.302608
-0.0122514,0.0351082,-0.302607
0.0122604,-0.0350907,0.302608
-0.0122456,0.0351068,-0.302607
