mx,my,mz
-0.161183,0.0831431,-0.186616
0.161184,-0.0831396,0.186617
-0.161182,0.0831439,-0.186617
0.161186,-0.0831399,0.186615
0.161183,-0.0831398,0.186618
-0.161181,0.0831385,-0.18662
0.161181,-0.0831393,0.186619
-0.161183,0.0831399,-0.186618
-0.161182,0.0831438,-0.186617
0.161186,-0.0831401,0.186615
-0.161183,0.0831434,-0.186616
0.161184,-0.0831397,0.186617
0.161182,-0.0831391,0.186619
-0.161183,0.0831399,-0.186618
0.161183,-0.08314,0.186618
-0.161181,0.0831385,-0.18662
