mx,my,mz
-0.171172,-0.0503936,-0.234476
0.171173,0.0503974,0.234475
-0.171176,-0.050391,-0.234474
0.171173,0.0503973,0.234475
0.171172,0.0503971,0.234476
-0.171168,-0.0503944,-0.234479
0.171172,0.0503963,0.234476
-0.171169,-0.0503961,-0.234478
-0.171176,-0.050391,-0.234474
0.171173,0.0503972,0.234475
-0.171172,-0.0503935,-0.234476
0.171173,0.0503974,0.234475
0.171172,0.0503964,0.234476
-0.171169,-0.0503961,-0.234478
0.171172,0.0503971,0.234476
-0.171168,-0.0503945,-0.234479
