mx,my,mz
0.215927,-0.196967,-0.0894775
-0.21592,0.196974,0.089479
0.215926,-0.196967,-0.0894791
-0.215922,0.196972,0.0894788
-0.215923,0.196969,0.0894821
0.215923,-0.196969,-0.089482
-0.215923,0.196969,0.0894823
0.215925,-0.196967,-0.0894832
0.215926,-0.196967,-0.0894791
-0.215922,0.196972,0.0894787
0.215927,-0.196967,-0.0894775
-0.21592,0.196974,0.0894792
-0.215923,0.19697,0.0894824
0.215925,-0.196967,-0.0894831
-0.215923,0.196969,0.0894821
0.215923,-0.196969,-0.0894821
