mx,my,mz
-0.137052,0.154794,-0.151441
0.137054,-0.154791,0.151443
-0.137052,0.154794,-0.151441
0.137055,-0.154792,0.151442
0.137052,-0.154792,0.151444
-0.13705,0.154793,-0.151444
0.13705,-0.154792,0.151445
-0.13705,0.154793,-0.151445
-0.137053,0.154794,-0.151441
0.137055,-0.154791,0.151442
-0.137052,0.154795,-0.151441
0.137054,-0.154791,0.151443
0.13705,-0.154792,0.151445
-0.13705,0.154793,-0.151445
0.137052,-0.154792,0.151443
-0.13705,0.154793,-0.151444
