mx,my,mz
-0.193658,0.147758,-0.0624958
0.193659,-0.147757,0.0624958
-0.193656,0.14776,-0.062496
0.193659,-0.147756,0.062497
0.193657,-0.147757,0.0624995
-0.193656,0.147758,-0.0625013
0.193657,-0.147757,0.0625005
-0.193655,0.147759,-0.0625005
-0.193656,0.14776,-0.0624958
0.193659,-0.147756,0.0624969
-0.193658,0.147758,-0.0624958
0.193659,-0.147756,0.0624958
0.193657,-0.147757,0.0625003
-0.193656,0.147759,-0.0625003
0.193657,-0.147757,0.0624994
-0.193656,0.147758,-0.0625012
