mx,my,mz
-0.188141,0.106156,0.0265284
0.188141,-0.106156,-0.0265283
-0.188141,0.106156,0.0265284
0.188141,-0.106156,-0.0265283
0.188141,-0.106156,-0.0265276
-0.188141,0.106156,0.0265278
0.188141,-0.106156,-0.0265279
-0.188141,0.106156,0.0265276
-0.18814,0.106156,0.0265283
0.188141,-0.106156,-0.0265283
-0.188141,0.106156,0.0265284
0.188141,-0.106156,-0.0265283
0.188141,-0.106156,-0.0265279
-0.188141,0.106156,0.0265276
0.188141,-0.106156,-0.0265276
-0.188141,0.106156,0.0265279
