mx,my,mz
0.192282,-0.0554009,-0.157279
-0.192282,0.0554043,0.157277
0.192283,-0.0554022,-0.157277
-0.192282,0.055404,0.157278
-0.19228,0.0554026,0.15728
0.192282,-0.0554013,-0.157279
-0.19228,0.0554013,0.157281
0.192281,-0.0554019,-0.15728
0.192283,-0.0554022,-0.157277
-0.192282,0.055404,0.157278
0.192282,-0.0554009,-0.157279
-0.192282,0.0554042,0.157277
-0.19228,0.0554014,0.157281
0.192281,-0.0554019,-0.15728
-0.19228,0.0554026,0.15728
0.192282,-0.0554014,-0.157279
