mx,my,mz
-0.193246,0.147252,-0.0624638
0.193247,-0.14725,0.0624638
-0.193244,0.147254,-0.0624639
0.193247,-0.14725,0.062465
0.193245,-0.147251,0.0624675
-0.193244,0.147252,-0.0624692
0.193245,-0.147251,0.0624685
-0.193243,0.147253,-0.0624685
-0.193244,0.147254,-0.0624638
0.193247,-0.14725,0.0624649
-0.193246,0.147252,-0.0624638
0.193247,-0.14725,0.0624638
0.193245,-0.147251,0.0624682
-0.193244,0.147253,-0.0624682
0.193245,-0.147251,0.0624674
-0.193244,0.147252,-0.0624691
