mx,my,mz
-0.145935,0.143533,-0.142825
0.145938,-0.143531,0.142825
-0.145935,0.143534,-0.142825
0.145938,-0.143529,0.142827
0.145936,-0.14353,0.142827
-0.145936,0.14353,-0.142828
0.145935,-0.143531,0.142828
-0.145934,0.143531,-0.142828
-0.145934,0.143534,-0.142825
0.145938,-0.143529,0.142827
-0.145935,0.143533,-0.142825
0.145938,-0.143531,0.142825
0.145935,-0.143531,0.142828
-0.145934,0.143531,-0.142828
0.145936,-0.14353,0.142827
-0.145935,0.14353,-0.142828
