mx,my,mz
0.113725,-0.0734893,0.0599696
-0.113725,0.0734893,-0.0599696
0.113725,-0.0734893,0.0599696
-0.113725,0.0734893,-0.0599696
-0.113725,0.0734893,-0.0599696
0.113725,-0.0734893,0.0599696
-0.113725,0.0734893,-0.0599696
0.113725,-0.0734893,0.0599696
0.113725,-0.0734893,0.0599696
-0.113725,0.0734893,-0.0599696
0.113725,-0.0734893,0.0599696
-0.113725,0.0734893,-0.0599696
-0.113725,0.0734893,-0.0599696
0.113725,-0.0734893,0.0599696
-0.113725,0.0734893,-0.0599696
0.113725,-0.0734893,0.0599696
