mx,my,mz
-0.151008,-0.147462,-0.0769212
0.151008,0.147462,0.0769212
-0.151009,-0.147462,-0.0769212
0.151008,0.147462,0.0769212
0.151008,0.147462,0.0769212
-0.151008,-0.147462,-0.0769213
0.151008,0.147462,0.0769213
-0.151008,-0.147462,-0.0769213
-0.151009,-0.147462,-0.0769212
0.151008,0.147462,0.0769212
-0.151008,-0.147462,-0.0769212
0.151008,0.147462,0.0769212
0.151008,0.147462,0.0769213
-0.151008,-0.147462,-0.0769213
0.151008,0.147462,0.0769212
-0.151008,-0.147462,-0.0769213
