mx,my,mz
0.0963408,-0.123086,0.174502
-0.0963408,0.123087,-0.174502
0.0963406,-0.123087,0.174502
-0.0963407,0.123086,-0.174502
-0.0963406,0.123087,-0.174501
0.0963414,-0.123086,0.174501
-0.0963409,0.123087,-0.174501
0.0963413,-0.123087,0.174501
0.0963407,-0.123087,0.174502
-0.0963407,0.123086,-0.174502
0.0963408,-0.123086,0.174502
-0.0963408,0.123087,-0.174502
-0.0963409,0.123087,-0.174501
0.0963413,-0.123087,0.174501
-0.0963406,0.123087,-0.174501
0.0963414,-0.123086,0.174501
