mx,my,mz
0.0147265,0.0578183,0.265507
-0.0147237,-0.0578132,-0.265508
0.0147207,0.0578192,0.265507
-0.0147198,-0.0578196,-0.265507
-0.0147114,-0.057818,-0.265507
0.0147205,0.0578287,0.265505
-0.01471,-0.0578126,-0.265509
0.0147291,0.057823,0.265505
0.0147201,0.0578201,0.265507
-0.0147192,-0.0578193,-0.265507
0.0147264,0.0578176,0.265507
-0.0147235,-0.0578137,-0.265508
-0.01471,-0.0578128,-0.265509
0.0147292,0.0578221,0.265506
-0.0147119,-0.0578167,-0.265508
0.0147209,0.0578286,0.265505
