mx,my,mz
-0.203853,0.203249,-0.0907146
0.203856,-0.203245,0.0907166
-0.203853,0.203249,-0.0907158
0.203857,-0.203245,0.0907157
0.203855,-0.203245,0.0907192
-0.203853,0.203247,-0.0907183
0.203853,-0.203247,0.0907193
-0.20385,0.203249,-0.0907205
-0.203853,0.203249,-0.0907159
0.203857,-0.203245,0.0907157
-0.203853,0.203249,-0.0907146
0.203856,-0.203245,0.0907166
0.203853,-0.203247,0.0907193
-0.20385,0.203249,-0.0907205
0.203855,-0.203245,0.0907191
-0.203853,0.203247,-0.0907183
