mx,my,mz
-0.0267483,0.0126391,-0.303284
0.0268081,-0.0125632,0.303282
-0.0267758,0.0126691,-0.30328
0.0268287,-0.0125871,0.303279
0.0268117,-0.012605,0.30328
-0.0267806,0.0126375,-0.303281
0.0267986,-0.0126147,0.30328
-0.026773,0.0126286,-0.303282
-0.0267766,0.0126683,-0.30328
0.0268287,-0.0125873,0.303279
-0.0267481,0.0126405,-0.303284
0.0268087,-0.0125636,0.303282
0.0267988,-0.0126146,0.30328
-0.0267723,0.0126294,-0.303282
0.0268108,-0.012607,0.30328
-0.0267805,0.0126385,-0.303281
