mx,my,mz
-0.0493424,-0.0548968,0.296551
0.0493473,0.0548997,-0.29655
-0.0493342,-0.054902,0.296552
0.0493498,0.0548959,-0.29655
0.049349,0.0549074,-0.296548
-0.0493418,-0.0548845,0.296554
0.0493491,0.0549044,-0.296549
-0.0493411,-0.0548846,0.296554
-0.0493342,-0.0549018,0.296552
0.0493497,0.0548958,-0.29655
-0.0493424,-0.0548968,0.296551
0.0493474,0.0548996,-0.29655
0.049349,0.0549043,-0.296549
-0.0493409,-0.0548845,0.296554
0.0493489,0.0549074,-0.296548
-0.0493418,-0.0548844,0.296554
