mx,my,mz
0.163008,-0.207146,-0.137836
-0.163002,0.207151,0.137835
0.163006,-0.207148,-0.137834
-0.163001,0.207152,0.137835
-0.163002,0.207148,0.137839
0.163004,-0.207146,-0.13784
-0.163004,0.207147,0.137839
0.163004,-0.207147,-0.137838
0.163006,-0.207148,-0.137834
-0.163001,0.207152,0.137835
0.163008,-0.207146,-0.137836
-0.163002,0.207151,0.137835
-0.163004,0.207147,0.137839
0.163004,-0.207148,-0.137837
-0.163002,0.207148,0.137839
0.163004,-0.207146,-0.13784
