mx,my,mz
0.1768,-0.0574228,0.13473
-0.1768,0.0574226,-0.13473
0.1768,-0.0574227,0.13473
-0.1768,0.0574227,-0.13473
-0.1768,0.057423,-0.13473
0.1768,-0.0574227,0.134729
-0.1768,0.0574229,-0.134729
0.176801,-0.0574226,0.134729
0.1768,-0.0574227,0.13473
-0.1768,0.0574227,-0.13473
0.1768,-0.0574228,0.13473
-0.1768,0.0574226,-0.13473
-0.176801,0.0574229,-0.134729
0.176801,-0.0574226,0.134729
-0.1768,0.057423,-0.13473
0.1768,-0.0574227,0.134729
