mx,my,mz
-0.0761813,0.0692623,0.251414
0.0761779,-0.069257,-0.251416
-0.0761761,0.0692568,0.251417
0.076176,-0.0692586,-0.251417
0.0761844,-0.0692627,-0.251413
-0.0761713,0.0692617,0.251417
0.0761835,-0.0692567,-0.251415
-0.0761743,0.0692662,0.251415
-0.0761756,0.0692571,0.251417
0.0761754,-0.069259,-0.251417
-0.076181,0.0692627,0.251414
0.0761778,-0.0692574,-0.251416
0.0761834,-0.0692567,-0.251415
-0.076174,0.0692661,0.251415
0.0761844,-0.0692627,-0.251413
-0.0761715,0.0692618,0.251417
