mx,my,mz
0.199621,-0.0781106,0.188578
-0.199622,0.0781128,-0.188577
0.199621,-0.0781098,0.188578
-0.199619,0.0781111,-0.18858
-0.199621,0.0781133,-0.188578
0.199624,-0.0781092,0.188576
-0.199621,0.0781138,-0.188577
0.199623,-0.0781116,0.188576
0.199621,-0.0781099,0.188578
-0.199619,0.0781109,-0.18858
0.199621,-0.0781104,0.188578
-0.199622,0.0781128,-0.188577
-0.199621,0.0781139,-0.188577
0.199623,-0.0781115,0.188576
-0.19962,0.0781132,-0.188578
0.199623,-0.0781092,0.188576
