mx,my,mz
0.0968169,-0.12398,0.175637
-0.0968168,0.12398,-0.175637
0.0968167,-0.123981,0.175637
-0.0968167,0.12398,-0.175637
-0.0968167,0.123981,-0.175636
0.0968176,-0.12398,0.175637
-0.0968169,0.123981,-0.175636
0.0968175,-0.123981,0.175636
0.0968168,-0.123981,0.175637
-0.0968167,0.12398,-0.175637
0.0968169,-0.12398,0.175637
-0.0968169,0.12398,-0.175637
-0.096817,0.123981,-0.175636
0.0968175,-0.123981,0.175636
-0.0968167,0.123981,-0.175636
0.0968176,-0.12398,0.175637
