mx,my,mz
-0.133629,0.0893566,0.238928
0.133631,-0.0893492,-0.238929
-0.13363,0.089352,0.238929
0.133634,-0.0893535,-0.238926
0.133634,-0.0893516,-0.238927
-0.133629,0.0893548,0.238929
0.133635,-0.089351,-0.238926
-0.133634,0.0893581,0.238925
-0.13363,0.0893521,0.238929
0.133634,-0.0893535,-0.238926
-0.133629,0.0893566,0.238928
0.133631,-0.0893493,-0.238929
0.133635,-0.0893509,-0.238926
-0.133634,0.0893579,0.238925
0.133634,-0.0893513,-0.238927
-0.133629,0.0893546,0.238929
