mx,my,mz
-0.204246,0.203197,-0.0910247
0.204249,-0.203193,0.0910267
-0.204246,0.203197,-0.091026
0.20425,-0.203193,0.0910258
0.204249,-0.203193,0.0910293
-0.204246,0.203196,-0.0910284
0.204246,-0.203195,0.0910294
-0.204244,0.203197,-0.0910307
-0.204246,0.203197,-0.091026
0.20425,-0.203193,0.0910258
-0.204246,0.203197,-0.0910247
0.204249,-0.203193,0.0910267
0.204246,-0.203195,0.0910295
-0.204244,0.203197,-0.0910306
0.204249,-0.203193,0.0910293
-0.204246,0.203196,-0.0910284
