mx,my,mz
-0.151438,0.2609,-0.0467542
0.151441,-0.260899,0.0467551
-0.151438,0.2609,-0.0467556
0.151439,-0.2609,0.0467525
0.151441,-0.260898,0.046758
-0.151438,0.2609,-0.046758
0.151441,-0.260898,0.0467598
-0.151438,0.2609,-0.0467576
-0.151439,0.2609,-0.0467556
0.151439,-0.2609,0.0467525
-0.151438,0.2609,-0.0467543
0.151441,-0.260898,0.0467552
0.151441,-0.260898,0.0467597
-0.151438,0.2609,-0.0467576
0.151441,-0.260898,0.046758
-0.151438,0.2609,-0.046758
