mx,my,mz
-0.192204,0.213688,-0.104025
0.192206,-0.213687,0.104025
-0.192203,0.213689,-0.104027
0.192207,-0.213685,0.104025
0.192205,-0.213685,0.10403
-0.192204,0.213687,-0.104028
0.192206,-0.213685,0.10403
-0.192203,0.213688,-0.104028
-0.192202,0.213689,-0.104027
0.192207,-0.213685,0.104025
-0.192204,0.213688,-0.104025
0.192206,-0.213687,0.104025
0.192206,-0.213685,0.10403
-0.192203,0.213688,-0.104028
0.192205,-0.213685,0.10403
-0.192204,0.213687,-0.104028
