mx,my,mz
-0.144726,0.225258,-0.0921901
0.144728,-0.225257,0.0921887
-0.144726,0.225257,-0.092191
0.144729,-0.225255,0.0921916
0.144727,-0.225255,0.092195
-0.144724,0.225257,-0.0921939
0.144727,-0.225255,0.0921942
-0.144725,0.225257,-0.0921927
-0.144726,0.225257,-0.0921911
0.144729,-0.225255,0.0921917
-0.144726,0.225258,-0.0921901
0.144728,-0.225257,0.0921887
0.144727,-0.225255,0.0921942
-0.144725,0.225257,-0.0921927
0.144727,-0.225255,0.092195
-0.144724,0.225257,-0.0921939
