mx,my,mz
0.144711,-0.215337,-0.160726
-0.144705,0.21534,0.160727
0.144711,-0.215336,-0.160727
-0.144706,0.21534,0.160726
-0.144705,0.215337,0.160731
0.144709,-0.215336,-0.16073
-0.144706,0.215338,0.16073
0.144708,-0.215336,-0.16073
0.144711,-0.215336,-0.160727
-0.144706,0.215341,0.160726
0.144711,-0.215337,-0.160726
-0.144705,0.21534,0.160727
-0.144706,0.215338,0.16073
0.144709,-0.215336,-0.16073
-0.144705,0.215337,0.160731
0.14471,-0.215336,-0.16073
