mx,my,mz
-0.030997,0.116567,-0.277772
0.0310096,-0.116559,0.277773
-0.0309967,0.116566,-0.277772
0.0310096,-0.116559,0.277774
0.031001,-0.116562,0.277773
-0.0309998,0.116564,-0.277773
0.031,-0.116556,0.277776
-0.0309989,0.116563,-0.277773
-0.0309968,0.116566,-0.277772
0.0310096,-0.116559,0.277774
-0.0309968,0.116567,-0.277772
0.0310095,-0.116559,0.277773
0.0310001,-0.116556,0.277776
-0.0309989,0.116563,-0.277773
0.0310008,-0.116562,0.277773
-0.0309998,0.116564,-0.277773
