mx,my,mz
-0.220257,0.147637,0.026509
0.220257,-0.147636,-0.0265098
-0.220257,0.147637,0.0265104
0.220258,-0.147635,-0.0265092
0.220259,-0.147634,-0.0265062
-0.220256,0.147638,0.0265063
0.220259,-0.147635,-0.0265052
-0.220258,0.147636,0.0265037
-0.220257,0.147637,0.0265103
0.220258,-0.147635,-0.0265092
-0.220257,0.147637,0.026509
0.220257,-0.147636,-0.0265098
0.220258,-0.147635,-0.0265051
-0.220258,0.147636,0.0265038
0.220259,-0.147634,-0.0265062
-0.220256,0.147638,0.0265062
