mx,my,mz
0.213626,-0.206582,-0.0715177
-0.213623,0.206585,0.0715169
0.213625,-0.206582,-0.0715184
-0.213624,0.206584,0.0715183
-0.213623,0.206583,0.0715202
0.213625,-0.206582,-0.0715193
-0.213621,0.206586,0.0715217
0.213625,-0.206581,-0.0715222
0.213625,-0.206582,-0.0715185
-0.213624,0.206584,0.0715183
0.213626,-0.206582,-0.0715176
-0.213623,0.206585,0.0715169
-0.213621,0.206586,0.0715217
0.213625,-0.206581,-0.0715222
-0.213623,0.206583,0.0715202
0.213625,-0.206582,-0.0715193
