mx,my,mz
-0.131245,0.176285,-0.171522
0.13125,-0.176283,0.17152
-0.131246,0.176285,-0.171521
0.13125,-0.176282,0.17152
0.131246,-0.176281,0.171525
-0.131248,0.176283,-0.171522
0.131248,-0.176281,0.171524
-0.131246,0.176283,-0.171522
-0.131246,0.176285,-0.171521
0.13125,-0.176282,0.17152
-0.131245,0.176285,-0.171522
0.13125,-0.176283,0.17152
0.131248,-0.176281,0.171524
-0.131246,0.176283,-0.171523
0.131246,-0.176281,0.171525
-0.131248,0.176283,-0.171522
