mx,my,mz
0.245118,-0.165951,-0.0761852
-0.245116,0.165954,0.0761843
0.245117,-0.165952,-0.0761853
-0.245117,0.165954,0.0761838
-0.245117,0.165952,0.0761884
0.245117,-0.165951,-0.0761874
-0.245114,0.165955,0.0761894
0.245117,-0.165951,-0.0761872
0.245117,-0.165952,-0.0761854
-0.245117,0.165954,0.0761838
0.245118,-0.165951,-0.0761852
-0.245116,0.165954,0.0761844
-0.245114,0.165955,0.0761894
0.245117,-0.165951,-0.0761872
-0.245116,0.165952,0.0761884
0.245117,-0.165951,-0.0761874
