mx,my,mz
-0.135769,0.195429,0.180757
0.135771,-0.195428,-0.180757
-0.135768,0.19543,0.180757
0.13577,-0.195428,-0.180758
0.135773,-0.195427,-0.180756
-0.135768,0.195432,0.180755
0.135775,-0.195429,-0.180753
-0.135769,0.195433,0.180753
-0.135768,0.19543,0.180757
0.13577,-0.195428,-0.180758
-0.135769,0.195429,0.180757
0.135771,-0.195428,-0.180757
0.135775,-0.195429,-0.180753
-0.135769,0.195433,0.180753
0.135773,-0.195427,-0.180756
-0.135767,0.195432,0.180755
