mx,my,mz
-0.188851,0.106715,0.0266398
0.188851,-0.106715,-0.0266397
-0.188851,0.106716,0.0266397
0.188851,-0.106715,-0.0266396
0.188851,-0.106715,-0.0266389
-0.188851,0.106716,0.0266392
0.188851,-0.106715,-0.0266392
-0.188851,0.106715,0.0266388
-0.188851,0.106716,0.0266397
0.188851,-0.106715,-0.0266396
-0.188851,0.106715,0.0266398
0.188851,-0.106715,-0.0266397
0.188851,-0.106715,-0.0266392
-0.188851,0.106715,0.0266389
0.188851,-0.106715,-0.0266389
-0.188851,0.106716,0.0266392
