mx,my,mz
-0.195093,0.226611,-0.0279672
0.195096,-0.226609,0.0279675
-0.195094,0.226611,-0.027967
0.195095,-0.22661,0.0279636
0.195097,-0.226608,0.0279721
-0.195094,0.22661,-0.0279699
0.195097,-0.226607,0.0279713
-0.195095,0.226609,-0.0279716
-0.195094,0.22661,-0.0279669
0.195095,-0.22661,0.0279636
-0.195093,0.226611,-0.0279671
0.195096,-0.226609,0.0279674
0.195097,-0.226607,0.0279713
-0.195095,0.226609,-0.0279717
0.195096,-0.226608,0.0279721
-0.195094,0.226611,-0.0279698
