mx,my,mz
0.0947621,-0.162728,-0.0121804
-0.0947621,0.162728,0.0121804
0.0947622,-0.162728,-0.0121804
-0.0947621,0.162728,0.0121804
-0.0947622,0.162728,0.0121806
0.0947621,-0.162728,-0.0121806
-0.0947621,0.162728,0.0121806
0.0947622,-0.162728,-0.0121806
0.0947622,-0.162728,-0.0121804
-0.0947621,0.162728,0.0121804
0.0947621,-0.162728,-0.0121804
-0.0947621,0.162728,0.0121804
-0.0947621,0.162728,0.0121806
0.0947622,-0.162728,-0.0121806
-0.0947622,0.162728,0.0121806
0.0947621,-0.162728,-0.0121806
