mx,my,mz
-0.195228,0.226681,-0.0279329
0.195231,-0.226678,0.0279332
-0.195229,0.22668,-0.0279327
0.19523,-0.22668,0.0279293
0.195231,-0.226677,0.0279379
-0.195228,0.22668,-0.0279356
0.195232,-0.226677,0.027937
-0.195229,0.226679,-0.0279374
-0.195229,0.22668,-0.0279327
0.19523,-0.22668,0.0279293
-0.195228,0.226681,-0.0279329
0.195231,-0.226678,0.0279331
0.195232,-0.226677,0.027937
-0.195229,0.226679,-0.0279374
0.195231,-0.226678,0.0279379
-0.195228,0.22668,-0.0279356
