mx,my,mz
-0.150342,-0.146306,-0.07547
0.150342,0.146306,0.07547
-0.150342,-0.146306,-0.07547
0.150342,0.146306,0.07547
0.150342,0.146306,0.0754701
-0.150342,-0.146306,-0.0754701
0.150342,0.146306,0.0754701
-0.150342,-0.146306,-0.0754702
-0.150342,-0.146306,-0.07547
0.150342,0.146306,0.07547
-0.150342,-0.146306,-0.07547
0.150342,0.146306,0.07547
0.150342,0.146306,0.0754701
-0.150342,-0.146306,-0.0754702
0.150342,0.146306,0.0754701
-0.150342,-0.146306,-0.0754701
