mx,my,mz
0.137057,-0.171608,0.0935806
-0.137057,0.171608,-0.0935799
0.137057,-0.171608,0.09358
-0.137057,0.171608,-0.0935804
-0.137057,0.171609,-0.0935787
0.137058,-0.171608,0.0935786
-0.137057,0.171609,-0.0935789
0.137057,-0.171609,0.0935788
0.137057,-0.171608,0.0935801
-0.137057,0.171608,-0.0935804
0.137057,-0.171608,0.0935806
-0.137057,0.171608,-0.0935799
-0.137057,0.171609,-0.0935789
0.137057,-0.171609,0.0935788
-0.137057,0.171609,-0.0935787
0.137058,-0.171608,0.0935786
