mx,my,mz
0.0619189,-0.192941,0.0322157
-0.0619189,0.192941,-0.0322157
0.0619189,-0.192941,0.0322157
-0.0619189,0.192941,-0.0322157
-0.0619189,0.192941,-0.0322157
0.0619189,-0.192941,0.0322157
-0.0619189,0.192941,-0.0322156
0.0619189,-0.192941,0.0322156
0.0619189,-0.192941,0.0322157
-0.0619189,0.192941,-0.0322157
0.0619189,-0.192941,0.0322157
-0.0619189,0.192941,-0.0322157
-0.0619189,0.192941,-0.0322156
0.0619189,-0.192941,0.0322156
-0.0619188,0.192941,-0.0322157
0.0619189,-0.192941,0.0322157
