mx,my,mz
-0.136214,0.154163,-0.150864
0.136216,-0.154159,0.150866
-0.136214,0.154163,-0.150864
0.136216,-0.15416,0.150865
0.136214,-0.154161,0.150866
-0.136211,0.154162,-0.150867
0.136212,-0.154161,0.150868
-0.136211,0.154162,-0.150867
-0.136214,0.154162,-0.150864
0.136216,-0.15416,0.150865
-0.136213,0.154163,-0.150864
0.136216,-0.154159,0.150866
0.136212,-0.154161,0.150868
-0.136212,0.154162,-0.150867
0.136214,-0.154161,0.150866
-0.136211,0.154162,-0.150867
