mx,my,mz
0.212955,-0.210866,0.0564174
-0.212953,0.210868,-0.056419
0.212957,-0.210864,0.0564188
-0.212952,0.210869,-0.056418
-0.212953,0.210869,-0.0564142
0.212956,-0.210867,0.0564137
-0.212953,0.210869,-0.0564133
0.212956,-0.210866,0.056415
0.212957,-0.210864,0.0564188
-0.212952,0.210869,-0.0564181
0.212955,-0.210866,0.0564174
-0.212953,0.210868,-0.056419
-0.212953,0.210869,-0.0564133
0.212956,-0.210866,0.0564151
-0.212953,0.210869,-0.0564142
0.212956,-0.210867,0.0564137
