mx,my,mz
0.0592707,-0.125238,-0.27245
-0.0592531,0.125242,0.272452
0.059267,-0.125237,-0.272451
-0.0592516,0.125244,0.272451
-0.0592622,0.125242,0.27245
0.0592641,-0.125231,-0.272455
-0.0592595,0.12524,0.272452
0.0592563,-0.125236,-0.272454
0.0592669,-0.125237,-0.272451
-0.0592515,0.125244,0.272451
0.0592708,-0.125238,-0.27245
-0.0592532,0.125242,0.272452
-0.0592594,0.12524,0.272452
0.0592562,-0.125236,-0.272454
-0.0592623,0.125242,0.27245
0.0592641,-0.125231,-0.272455
