mx,my,mz
0.144732,-0.215392,-0.160584
-0.144726,0.215395,0.160585
0.144732,-0.215391,-0.160585
-0.144727,0.215395,0.160584
-0.144726,0.215392,0.160589
0.14473,-0.21539,-0.160588
-0.144727,0.215392,0.160588
0.144729,-0.21539,-0.160588
0.144732,-0.215391,-0.160585
-0.144727,0.215395,0.160584
0.144732,-0.215392,-0.160584
-0.144726,0.215395,0.160585
-0.144727,0.215392,0.160588
0.144729,-0.21539,-0.160588
-0.144726,0.215392,0.160589
0.14473,-0.21539,-0.160588
