mx,my,mz
0.245112,-0.165955,-0.0761951
-0.245111,0.165958,0.0761943
0.245112,-0.165956,-0.0761952
-0.245111,0.165957,0.0761938
-0.245111,0.165956,0.076198
0.245112,-0.165955,-0.0761971
-0.245109,0.165958,0.0761989
0.245112,-0.165955,-0.0761969
0.245112,-0.165956,-0.0761952
-0.245111,0.165957,0.0761938
0.245112,-0.165955,-0.0761951
-0.245111,0.165958,0.0761943
-0.245109,0.165958,0.0761989
0.245112,-0.165955,-0.0761969
-0.245111,0.165956,0.076198
0.245112,-0.165955,-0.0761971
