mx,my,mz
0.179433,-0.233091,0.0829413
-0.179428,0.233095,-0.0829406
0.179431,-0.233094,0.0829392
-0.17943,0.233094,-0.0829397
-0.179428,0.233096,-0.0829381
0.179433,-0.233093,0.0829358
-0.179429,0.233096,-0.0829357
0.179434,-0.233092,0.0829366
0.179431,-0.233094,0.0829392
-0.17943,0.233094,-0.0829397
0.179433,-0.233091,0.0829413
-0.179428,0.233095,-0.0829406
-0.179429,0.233096,-0.0829357
0.179434,-0.233092,0.0829366
-0.179428,0.233096,-0.0829382
0.179434,-0.233093,0.0829358
