mx,my,mz
-0.0217499,-0.259454,0.0726523
0.0217493,0.259455,-0.0726507
-0.0217462,-0.259455,0.0726511
0.0217493,0.259455,-0.0726501
0.021749,0.259455,-0.0726487
-0.0217477,-0.259455,0.072649
0.0217502,0.259455,-0.0726478
-0.0217458,-0.259456,0.0726469
-0.0217463,-0.259455,0.0726512
0.0217492,0.259455,-0.0726501
-0.0217498,-0.259454,0.0726523
0.0217494,0.259455,-0.0726507
0.0217503,0.259455,-0.0726478
-0.0217457,-0.259456,0.0726469
0.0217489,0.259455,-0.0726488
-0.0217479,-0.259455,0.072649
