mx,my,mz
-0.127813,0.120414,0.248818
0.127816,-0.120409,-0.248818
-0.127811,0.120414,0.248819
0.127813,-0.120411,-0.248819
0.127821,-0.12041,-0.248815
-0.127814,0.12042,0.248814
0.127817,-0.120412,-0.248817
-0.127811,0.120416,0.248817
-0.127811,0.120414,0.248819
0.127813,-0.120412,-0.248819
-0.127812,0.120414,0.248818
0.127816,-0.120409,-0.248818
0.127817,-0.120412,-0.248817
-0.127811,0.120416,0.248817
0.127821,-0.12041,-0.248815
-0.127814,0.12042,0.248814
