mx,my,mz
-0.249039,0.167719,0.0571941
0.24904,-0.167717,-0.0571949
-0.249038,0.16772,0.0571956
0.249041,-0.167715,-0.0571964
0.249042,-0.167716,-0.0571907
-0.249039,0.16772,0.0571918
0.249041,-0.167717,-0.0571926
-0.249038,0.16772,0.0571937
-0.249038,0.16772,0.0571955
0.249041,-0.167715,-0.0571963
-0.24904,0.167719,0.057194
0.24904,-0.167717,-0.0571949
0.249041,-0.167717,-0.0571925
-0.249038,0.16772,0.0571937
0.249042,-0.167716,-0.0571907
-0.249039,0.167719,0.0571918
