mx,my,mz
-0.126136,0.152043,0.233237
0.126138,-0.152039,-0.233238
-0.126136,0.152045,0.233236
0.12614,-0.152043,-0.233235
0.126143,-0.15204,-0.233235
-0.126137,0.152047,0.233233
0.126141,-0.152044,-0.233234
-0.126135,0.152046,0.233235
-0.126136,0.152045,0.233236
0.12614,-0.152043,-0.233235
-0.126136,0.152043,0.233237
0.126139,-0.152039,-0.233238
0.126141,-0.152044,-0.233234
-0.126135,0.152046,0.233235
0.126143,-0.15204,-0.233235
-0.126137,0.152047,0.233233
