mx,my,mz
-0.212945,0.157716,-0.152338
0.212948,-0.157711,0.152338
-0.212947,0.157715,-0.152337
0.212949,-0.157712,0.152337
0.212947,-0.15771,0.152342
-0.212944,0.157713,-0.152342
0.212948,-0.15771,0.15234
-0.212944,0.157715,-0.152342
-0.212946,0.157715,-0.152337
0.212949,-0.157712,0.152337
-0.212945,0.157716,-0.152338
0.212948,-0.157711,0.152338
0.212947,-0.15771,0.15234
-0.212944,0.157714,-0.152342
0.212947,-0.15771,0.152342
-0.212944,0.157713,-0.152342
