mx,my,mz
-0.168501,-0.00380483,0.253405
0.168506,0.00380143,-0.253402
-0.168505,-0.00380068,0.253403
0.168505,0.00380339,-0.253403
0.168506,0.00380341,-0.253402
-0.168503,-0.00379978,0.253404
0.168505,0.0038047,-0.253403
-0.168505,-0.00379593,0.253403
-0.168505,-0.00380067,0.253403
0.168505,0.00380336,-0.253403
-0.168501,-0.00380478,0.253406
0.168506,0.0038014,-0.253402
0.168505,0.00380466,-0.253403
-0.168505,-0.00379587,0.253403
0.168506,0.00380333,-0.253402
-0.168503,-0.00379971,0.253404
