mx,my,mz
-0.226759,0.159831,-0.091309
0.226761,-0.159829,0.0913097
-0.226759,0.159831,-0.0913111
0.226761,-0.159828,0.0913115
0.22676,-0.159828,0.0913143
-0.226759,0.159829,-0.0913138
0.22676,-0.159828,0.0913135
-0.226757,0.159831,-0.0913149
-0.226759,0.159831,-0.0913111
0.226761,-0.159828,0.0913115
-0.226759,0.159831,-0.091309
0.226761,-0.159829,0.0913097
0.22676,-0.159828,0.0913134
-0.226757,0.159831,-0.0913149
0.22676,-0.159828,0.0913143
-0.226759,0.159829,-0.0913138
