mx,my,mz
-0.211892,0.0519068,0.146728
0.211893,-0.0519067,-0.146726
-0.211892,0.0519071,0.146729
0.211892,-0.0519064,-0.146728
0.211894,-0.0519056,-0.146725
-0.211893,0.0519081,0.146726
0.211894,-0.0519043,-0.146725
-0.211895,0.0519087,0.146723
-0.211892,0.051907,0.146728
0.211892,-0.0519064,-0.146728
-0.211892,0.0519067,0.146728
0.211893,-0.0519066,-0.146726
0.211894,-0.0519043,-0.146725
-0.211895,0.0519088,0.146723
0.211894,-0.0519056,-0.146725
-0.211893,0.051908,0.146726
