mx,my,mz
0.253841,-0.15572,0.0681182
-0.253838,0.155722,-0.0681232
0.253841,-0.15572,0.068118
-0.253838,0.155724,-0.0681183
-0.253839,0.155724,-0.0681143
0.253841,-0.155721,0.0681159
-0.25384,0.155723,-0.0681138
0.253841,-0.15572,0.0681164
0.253841,-0.15572,0.068118
-0.253838,0.155724,-0.0681183
0.253841,-0.15572,0.0681182
-0.253838,0.155722,-0.0681232
-0.25384,0.155723,-0.0681138
0.253841,-0.15572,0.0681164
-0.253839,0.155724,-0.0681143
0.253841,-0.155721,0.0681159
