mx,my,mz
-0.0939228,0.110311,0.166013
0.0939228,-0.110311,-0.166013
-0.0939229,0.110311,0.166013
0.0939228,-0.110311,-0.166013
0.093923,-0.110311,-0.166013
-0.0939228,0.110311,0.166013
0.093923,-0.110311,-0.166013
-0.0939229,0.110311,0.166013
-0.0939229,0.110311,0.166013
0.0939228,-0.110311,-0.166013
-0.0939228,0.11031,0.166013
0.0939228,-0.110311,-0.166013
0.093923,-0.110311,-0.166013
-0.0939229,0.110311,0.166013
0.093923,-0.110311,-0.166013
-0.0939228,0.110311,0.166013
