mx,my,mz
-0.137468,0.155106,-0.151725
0.13747,-0.155102,0.151726
-0.137468,0.155106,-0.151725
0.137471,-0.155103,0.151725
0.137468,-0.155103,0.151727
-0.137466,0.155105,-0.151728
0.137466,-0.155104,0.151729
-0.137466,0.155105,-0.151728
-0.137469,0.155105,-0.151725
0.137471,-0.155103,0.151725
-0.137468,0.155106,-0.151725
0.13747,-0.155102,0.151727
0.137466,-0.155103,0.151729
-0.137466,0.155104,-0.151728
0.137468,-0.155104,0.151727
-0.137466,0.155105,-0.151728
