mx,my,mz
0.132025,-0.0357205,0.0471079
-0.132025,0.0357205,-0.0471079
0.132025,-0.0357205,0.0471079
-0.132025,0.0357205,-0.0471079
-0.132025,0.0357205,-0.0471079
0.132025,-0.0357205,0.0471079
-0.132025,0.0357205,-0.0471079
0.132025,-0.0357205,0.0471079
0.132025,-0.0357205,0.0471079
-0.132025,0.0357205,-0.0471079
0.132025,-0.0357205,0.0471079
-0.132025,0.0357205,-0.0471079
-0.132025,0.0357205,-0.0471079
0.132025,-0.0357205,0.0471079
-0.132025,0.0357205,-0.0471079
0.132025,-0.0357205,0.0471079
