mx,my,mz
0.0590216,-0.124937,-0.272642
-0.059004,0.124942,0.272644
0.0590179,-0.124936,-0.272644
-0.0590025,0.124943,0.272644
-0.0590131,0.124942,0.272642
0.059015,-0.12493,-0.272647
-0.0590104,0.124939,0.272644
0.0590072,-0.124935,-0.272646
0.0590178,-0.124936,-0.272644
-0.0590025,0.124943,0.272644
0.0590218,-0.124937,-0.272642
-0.0590042,0.124942,0.272644
-0.0590103,0.124939,0.272644
0.0590071,-0.124935,-0.272646
-0.0590133,0.124941,0.272642
0.0590151,-0.12493,-0.272647
