mx,my,mz
-0.0499274,-0.0541515,0.296601
0.0499329,0.0541547,-0.296599
-0.0499184,-0.0541571,0.296601
0.0499356,0.0541505,-0.2966
0.0499347,0.0541632,-0.296597
-0.0499267,-0.0541379,0.296603
0.0499348,0.0541599,-0.296598
-0.049926,-0.054138,0.296603
-0.0499183,-0.0541569,0.296601
0.0499355,0.0541504,-0.2966
-0.0499274,-0.0541514,0.296601
0.049933,0.0541546,-0.296599
0.0499347,0.0541598,-0.296598
-0.0499257,-0.0541379,0.296604
0.0499346,0.0541631,-0.296597
-0.0499267,-0.0541378,0.296603
