mx,my,mz
-0.207018,0.183042,-0.0982572
0.207018,-0.183042,0.0982572
-0.207017,0.183043,-0.0982563
0.207021,-0.183039,0.0982568
0.207019,-0.183038,0.0982613
-0.207017,0.183042,-0.0982598
0.207019,-0.183039,0.0982612
-0.207015,0.183043,-0.0982619
-0.207017,0.183043,-0.0982563
0.207021,-0.183039,0.0982568
-0.207018,0.183042,-0.0982573
0.207018,-0.183042,0.0982573
0.207019,-0.183039,0.0982611
-0.207015,0.183043,-0.0982619
0.207019,-0.183038,0.0982613
-0.207017,0.183042,-0.0982597
