mx,my,mz
-0.237375,0.115832,0.143787
0.237376,-0.115833,-0.143785
-0.237374,0.115836,0.143786
0.237377,-0.115832,-0.143785
0.237378,-0.115831,-0.143783
-0.237376,0.115835,0.143782
0.237377,-0.115832,-0.143783
-0.237377,0.115834,0.143782
-0.237374,0.115835,0.143786
0.237377,-0.115832,-0.143785
-0.237375,0.115832,0.143787
0.237376,-0.115833,-0.143785
0.237377,-0.115832,-0.143783
-0.237377,0.115834,0.143782
0.237378,-0.115831,-0.143783
-0.237376,0.115835,0.143782
