mx,my,mz
0.0967151,-0.122061,-0.0112243
-0.0967151,0.122061,0.0112243
0.0967151,-0.122061,-0.0112243
-0.0967151,0.122061,0.0112243
-0.0967151,0.122061,0.0112243
0.0967151,-0.122061,-0.0112243
-0.0967151,0.122061,0.0112243
0.0967151,-0.122061,-0.0112243
0.0967151,-0.122061,-0.0112243
-0.0967151,0.122061,0.0112243
0.0967151,-0.122061,-0.0112243
-0.0967151,0.122061,0.0112243
-0.0967151,0.122061,0.0112243
0.0967151,-0.122061,-0.0112243
-0.0967151,0.122061,0.0112243
0.0967151,-0.122061,-0.0112243
