mx,my,mz
0.215924,-0.19697,-0.0894768
-0.215919,0.196976,0.0894782
0.215924,-0.19697,-0.0894782
-0.21592,0.196974,0.089478
-0.215921,0.196972,0.089481
0.215921,-0.196972,-0.0894809
-0.215921,0.196972,0.0894812
0.215923,-0.19697,-0.0894819
0.215924,-0.19697,-0.0894783
-0.215921,0.196974,0.0894779
0.215925,-0.19697,-0.0894767
-0.215919,0.196976,0.0894783
-0.215921,0.196972,0.0894813
0.215923,-0.19697,-0.0894819
-0.215921,0.196972,0.0894809
0.215921,-0.196972,-0.089481
