mx,my,mz
0.195489,-0.205953,0.0613475
-0.195487,0.205956,-0.0613471
0.195488,-0.205955,0.0613452
-0.195487,0.205956,-0.0613454
-0.195487,0.205957,-0.0613417
0.19549,-0.205954,0.0613424
-0.195486,0.205957,-0.0613423
0.19549,-0.205954,0.0613421
0.195488,-0.205955,0.0613452
-0.195486,0.205956,-0.0613454
0.195489,-0.205953,0.0613475
-0.195487,0.205956,-0.0613471
-0.195487,0.205957,-0.0613423
0.19549,-0.205954,0.0613421
-0.195487,0.205957,-0.0613417
0.19549,-0.205954,0.0613424
