mx,my,mz
-0.0943857,0.110659,0.166683
0.0943858,-0.110659,-0.166683
-0.0943859,0.110659,0.166683
0.0943857,-0.110659,-0.166683
0.094386,-0.110659,-0.166683
-0.0943857,0.110659,0.166683
0.094386,-0.110659,-0.166683
-0.0943859,0.110659,0.166683
-0.0943859,0.110659,0.166683
0.0943857,-0.110659,-0.166683
-0.0943858,0.110659,0.166683
0.0943858,-0.110659,-0.166683
0.094386,-0.110659,-0.166683
-0.0943859,0.110659,0.166683
0.094386,-0.110659,-0.166683
-0.0943858,0.110659,0.166683
