mx,my,mz
-0.094846,0.111003,0.167348
0.094846,-0.111003,-0.167348
-0.0948462,0.111003,0.167348
0.094846,-0.111003,-0.167348
0.0948463,-0.111003,-0.167348
-0.094846,0.111003,0.167348
0.0948463,-0.111003,-0.167348
-0.0948462,0.111003,0.167348
-0.0948462,0.111003,0.167348
0.094846,-0.111003,-0.167348
-0.0948461,0.111003,0.167348
0.0948461,-0.111003,-0.167348
0.0948463,-0.111003,-0.167348
-0.0948462,0.111003,0.167348
0.0948463,-0.111003,-0.167348
-0.094846,0.111003,0.167348
