mx,my,mz
-0.185557,0.120433,-0.132771
0.185559,-0.120432,0.132771
-0.185557,0.120433,-0.132771
0.185558,-0.12043,0.132773
0.185558,-0.12043,0.132774
-0.185557,0.12043,-0.132774
0.185556,-0.120431,0.132776
-0.185555,0.120431,-0.132776
-0.185557,0.120433,-0.132771
0.185558,-0.12043,0.132773
-0.185557,0.120433,-0.132771
0.185559,-0.120431,0.132771
0.185556,-0.12043,0.132776
-0.185555,0.120431,-0.132776
0.185558,-0.12043,0.132774
-0.185557,0.12043,-0.132775
