mx,my,mz
0.0716146,-0.0929026,-0.270766
-0.0716102,0.0929213,0.270761
0.0716222,-0.0929088,-0.270762
-0.0716067,0.0929169,0.270763
-0.0716099,0.0929125,0.270764
0.0716091,-0.0929086,-0.270766
-0.0716134,0.0929151,0.270762
0.0716139,-0.0929113,-0.270763
0.0716225,-0.092909,-0.270762
-0.0716071,0.0929171,0.270763
0.0716149,-0.0929025,-0.270766
-0.0716104,0.0929211,0.270761
-0.0716135,0.0929153,0.270762
0.071614,-0.0929116,-0.270763
-0.07161,0.0929124,0.270764
0.0716091,-0.0929085,-0.270766
