mx,my,mz
0.183927,-0.171933,-0.122353
-0.183924,0.171936,0.122353
0.183928,-0.171932,-0.122353
-0.183925,0.171935,0.122352
-0.183923,0.171934,0.122357
0.183925,-0.171932,-0.122357
-0.183923,0.171933,0.122358
0.183925,-0.171932,-0.122356
0.183928,-0.171932,-0.122353
-0.183925,0.171935,0.122352
0.183926,-0.171933,-0.122353
-0.183924,0.171936,0.122353
-0.183923,0.171933,0.122358
0.183925,-0.171932,-0.122356
-0.183923,0.171934,0.122357
0.183925,-0.171932,-0.122357
