mx,my,mz
-0.171303,-0.0517691,-0.233803
0.171304,0.0517728,0.233801
-0.171307,-0.0517665,-0.2338
0.171304,0.0517728,0.233801
0.171303,0.0517726,0.233802
-0.1713,-0.0517699,-0.233805
0.171303,0.0517718,0.233802
-0.1713,-0.0517716,-0.233804
-0.171307,-0.0517665,-0.2338
0.171304,0.0517727,0.233801
-0.171303,-0.0517691,-0.233803
0.171304,0.0517729,0.233801
0.171303,0.0517718,0.233802
-0.1713,-0.0517716,-0.233804
0.171303,0.0517726,0.233802
-0.1713,-0.05177,-0.233805
