mx,my,mz
-0.156394,0.0515774,0.25748
0.156398,-0.0515777,-0.257477
-0.156399,0.0515819,0.257476
0.156399,-0.0515787,-0.257477
0.1564,-0.0515758,-0.257477
-0.156395,0.0515843,0.257478
0.156401,-0.0515766,-0.257476
-0.156398,0.0515834,0.257476
-0.156399,0.0515819,0.257476
0.156399,-0.0515786,-0.257477
-0.156394,0.0515774,0.25748
0.156398,-0.0515777,-0.257477
0.156401,-0.0515767,-0.257476
-0.156398,0.0515834,0.257476
0.1564,-0.0515758,-0.257477
-0.156395,0.0515844,0.257478
