mx,my,mz
-0.181056,0.22668,-0.09553
0.181059,-0.226677,0.0955299
-0.181057,0.22668,-0.0955288
0.18106,-0.226677,0.0955291
0.181058,-0.226677,0.0955316
-0.181056,0.226679,-0.0955313
0.181057,-0.226678,0.0955327
-0.181054,0.22668,-0.0955333
-0.181057,0.226679,-0.0955288
0.18106,-0.226677,0.0955291
-0.181056,0.22668,-0.0955301
0.181059,-0.226677,0.09553
0.181057,-0.226678,0.0955327
-0.181054,0.22668,-0.0955333
0.181058,-0.226677,0.0955316
-0.181056,0.226679,-0.0955313
