mx,my,mz
-0.012553,0.040201,-0.00219615
0.012553,-0.040201,0.00219615
-0.012553,0.040201,-0.00219615
0.012553,-0.040201,0.00219615
0.012553,-0.040201,0.00219615
-0.012553,0.040201,-0.00219615
0.012553,-0.040201,0.00219615
-0.012553,0.040201,-0.00219614
-0.012553,0.040201,-0.00219615
0.012553,-0.040201,0.00219615
-0.012553,0.040201,-0.00219615
0.012553,-0.040201,0.00219615
0.012553,-0.040201,0.00219615
-0.012553,0.040201,-0.00219614
0.012553,-0.040201,0.00219615
-0.012553,0.040201,-0.00219615
