mx,my,mz
-0.0408682,0.0244425,-0.301615
0.0409088,-0.0244333,0.30161
-0.0408939,0.0244586,-0.30161
0.0409086,-0.0244373,0.30161
0.0408965,-0.024437,0.301612
-0.0408902,0.024449,-0.301612
0.0408983,-0.0244367,0.301612
-0.04089,0.0244511,-0.301611
-0.040894,0.0244587,-0.30161
0.0409084,-0.0244375,0.30161
-0.040868,0.0244426,-0.301615
0.0409089,-0.0244333,0.30161
0.0408985,-0.0244366,0.301611
-0.0408898,0.0244511,-0.301612
0.0408964,-0.0244369,0.301612
-0.0408905,0.0244488,-0.301612
