mx,my,mz
-0.151173,0.128799,-0.00998613
0.151173,-0.128799,0.00998624
-0.151173,0.128799,-0.00998629
0.151173,-0.128799,0.00998642
0.151173,-0.128799,0.00998703
-0.151173,0.128799,-0.00998697
0.151173,-0.128799,0.00998686
-0.151173,0.128799,-0.00998718
-0.151173,0.128799,-0.00998626
0.151173,-0.128799,0.00998641
-0.151173,0.128799,-0.00998612
0.151173,-0.128799,0.00998621
0.151173,-0.128799,0.00998683
-0.151173,0.128799,-0.00998717
0.151173,-0.128799,0.00998702
-0.151173,0.128799,-0.00998695
