mx,my,mz
0.226355,-0.190797,0.0760708
-0.226353,0.190799,-0.0760714
0.226356,-0.190797,0.0760697
-0.226353,0.190799,-0.0760721
-0.226354,0.190799,-0.0760672
0.226355,-0.190798,0.076067
-0.226353,0.190801,-0.0760669
0.226356,-0.190797,0.076068
0.226356,-0.190797,0.0760697
-0.226353,0.190799,-0.076072
0.226355,-0.190797,0.0760708
-0.226353,0.190799,-0.0760714
-0.226353,0.190801,-0.0760668
0.226356,-0.190797,0.076068
-0.226354,0.190799,-0.0760672
0.226355,-0.190798,0.0760671
