mx,my,mz
0.0701645,-0.18941,-0.0614499
-0.0701645,0.18941,0.0614499
0.0701646,-0.18941,-0.0614499
-0.0701646,0.18941,0.0614499
-0.0701645,0.189409,0.06145
0.0701646,-0.189409,-0.06145
-0.0701646,0.189409,0.06145
0.0701646,-0.189409,-0.0614501
0.0701646,-0.18941,-0.0614499
-0.0701646,0.18941,0.0614499
0.0701645,-0.18941,-0.0614499
-0.0701645,0.18941,0.0614499
-0.0701646,0.189409,0.06145
0.0701646,-0.189409,-0.0614501
-0.0701645,0.189409,0.06145
0.0701646,-0.189409,-0.06145
