mx,my,mz
-0.182205,0.106349,-0.22038
0.182214,-0.106325,0.220385
-0.182204,0.106346,-0.220383
0.182218,-0.106328,0.22038
0.182214,-0.106335,0.22038
-0.182207,0.106337,-0.220385
0.182209,-0.106332,0.220385
-0.182208,0.106334,-0.220386
-0.182204,0.106346,-0.220383
0.182217,-0.106328,0.22038
-0.182205,0.10635,-0.22038
0.182214,-0.106325,0.220385
0.182209,-0.106332,0.220385
-0.182208,0.106334,-0.220385
0.182214,-0.106335,0.22038
-0.182207,0.106336,-0.220385
