mx,my,mz
-0.177099,0.223517,0.105455
0.1771,-0.223516,-0.105456
-0.177095,0.223519,0.105458
0.177099,-0.223516,-0.105457
0.177103,-0.223515,-0.105452
-0.177098,0.223519,0.105452
0.177102,-0.223515,-0.105454
-0.177098,0.223519,0.105453
-0.177095,0.223519,0.105458
0.177099,-0.223516,-0.105457
-0.177099,0.223517,0.105455
0.1771,-0.223516,-0.105456
0.177102,-0.223515,-0.105454
-0.177098,0.223519,0.105453
0.177103,-0.223515,-0.105452
-0.177098,0.223519,0.105452
