mx,my,mz
-0.130788,0.175982,-0.170914
0.130793,-0.17598,0.170913
-0.130789,0.175982,-0.170913
0.130793,-0.175979,0.170913
0.130789,-0.175978,0.170917
-0.130791,0.17598,-0.170914
0.130791,-0.175978,0.170916
-0.13079,0.17598,-0.170915
-0.130789,0.175982,-0.170913
0.130793,-0.175979,0.170913
-0.130788,0.175982,-0.170914
0.130793,-0.17598,0.170913
0.130791,-0.175978,0.170916
-0.13079,0.17598,-0.170915
0.130789,-0.175978,0.170917
-0.130791,0.17598,-0.170914
