mx,my,mz
0.045848,-0.0392685,-0.267147
-0.045831,0.0392812,0.267148
0.0458377,-0.0392574,-0.26715
-0.0458335,0.0392816,0.267147
-0.0458233,0.0392644,0.267152
0.0458343,-0.0392669,-0.267149
-0.0458354,0.0392791,0.267147
0.0458448,-0.0392693,-0.267147
0.0458377,-0.0392575,-0.26715
-0.0458336,0.0392815,0.267147
0.0458481,-0.0392683,-0.267147
-0.045831,0.0392812,0.267148
-0.0458355,0.039279,0.267147
0.0458449,-0.0392692,-0.267147
-0.0458234,0.0392642,0.267152
0.0458343,-0.0392668,-0.267149
