mx,my,mz
-0.161376,0.0835582,-0.187025
0.161378,-0.0835547,0.187025
-0.161376,0.083559,-0.187025
0.161379,-0.083555,0.187024
0.161377,-0.0835549,0.187026
-0.161374,0.0835536,-0.187029
0.161375,-0.0835544,0.187027
-0.161377,0.083555,-0.187026
-0.161376,0.0835589,-0.187025
0.161379,-0.0835552,0.187024
-0.161376,0.0835585,-0.187025
0.161378,-0.0835548,0.187025
0.161375,-0.0835542,0.187027
-0.161377,0.083555,-0.187026
0.161376,-0.0835551,0.187026
-0.161374,0.0835536,-0.187029
