mx,my,mz
-0.180989,0.226804,-0.095261
0.180992,-0.226802,0.0952609
-0.18099,0.226804,-0.0952597
0.180993,-0.226801,0.09526
0.180991,-0.226802,0.0952627
-0.180989,0.226804,-0.0952625
0.18099,-0.226802,0.095264
-0.180987,0.226804,-0.0952647
-0.18099,0.226804,-0.0952597
0.180993,-0.226801,0.09526
-0.180989,0.226804,-0.0952611
0.180992,-0.226802,0.0952609
0.18099,-0.226802,0.095264
-0.180987,0.226804,-0.0952646
0.180991,-0.226802,0.0952627
-0.180989,0.226804,-0.0952625
