mx,my,mz
-0.19964,0.203916,0.109493
0.199644,-0.203913,-0.109493
-0.199641,0.203915,0.109494
0.199644,-0.203913,-0.109492
0.199644,-0.203915,-0.109489
-0.199643,0.203917,0.109487
0.199644,-0.203913,-0.109491
-0.199641,0.203917,0.10949
-0.199641,0.203915,0.109494
0.199644,-0.203913,-0.109492
-0.19964,0.203916,0.109493
0.199644,-0.203913,-0.109493
0.199645,-0.203913,-0.109491
-0.199641,0.203917,0.10949
0.199644,-0.203915,-0.109489
-0.199643,0.203917,0.109487
