mx,my,mz
0.0632252,0.155293,0.112833
-0.0632252,-0.155293,-0.112833
0.0632252,0.155293,0.112833
-0.0632252,-0.155293,-0.112833
-0.0632252,-0.155293,-0.112833
0.0632252,0.155293,0.112833
-0.0632252,-0.155293,-0.112833
0.0632252,0.155293,0.112833
0.0632252,0.155293,0.112833
-0.0632252,-0.155293,-0.112833
0.0632252,0.155293,0.112833
-0.0632252,-0.155293,-0.112833
-0.0632252,-0.155293,-0.112833
0.0632252,0.155293,0.112833
-0.0632252,-0.155293,-0.112833
0.0632252,0.155293,0.112833
