mx,my,mz
-0.0821608,0.177495,0.0741915
0.0821608,-0.177495,-0.0741915
-0.0821608,0.177495,0.0741915
0.0821608,-0.177495,-0.0741915
0.0821608,-0.177495,-0.0741915
-0.0821608,0.177495,0.0741915
0.0821608,-0.177495,-0.0741915
-0.0821608,0.177495,0.0741915
-0.0821608,0.177495,0.0741915
0.0821608,-0.177495,-0.0741915
-0.0821608,0.177495,0.0741915
0.0821608,-0.177495,-0.0741915
0.0821608,-0.177495,-0.0741915
-0.0821608,0.177495,0.0741915
0.0821608,-0.177495,-0.0741915
-0.0821608,0.177495,0.0741915
