mx,my,mz
-0.157786,0.1675,0.084145
0.157787,-0.167499,-0.0841458
-0.157787,0.167499,0.0841445
0.157787,-0.1675,-0.0841439
0.157788,-0.167501,-0.0841417
-0.157786,0.167502,0.0841427
0.157788,-0.167501,-0.0841416
-0.157787,0.167501,0.0841414
-0.157787,0.1675,0.0841444
0.157787,-0.1675,-0.084144
-0.157786,0.1675,0.084145
0.157787,-0.167499,-0.0841458
0.157788,-0.167501,-0.0841416
-0.157787,0.167501,0.0841415
0.157788,-0.167501,-0.0841417
-0.157786,0.167502,0.0841427
