mx,my,mz
-0.224331,0.0790042,0.0333694
0.22433,-0.0790045,-0.0333696
-0.22433,0.0790041,0.0333702
0.224331,-0.0790027,-0.0333682
0.224331,-0.0790032,-0.0333672
-0.224331,0.0790042,0.0333663
0.224331,-0.079003,-0.0333664
-0.224331,0.0790049,0.0333656
-0.22433,0.0790041,0.0333702
0.224331,-0.0790029,-0.0333682
-0.22433,0.0790043,0.0333693
0.22433,-0.0790045,-0.0333695
0.224331,-0.0790029,-0.0333664
-0.224331,0.079005,0.0333656
0.224331,-0.0790032,-0.0333672
-0.224331,0.0790041,0.0333663
