mx,my,mz
-0.194818,0.226468,-0.0280358
0.194821,-0.226465,0.0280361
-0.194819,0.226467,-0.0280356
0.19482,-0.226466,0.0280322
0.194822,-0.226464,0.0280408
-0.194819,0.226467,-0.0280385
0.194822,-0.226464,0.0280399
-0.19482,0.226465,-0.0280403
-0.194819,0.226467,-0.0280356
0.194821,-0.226466,0.0280322
-0.194818,0.226468,-0.0280358
0.194821,-0.226465,0.0280361
0.194822,-0.226464,0.02804
-0.19482,0.226465,-0.0280404
0.194822,-0.226464,0.0280408
-0.194819,0.226467,-0.0280385
