mx,my,mz
0.0104812,0.0374855,0.125851
-0.0104812,-0.0374855,-0.125851
0.0104812,0.0374855,0.125851
-0.0104812,-0.0374855,-0.125851
-0.0104812,-0.0374855,-0.125851
0.0104812,0.0374855,0.125851
-0.0104812,-0.0374855,-0.125851
0.0104812,0.0374855,0.125851
0.0104812,0.0374855,0.125851
-0.0104812,-0.0374855,-0.125851
0.0104812,0.0374855,0.125851
-0.0104812,-0.0374855,-0.125851
-0.0104812,-0.0374855,-0.125851
0.0104812,0.0374855,0.125851
-0.0104812,-0.0374855,-0.125851
0.0104812,0.0374855,0.125851
