mx,my,mz
-0.166784,0.243796,0.0482625
0.166787,-0.243793,-0.0482665
-0.166784,0.243795,0.0482651
0.166787,-0.243794,-0.0482644
0.166788,-0.243794,-0.0482602
-0.166785,0.243796,0.0482591
0.166789,-0.243794,-0.0482582
-0.166785,0.243796,0.0482607
-0.166784,0.243795,0.0482651
0.166787,-0.243794,-0.0482644
-0.166784,0.243796,0.0482625
0.166787,-0.243793,-0.0482664
0.166789,-0.243794,-0.0482582
-0.166785,0.243796,0.0482608
0.166788,-0.243794,-0.0482602
-0.166785,0.243796,0.0482591
