mx,my,mz
-0.133987,0.0763979,0.116669
0.133987,-0.0763979,-0.116669
-0.133987,0.0763979,0.116669
0.133987,-0.0763978,-0.116669
0.133987,-0.0763979,-0.116669
-0.133987,0.0763979,0.116669
0.133987,-0.0763978,-0.116669
-0.133987,0.0763979,0.116669
-0.133987,0.0763979,0.116669
0.133987,-0.0763978,-0.116669
-0.133987,0.0763979,0.116669
0.133987,-0.0763979,-0.116669
0.133987,-0.0763978,-0.116669
-0.133987,0.0763979,0.116669
0.133987,-0.0763979,-0.116669
-0.133987,0.0763979,0.116669
