mx,my,mz
-0.206458,0.182875,-0.0983196
0.206459,-0.182875,0.0983196
-0.206458,0.182876,-0.0983187
0.206461,-0.182872,0.0983192
0.206459,-0.182872,0.0983237
-0.206457,0.182875,-0.0983222
0.206459,-0.182872,0.0983236
-0.206455,0.182876,-0.0983243
-0.206458,0.182876,-0.0983187
0.206461,-0.182872,0.0983192
-0.206458,0.182875,-0.0983197
0.206459,-0.182875,0.0983196
0.206459,-0.182872,0.0983235
-0.206455,0.182876,-0.0983243
0.20646,-0.182872,0.0983237
-0.206457,0.182875,-0.0983221
