mx,my,mz
-0.0524225,0.0750773,-0.29162
0.0524387,-0.0750729,0.291618
-0.0524223,0.0750782,-0.29162
0.0524283,-0.0750659,0.291622
0.0524231,-0.0750649,0.291623
-0.0524204,0.0750706,-0.291622
0.0524246,-0.0750696,0.291621
-0.0524231,0.0750711,-0.291621
-0.0524224,0.0750781,-0.29162
0.0524283,-0.0750659,0.291622
-0.0524225,0.0750774,-0.29162
0.0524388,-0.075073,0.291618
0.0524246,-0.0750694,0.291621
-0.052423,0.075071,-0.291621
0.0524231,-0.0750648,0.291623
-0.0524204,0.0750705,-0.291622
