mx,my,mz
-0.155755,0.0546449,-0.0493713
0.155755,-0.0546449,0.0493713
-0.155755,0.0546449,-0.0493713
0.155755,-0.0546449,0.0493713
0.155755,-0.0546449,0.0493713
-0.155755,0.0546449,-0.0493713
0.155755,-0.0546449,0.0493713
-0.155755,0.0546449,-0.0493713
-0.155755,0.0546449,-0.0493713
0.155755,-0.0546449,0.0493713
-0.155755,0.0546449,-0.0493713
0.155755,-0.0546449,0.0493713
0.155755,-0.0546449,0.0493713
-0.155755,0.0546449,-0.0493713
0.155755,-0.0546449,0.0493713
-0.155755,0.0546449,-0.0493713
