mx,my,mz
0.0841503,-0.0647928,-0.28647
-0.0841361,0.0648119,0.28647
0.084148,-0.0647905,-0.286471
-0.0841343,0.0648062,0.286472
-0.0841329,0.0647982,0.286474
0.0841412,-0.0647972,-0.286472
-0.0841326,0.0647932,0.286475
0.0841421,-0.0647919,-0.286473
0.0841481,-0.0647904,-0.286471
-0.0841347,0.064806,0.286472
0.0841504,-0.0647929,-0.28647
-0.0841359,0.0648121,0.28647
-0.0841327,0.0647931,0.286475
0.0841424,-0.0647917,-0.286473
-0.084133,0.0647983,0.286474
0.0841411,-0.0647973,-0.286472
