mx,my,mz
0.184158,-0.235276,0.0410999
-0.184156,0.235278,-0.041098
0.184158,-0.235277,0.0410985
-0.184154,0.235279,-0.0411007
-0.184156,0.235279,-0.0410958
0.184158,-0.235277,0.041096
-0.184156,0.235278,-0.0410965
0.184158,-0.235277,0.0410961
0.184158,-0.235277,0.0410985
-0.184154,0.235279,-0.0411006
0.184158,-0.235276,0.0410999
-0.184156,0.235278,-0.0410979
-0.184156,0.235278,-0.0410965
0.184158,-0.235277,0.041096
-0.184156,0.235279,-0.0410958
0.184158,-0.235277,0.041096
