mx,my,mz
-0.168917,-0.00441513,0.253052
0.168923,0.00441108,-0.253049
-0.168922,-0.00441011,0.253049
0.168922,0.00441344,-0.253049
0.168923,0.00441347,-0.253048
-0.16892,-0.00440903,0.25305
0.168922,0.00441503,-0.253049
-0.168922,-0.0044044,0.253049
-0.168922,-0.00441009,0.253049
0.168922,0.00441341,-0.253049
-0.168917,-0.00441507,0.253052
0.168923,0.00441104,-0.253049
0.168922,0.00441498,-0.253049
-0.168922,-0.00440433,0.253049
0.168923,0.00441337,-0.253048
-0.16892,-0.00440895,0.25305
