mx,my,mz
0.191638,-0.0536999,-0.155733
-0.191638,0.0537029,0.155732
0.191638,-0.0537011,-0.155732
-0.191637,0.0537026,0.155733
-0.191636,0.0537014,0.155735
0.191637,-0.0537003,-0.155734
-0.191636,0.0537002,0.155736
0.191637,-0.0537008,-0.155734
0.191638,-0.0537011,-0.155732
-0.191637,0.0537026,0.155733
0.191638,-0.0536999,-0.155733
-0.191638,0.0537029,0.155732
-0.191636,0.0537003,0.155736
0.191637,-0.0537008,-0.155734
-0.191636,0.0537014,0.155735
0.191637,-0.0537003,-0.155734
