mx,my,mz
-0.16934,-0.00503435,0.25269
0.169346,0.00503029,-0.252686
-0.169345,-0.00502932,0.252687
0.169345,0.00503265,-0.252687
0.169346,0.00503268,-0.252686
-0.169343,-0.00502825,0.252688
0.169345,0.00503424,-0.252686
-0.169345,-0.00502364,0.252687
-0.169345,-0.0050293,0.252687
0.169345,0.00503262,-0.252687
-0.16934,-0.00503429,0.25269
0.169346,0.00503025,-0.252686
0.169345,0.00503418,-0.252686
-0.169345,-0.00502357,0.252687
0.169346,0.00503258,-0.252686
-0.169343,-0.00502817,0.252688
