mx,my,mz
0.183988,-0.172391,-0.122472
-0.183985,0.172394,0.122472
0.183989,-0.17239,-0.122472
-0.183986,0.172394,0.122471
-0.183985,0.172392,0.122476
0.183987,-0.17239,-0.122475
-0.183985,0.172391,0.122476
0.183987,-0.17239,-0.122475
0.183989,-0.17239,-0.122472
-0.183986,0.172394,0.122471
0.183988,-0.172391,-0.122472
-0.183985,0.172395,0.122472
-0.183985,0.172391,0.122476
0.183987,-0.17239,-0.122475
-0.183985,0.172392,0.122476
0.183987,-0.17239,-0.122475
