mx,my,mz
-0.166588,0.243738,0.0482711
0.166591,-0.243735,-0.0482751
-0.166588,0.243737,0.0482738
0.166591,-0.243735,-0.048273
0.166592,-0.243735,-0.0482688
-0.166589,0.243737,0.0482678
0.166593,-0.243735,-0.0482668
-0.166588,0.243737,0.0482694
-0.166588,0.243737,0.0482737
0.166591,-0.243735,-0.0482731
-0.166588,0.243738,0.0482711
0.166591,-0.243735,-0.048275
0.166593,-0.243735,-0.0482668
-0.166588,0.243737,0.0482694
0.166592,-0.243735,-0.0482689
-0.166589,0.243737,0.0482677
