mx,my,mz
-0.22486,0.0795841,0.0335469
0.22486,-0.0795845,-0.0335471
-0.22486,0.0795841,0.0335477
0.224861,-0.0795827,-0.0335457
0.224861,-0.0795832,-0.0335447
-0.224861,0.0795842,0.0335438
0.224861,-0.079583,-0.0335439
-0.22486,0.0795848,0.0335431
-0.22486,0.0795841,0.0335477
0.224861,-0.0795829,-0.0335457
-0.22486,0.0795843,0.0335468
0.22486,-0.0795844,-0.033547
0.224861,-0.0795829,-0.0335439
-0.22486,0.0795849,0.0335431
0.224861,-0.0795832,-0.0335447
-0.224861,0.0795841,0.0335438
