mx,my,mz
-0.151504,0.0163234,-0.262289
0.15151,-0.0163153,0.262286
-0.1515,0.016329,-0.262291
0.151509,-0.0163131,0.262287
0.151506,-0.0163187,0.262288
-0.151507,0.0163218,-0.262288
0.151505,-0.016313,0.262289
-0.1515,0.0163165,-0.262292
-0.1515,0.0163291,-0.262291
0.151508,-0.016313,0.262287
-0.151504,0.0163236,-0.262289
0.15151,-0.0163157,0.262286
0.151505,-0.0163131,0.262289
-0.1515,0.0163165,-0.262292
0.151506,-0.0163189,0.262288
-0.151507,0.0163222,-0.262288
