mx,my,mz
0.229419,-0.178664,0.0828356
-0.229417,0.178666,-0.0828364
0.22942,-0.178662,0.0828373
-0.229415,0.178668,-0.0828375
-0.229416,0.17867,-0.0828317
0.229419,-0.178665,0.0828332
-0.229415,0.17867,-0.0828333
0.229419,-0.178666,0.0828324
0.22942,-0.178662,0.0828373
-0.229415,0.178668,-0.0828375
0.229419,-0.178664,0.0828356
-0.229417,0.178666,-0.0828363
-0.229415,0.17867,-0.0828333
0.229419,-0.178666,0.0828324
-0.229416,0.17867,-0.0828317
0.22942,-0.178664,0.0828332
