mx,my,mz
-0.0763037,0.0689059,0.250493
0.0763003,-0.0689005,-0.250495
-0.0762986,0.0689003,0.250496
0.0762984,-0.0689022,-0.250495
0.0763068,-0.0689062,-0.250492
-0.0762938,0.0689053,0.250496
0.0763059,-0.0689003,-0.250494
-0.0762967,0.0689097,0.250494
-0.076298,0.0689007,0.250496
0.0762978,-0.0689026,-0.250495
-0.0763034,0.0689063,0.250493
0.0763002,-0.068901,-0.250495
0.0763058,-0.0689002,-0.250494
-0.0762965,0.0689097,0.250494
0.0763068,-0.0689062,-0.250492
-0.076294,0.0689053,0.250496
