mx,my,mz
-0.158571,0.169266,0.0849647
0.158572,-0.169264,-0.0849656
-0.158572,0.169265,0.0849641
0.158572,-0.169265,-0.0849635
0.158572,-0.169266,-0.084961
-0.15857,0.169268,0.0849621
0.158572,-0.169266,-0.0849609
-0.158571,0.169267,0.0849607
-0.158572,0.169265,0.084964
0.158572,-0.169265,-0.0849635
-0.158571,0.169266,0.0849647
0.158572,-0.169264,-0.0849655
0.158572,-0.169266,-0.0849609
-0.158571,0.169267,0.0849608
0.158572,-0.169266,-0.084961
-0.15857,0.169268,0.0849621
