mx,my,mz
-0.182217,0.106192,-0.22036
0.182225,-0.106167,0.220365
-0.182215,0.106189,-0.220363
0.182229,-0.10617,0.220361
0.182225,-0.106178,0.22036
-0.182219,0.106179,-0.220365
0.182221,-0.106175,0.220365
-0.182219,0.106176,-0.220366
-0.182215,0.106189,-0.220363
0.182229,-0.106171,0.220361
-0.182216,0.106192,-0.22036
0.182225,-0.106167,0.220365
0.182221,-0.106175,0.220365
-0.182219,0.106176,-0.220366
0.182225,-0.106177,0.22036
-0.182219,0.106179,-0.220365
