mx,my,mz
-0.191462,-0.0414792,0.176122
0.191464,0.0414797,-0.17612
-0.191461,-0.0414788,0.176123
0.191463,0.0414815,-0.17612
0.191465,0.041479,-0.176118
-0.191464,-0.0414803,0.176119
0.191463,0.0414839,-0.176119
-0.191466,-0.0414754,0.176118
-0.19146,-0.0414788,0.176123
0.191463,0.0414816,-0.17612
-0.191462,-0.0414792,0.176122
0.191464,0.0414797,-0.17612
0.191463,0.0414838,-0.176119
-0.191466,-0.0414753,0.176118
0.191465,0.0414788,-0.176118
-0.191464,-0.0414801,0.176119
