mx,my,mz
0.146963,-0.172152,0.057337
-0.146962,0.172153,-0.0573374
0.146962,-0.172153,0.0573376
-0.146962,0.172153,-0.0573369
-0.146962,0.172153,-0.057336
0.146963,-0.172153,0.0573359
-0.146962,0.172153,-0.0573363
0.146964,-0.172152,0.057336
0.146963,-0.172153,0.0573377
-0.146962,0.172153,-0.0573369
0.146963,-0.172152,0.057337
-0.146962,0.172153,-0.0573375
-0.146963,0.172153,-0.0573363
0.146964,-0.172152,0.057336
-0.146962,0.172153,-0.057336
0.146963,-0.172153,0.057336
