mx,my,mz
0.145974,-0.171008,0.0569998
-0.145973,0.171009,-0.0570002
0.145973,-0.171008,0.0570003
-0.145973,0.171009,-0.0569998
-0.145973,0.171009,-0.056999
0.145973,-0.171009,0.0569989
-0.145973,0.171009,-0.0569993
0.145974,-0.171008,0.056999
0.145973,-0.171008,0.0570004
-0.145973,0.171009,-0.0569998
0.145974,-0.171008,0.0569999
-0.145973,0.171009,-0.0570003
-0.145973,0.171009,-0.0569993
0.145974,-0.171008,0.056999
-0.145973,0.171009,-0.056999
0.145973,-0.171008,0.056999
