mx,my,mz
-0.0352983,0.133806,0.035617
0.0352983,-0.133806,-0.035617
-0.0352983,0.133806,0.035617
0.0352983,-0.133806,-0.035617
0.0352983,-0.133806,-0.035617
-0.0352982,0.133806,0.035617
0.0352983,-0.133806,-0.035617
-0.0352983,0.133806,0.035617
-0.0352983,0.133806,0.035617
0.0352983,-0.133806,-0.035617
-0.0352983,0.133806,0.035617
0.0352983,-0.133806,-0.035617
0.0352983,-0.133806,-0.035617
-0.0352983,0.133806,0.035617
0.0352983,-0.133806,-0.035617
-0.0352982,0.133806,0.035617
