mx,my,mz
-0.187423,0.105594,0.026416
0.187423,-0.105594,-0.0264159
-0.187422,0.105594,0.026416
0.187423,-0.105594,-0.0264159
0.187423,-0.105594,-0.0264153
-0.187423,0.105594,0.0264155
0.187423,-0.105594,-0.0264155
-0.187423,0.105594,0.0264152
-0.187422,0.105594,0.0264159
0.187423,-0.105594,-0.0264159
-0.187423,0.105594,0.026416
0.187423,-0.105594,-0.0264159
0.187423,-0.105594,-0.0264155
-0.187423,0.105594,0.0264152
0.187423,-0.105594,-0.0264153
-0.187422,0.105594,0.0264155
