mx,my,mz
-0.237322,0.115684,0.143718
0.237323,-0.115684,-0.143716
-0.237321,0.115687,0.143716
0.237324,-0.115683,-0.143715
0.237325,-0.115682,-0.143714
-0.237323,0.115687,0.143713
0.237325,-0.115684,-0.143713
-0.237324,0.115686,0.143713
-0.237321,0.115687,0.143716
0.237324,-0.115683,-0.143715
-0.237322,0.115684,0.143718
0.237323,-0.115684,-0.143716
0.237325,-0.115684,-0.143713
-0.237324,0.115686,0.143713
0.237325,-0.115682,-0.143714
-0.237323,0.115687,0.143713
