mx,my,mz
-0.160986,0.0827276,-0.186204
0.160987,-0.0827241,0.186205
-0.160985,0.0827284,-0.186205
0.160989,-0.0827244,0.186203
0.160986,-0.0827243,0.186206
-0.160984,0.082723,-0.186208
0.160985,-0.0827238,0.186207
-0.160986,0.0827244,-0.186206
-0.160985,0.0827283,-0.186204
0.160989,-0.0827246,0.186203
-0.160986,0.0827279,-0.186204
0.160987,-0.0827242,0.186205
0.160985,-0.0827236,0.186207
-0.160986,0.0827244,-0.186206
0.160986,-0.0827245,0.186206
-0.160984,0.082723,-0.186208
