mx,my,mz
0.162943,-0.206858,-0.137549
-0.162937,0.206862,0.137548
0.162942,-0.206859,-0.137548
-0.162936,0.206863,0.137548
-0.162937,0.20686,0.137553
0.16294,-0.206857,-0.137553
-0.162939,0.206859,0.137552
0.162939,-0.206859,-0.137551
0.162941,-0.206859,-0.137548
-0.162936,0.206863,0.137548
0.162943,-0.206858,-0.137549
-0.162937,0.206862,0.137548
-0.162939,0.206859,0.137552
0.162939,-0.206859,-0.137551
-0.162937,0.20686,0.137553
0.16294,-0.206857,-0.137553
