mx,my,mz
-0.0444369,0.109019,0.127657
0.0444369,-0.109019,-0.127657
-0.0444369,0.109019,0.127657
0.0444369,-0.109019,-0.127657
0.0444369,-0.109019,-0.127657
-0.0444369,0.109019,0.127657
0.0444369,-0.109019,-0.127657
-0.0444369,0.109019,0.127657
-0.0444369,0.109019,0.127657
0.0444369,-0.109019,-0.127657
-0.0444369,0.109019,0.127657
0.0444369,-0.109019,-0.127657
0.0444369,-0.109019,-0.127657
-0.0444369,0.109019,0.127657
0.0444369,-0.109019,-0.127657
-0.0444369,0.109019,0.127657
