mx,my,mz
-0.126048,0.151882,0.233389
0.126051,-0.151877,-0.233391
-0.126048,0.151883,0.233389
0.126053,-0.151881,-0.233387
0.126056,-0.151879,-0.233387
-0.12605,0.151885,0.233386
0.126054,-0.151882,-0.233386
-0.126048,0.151885,0.233388
-0.126048,0.151883,0.233389
0.126053,-0.151881,-0.233387
-0.126048,0.151882,0.233389
0.126051,-0.151877,-0.233391
0.126054,-0.151882,-0.233386
-0.126048,0.151885,0.233388
0.126056,-0.151879,-0.233387
-0.12605,0.151885,0.233386
