mx,my,mz
0.229332,-0.178912,0.0829056
-0.22933,0.178915,-0.0829063
0.229333,-0.17891,0.0829072
-0.229328,0.178916,-0.0829074
-0.229329,0.178918,-0.0829016
0.229332,-0.178913,0.0829031
-0.229328,0.178918,-0.0829032
0.229332,-0.178914,0.0829023
0.229333,-0.17891,0.0829072
-0.229328,0.178916,-0.0829074
0.229332,-0.178912,0.0829055
-0.22933,0.178915,-0.0829062
-0.229328,0.178918,-0.0829032
0.229332,-0.178914,0.0829023
-0.229329,0.178918,-0.0829016
0.229332,-0.178913,0.0829031
