mx,my,mz
-0.144111,0.263002,0.0590642
0.144113,-0.263001,-0.0590653
-0.144111,0.263003,0.0590635
0.144114,-0.263,-0.0590662
0.144113,-0.263002,-0.0590598
-0.144111,0.263003,0.0590615
0.144113,-0.263002,-0.059062
-0.14411,0.263003,0.0590621
-0.144111,0.263003,0.0590635
0.144114,-0.263,-0.0590662
-0.144111,0.263002,0.0590642
0.144113,-0.263001,-0.0590653
0.144113,-0.263002,-0.059062
-0.14411,0.263003,0.0590621
0.144113,-0.263002,-0.0590598
-0.144111,0.263003,0.0590615
