mx,my,mz
-0.0524115,0.0750701,-0.291624
0.0524293,-0.0750652,0.291622
-0.0524113,0.075071,-0.291623
0.0524179,-0.0750575,0.291626
0.0524122,-0.0750563,0.291627
-0.0524091,0.0750627,-0.291626
0.0524138,-0.0750615,0.291625
-0.0524121,0.0750633,-0.291625
-0.0524114,0.075071,-0.291623
0.0524179,-0.0750575,0.291626
-0.0524114,0.0750702,-0.291624
0.0524294,-0.0750653,0.291622
0.0524139,-0.0750614,0.291625
-0.0524121,0.0750632,-0.291625
0.0524122,-0.0750563,0.291627
-0.0524092,0.0750626,-0.291626
