mx,my,mz
0.198998,-0.176212,-0.0727423
-0.198997,0.176213,0.0727424
0.198999,-0.17621,-0.0727432
-0.198996,0.176214,0.0727432
-0.198995,0.176214,0.072747
0.198998,-0.17621,-0.0727462
-0.198996,0.176213,0.0727463
0.198997,-0.176211,-0.0727478
0.198999,-0.176211,-0.0727433
-0.198996,0.176215,0.0727432
0.198998,-0.176212,-0.0727423
-0.198997,0.176214,0.0727425
-0.198996,0.176213,0.0727463
0.198997,-0.176211,-0.0727477
-0.198995,0.176214,0.072747
0.198998,-0.17621,-0.0727462
