mx,my,mz
-0.0228504,-0.259017,0.0721461
0.0228498,0.259018,-0.0721445
-0.0228467,-0.259018,0.0721449
0.0228498,0.259018,-0.0721439
0.0228495,0.259018,-0.0721425
-0.0228483,-0.259018,0.0721428
0.0228507,0.259018,-0.0721416
-0.0228463,-0.259019,0.0721407
-0.0228468,-0.259018,0.072145
0.0228497,0.259018,-0.0721439
-0.0228503,-0.259017,0.0721461
0.0228499,0.259017,-0.0721444
0.0228508,0.259018,-0.0721416
-0.0228462,-0.259019,0.0721407
0.0228494,0.259018,-0.0721426
-0.0228484,-0.259018,0.0721428
