mx,my,mz
-0.0494565,0.077141,-0.291599
0.0494849,-0.0771183,0.2916
-0.0494515,0.0771335,-0.291602
0.0494826,-0.0771041,0.291605
0.0494679,-0.0771208,0.291603
-0.0494526,0.0771293,-0.291603
0.0494657,-0.0771189,0.291604
-0.0494606,0.0771281,-0.291602
-0.0494518,0.0771331,-0.291602
0.0494827,-0.0771041,0.291605
-0.0494567,0.0771409,-0.291599
0.0494853,-0.0771178,0.291601
0.0494656,-0.0771187,0.291604
-0.0494604,0.0771284,-0.291602
0.0494679,-0.0771209,0.291603
-0.0494526,0.077129,-0.291603
