mx,my,mz
-0.135748,0.195047,0.180643
0.135751,-0.195046,-0.180642
-0.135747,0.195048,0.180643
0.135749,-0.195045,-0.180644
0.135753,-0.195045,-0.180642
-0.135747,0.19505,0.180641
0.135754,-0.195047,-0.180639
-0.135749,0.195051,0.180639
-0.135747,0.195048,0.180642
0.135749,-0.195045,-0.180644
-0.135748,0.195047,0.180643
0.135751,-0.195046,-0.180642
0.135754,-0.195047,-0.180639
-0.135749,0.195051,0.180639
0.135753,-0.195045,-0.180642
-0.135747,0.19505,0.180641
