mx,my,mz
0.135325,-0.170298,0.0928994
-0.135324,0.170299,-0.0928989
0.135325,-0.170299,0.092899
-0.135325,0.170299,-0.0928993
-0.135324,0.1703,-0.0928979
0.135325,-0.170299,0.0928978
-0.135324,0.1703,-0.0928981
0.135325,-0.170299,0.092898
0.135325,-0.170299,0.092899
-0.135325,0.170299,-0.0928993
0.135325,-0.170299,0.0928994
-0.135324,0.170299,-0.0928989
-0.135324,0.1703,-0.0928981
0.135325,-0.170299,0.092898
-0.135324,0.1703,-0.0928979
0.135325,-0.170299,0.0928978
