mx,my,mz
-0.192241,0.213694,-0.103945
0.192243,-0.213693,0.103944
-0.192239,0.213695,-0.103947
0.192244,-0.213691,0.103944
0.192242,-0.213691,0.103949
-0.192241,0.213693,-0.103947
0.192242,-0.213691,0.103949
-0.19224,0.213694,-0.103947
-0.192239,0.213695,-0.103947
0.192244,-0.213691,0.103944
-0.192241,0.213694,-0.103945
0.192243,-0.213693,0.103944
0.192242,-0.213691,0.103949
-0.19224,0.213694,-0.103947
0.192242,-0.213691,0.103949
-0.192241,0.213693,-0.103947
