mx,my,mz
0.195175,-0.205875,0.0613352
-0.195172,0.205877,-0.0613348
0.195173,-0.205877,0.0613329
-0.195172,0.205878,-0.061333
-0.195173,0.205878,-0.0613294
0.195175,-0.205876,0.0613301
-0.195172,0.205879,-0.06133
0.195175,-0.205876,0.0613298
0.195173,-0.205877,0.0613329
-0.195172,0.205878,-0.061333
0.195175,-0.205875,0.0613352
-0.195172,0.205877,-0.0613348
-0.195172,0.205879,-0.06133
0.195175,-0.205876,0.0613298
-0.195173,0.205878,-0.0613293
0.195175,-0.205876,0.06133
