mx,my,mz
-0.0494717,0.077116,-0.291603
0.0495001,-0.0770933,0.291604
-0.0494667,0.0771085,-0.291606
0.0494978,-0.0770791,0.291609
0.0494831,-0.0770958,0.291607
-0.0494677,0.0771043,-0.291607
0.0494809,-0.0770939,0.291608
-0.0494758,0.0771032,-0.291606
-0.0494669,0.0771081,-0.291606
0.0494979,-0.0770791,0.291609
-0.0494719,0.0771159,-0.291603
0.0495004,-0.0770928,0.291605
0.0494808,-0.0770937,0.291608
-0.0494756,0.0771034,-0.291606
0.049483,-0.0770959,0.291607
-0.0494678,0.077104,-0.291607
