mx,my,mz
0.0344272,0.122531,-0.277896
-0.0344184,-0.122522,0.277901
0.0344269,0.122528,-0.277898
-0.0344131,-0.12253,0.277898
-0.0344258,-0.12252,0.277901
0.0344245,0.122528,-0.277898
-0.0344236,-0.122522,0.277901
0.034423,0.122527,-0.277898
0.0344268,0.122528,-0.277898
-0.034413,-0.12253,0.277898
0.0344272,0.122531,-0.277896
-0.0344183,-0.122522,0.277901
-0.0344235,-0.122522,0.277901
0.034423,0.122527,-0.277898
-0.0344258,-0.12252,0.277901
0.0344244,0.122527,-0.277898
