mx,my,mz
0.156577,-0.159324,0.208623
-0.156574,0.159327,-0.208623
0.156579,-0.159324,0.208622
-0.156575,0.159327,-0.208622
-0.156572,0.15933,-0.208622
0.15658,-0.159326,0.208619
-0.156577,0.159331,-0.208618
0.15658,-0.159325,0.20862
0.156579,-0.159324,0.208622
-0.156575,0.159327,-0.208622
0.156577,-0.159324,0.208623
-0.156574,0.159327,-0.208623
-0.156577,0.159331,-0.208618
0.15658,-0.159325,0.20862
-0.156572,0.15933,-0.208622
0.15658,-0.159326,0.208619
