mx,my,mz
-0.182199,0.106426,-0.220389
0.182208,-0.106401,0.220394
-0.182198,0.106423,-0.220392
0.182211,-0.106405,0.220389
0.182207,-0.106412,0.220389
-0.182201,0.106413,-0.220393
0.182203,-0.106409,0.220394
-0.182202,0.10641,-0.220394
-0.182198,0.106423,-0.220392
0.182211,-0.106405,0.220389
-0.182199,0.106426,-0.220389
0.182208,-0.106401,0.220394
0.182203,-0.106409,0.220394
-0.182202,0.10641,-0.220394
0.182208,-0.106412,0.220389
-0.182201,0.106413,-0.220393
