mx,my,mz
-0.0268117,0.0127239,-0.303231
0.0268716,-0.012648,0.303229
-0.0268392,0.0127539,-0.303228
0.0268922,-0.0126718,0.303226
0.0268751,-0.0126898,0.303227
-0.026844,0.0127223,-0.303228
0.0268621,-0.0126995,0.303228
-0.0268364,0.0127134,-0.30323
-0.02684,0.0127531,-0.303228
0.0268922,-0.012672,0.303226
-0.0268115,0.0127253,-0.303231
0.0268721,-0.0126484,0.303229
0.0268622,-0.0126993,0.303228
-0.0268358,0.0127142,-0.30323
0.0268742,-0.0126918,0.303227
-0.0268439,0.0127233,-0.303228
