mx,my,mz
-0.0826273,0.178223,0.0746844
0.0826272,-0.178223,-0.0746844
-0.0826273,0.178223,0.0746844
0.0826272,-0.178223,-0.0746844
0.0826273,-0.178223,-0.0746844
-0.0826272,0.178223,0.0746844
0.0826273,-0.178223,-0.0746844
-0.0826272,0.178223,0.0746844
-0.0826273,0.178223,0.0746844
0.0826272,-0.178223,-0.0746844
-0.0826273,0.178223,0.0746844
0.0826272,-0.178223,-0.0746844
0.0826273,-0.178223,-0.0746844
-0.0826272,0.178223,0.0746844
0.0826273,-0.178223,-0.0746844
-0.0826272,0.178223,0.0746844
