mx,my,mz
-0.0762431,0.0690846,0.250955
0.0762398,-0.0690793,-0.250958
-0.0762379,0.0690791,0.250958
0.0762378,-0.069081,-0.250958
0.0762462,-0.069085,-0.250954
-0.0762332,0.069084,0.250958
0.0762454,-0.069079,-0.250956
-0.0762361,0.0690885,0.250956
-0.0762374,0.0690794,0.250958
0.0762372,-0.0690813,-0.250958
-0.0762428,0.069085,0.250955
0.0762396,-0.0690797,-0.250958
0.0762452,-0.069079,-0.250956
-0.0762358,0.0690884,0.250956
0.0762463,-0.069085,-0.250954
-0.0762334,0.0690841,0.250958
