mx,my,mz
-0.0695828,0.068465,-0.0199037
0.0695828,-0.068465,0.0199037
-0.0695828,0.068465,-0.0199037
0.0695828,-0.068465,0.0199037
0.0695828,-0.068465,0.0199037
-0.0695828,0.068465,-0.0199037
0.0695828,-0.068465,0.0199037
-0.0695828,0.068465,-0.0199037
-0.0695828,0.068465,-0.0199037
0.0695828,-0.068465,0.0199037
-0.0695828,0.068465,-0.0199037
0.0695828,-0.068465,0.0199037
0.0695828,-0.068465,0.0199037
-0.0695828,0.068465,-0.0199037
0.0695828,-0.068465,0.0199037
-0.0695828,0.068465,-0.0199037
