mx,my,mz
0.175279,-0.228651,-0.0302918
-0.175276,0.228653,0.0302913
0.175279,-0.228651,-0.0302916
-0.175276,0.228653,0.0302926
-0.175276,0.228652,0.0302955
0.175279,-0.228649,-0.0302974
-0.175276,0.228652,0.0302976
0.175279,-0.22865,-0.0302966
0.175279,-0.228651,-0.0302916
-0.175276,0.228653,0.0302926
0.175279,-0.228651,-0.0302918
-0.175276,0.228653,0.0302913
-0.175276,0.228652,0.0302976
0.175279,-0.22865,-0.0302965
-0.175276,0.228652,0.0302955
0.175279,-0.228649,-0.0302974
