mx,my,mz
0.156557,-0.159282,0.208669
-0.156554,0.159285,-0.208669
0.156559,-0.159282,0.208668
-0.156555,0.159285,-0.208668
-0.156553,0.159288,-0.208668
0.156561,-0.159284,0.208665
-0.156557,0.159289,-0.208664
0.15656,-0.159284,0.208665
0.156559,-0.159282,0.208668
-0.156555,0.159285,-0.208668
0.156557,-0.159282,0.208669
-0.156554,0.159285,-0.208669
-0.156557,0.159289,-0.208664
0.15656,-0.159284,0.208665
-0.156553,0.159288,-0.208668
0.156561,-0.159284,0.208665
