mx,my,mz
-0.23642,0.190014,-0.0376935
0.236423,-0.190011,0.0376932
-0.23642,0.190014,-0.0376951
0.236421,-0.190012,0.0376943
0.236421,-0.190012,0.0376969
-0.236419,0.190014,-0.0376978
0.236422,-0.190011,0.0376977
-0.236419,0.190014,-0.0376988
-0.23642,0.190014,-0.0376951
0.236421,-0.190012,0.0376943
-0.23642,0.190014,-0.0376934
0.236423,-0.19001,0.0376932
0.236422,-0.190011,0.0376977
-0.236419,0.190014,-0.0376988
0.236421,-0.190012,0.0376969
-0.236419,0.190014,-0.0376978
