mx,my,mz
-0.160234,0.0111786,-0.142791
0.160234,-0.0111786,0.142791
-0.160234,0.0111786,-0.142791
0.160234,-0.0111786,0.142791
0.160234,-0.0111786,0.142791
-0.160234,0.0111786,-0.142791
0.160234,-0.0111786,0.142791
-0.160234,0.0111786,-0.142791
-0.160234,0.0111786,-0.142791
0.160234,-0.0111786,0.142791
-0.160234,0.0111786,-0.142791
0.160234,-0.0111786,0.142791
0.160234,-0.0111786,0.142791
-0.160234,0.0111786,-0.142791
0.160234,-0.0111786,0.142791
-0.160234,0.0111786,-0.142791
