mx,my,mz
-0.0411277,0.0248136,-0.301568
0.0411683,-0.0248044,0.301564
-0.0411534,0.0248297,-0.301564
0.0411681,-0.0248084,0.301563
0.041156,-0.0248081,0.301565
-0.0411497,0.0248201,-0.301565
0.0411578,-0.0248078,0.301565
-0.0411494,0.0248222,-0.301565
-0.0411534,0.0248297,-0.301564
0.0411679,-0.0248085,0.301563
-0.0411275,0.0248137,-0.301568
0.0411684,-0.0248044,0.301564
0.041158,-0.0248076,0.301565
-0.0411493,0.0248221,-0.301565
0.0411559,-0.0248079,0.301565
-0.04115,0.0248199,-0.301565
