mx,my,mz
0.191858,-0.0542657,-0.156251
-0.191858,0.054269,0.15625
0.191859,-0.0542669,-0.15625
-0.191858,0.0542687,0.156251
-0.191856,0.0542673,0.156253
0.191857,-0.0542661,-0.156252
-0.191856,0.054266,0.156254
0.191857,-0.0542666,-0.156252
0.191859,-0.0542669,-0.15625
-0.191858,0.0542687,0.156251
0.191858,-0.0542656,-0.156251
-0.191858,0.0542689,0.15625
-0.191856,0.0542661,0.156254
0.191857,-0.0542667,-0.156252
-0.191856,0.0542674,0.156253
0.191857,-0.0542661,-0.156252
