mx,my,mz
-0.0494637,0.0771287,-0.291601
0.0494921,-0.077106,0.291602
-0.0494587,0.0771212,-0.291604
0.0494898,-0.0770918,0.291607
0.0494751,-0.0771085,0.291605
-0.0494598,0.077117,-0.291605
0.0494729,-0.0771066,0.291606
-0.0494678,0.0771158,-0.291604
-0.0494589,0.0771208,-0.291604
0.0494899,-0.0770918,0.291607
-0.0494639,0.0771286,-0.291601
0.0494924,-0.0771055,0.291603
0.0494728,-0.0771064,0.291606
-0.0494676,0.077116,-0.291604
0.049475,-0.0771086,0.291605
-0.0494598,0.0771167,-0.291605
