mx,my,mz
-0.144239,0.224845,-0.0918249
0.144241,-0.224844,0.0918235
-0.144239,0.224844,-0.0918259
0.144242,-0.224842,0.0918265
0.14424,-0.224842,0.0918299
-0.144237,0.224844,-0.0918288
0.14424,-0.224842,0.0918291
-0.144238,0.224844,-0.0918276
-0.144239,0.224844,-0.091826
0.144242,-0.224842,0.0918266
-0.144239,0.224845,-0.091825
0.144241,-0.224844,0.0918236
0.14424,-0.224842,0.0918291
-0.144238,0.224844,-0.0918276
0.14424,-0.224842,0.0918298
-0.144237,0.224844,-0.0918287
