mx,my,mz
-0.180954,0.226865,-0.0951286
0.180957,-0.226863,0.0951285
-0.180955,0.226865,-0.0951274
0.180957,-0.226863,0.0951277
0.180956,-0.226863,0.09513
-0.180954,0.226864,-0.0951298
0.180955,-0.226863,0.095131
-0.180952,0.226865,-0.0951316
-0.180955,0.226865,-0.0951274
0.180957,-0.226863,0.0951277
-0.180954,0.226865,-0.0951286
0.180957,-0.226863,0.0951285
0.180955,-0.226863,0.095131
-0.180952,0.226865,-0.0951316
0.180956,-0.226863,0.09513
-0.180954,0.226865,-0.0951297
