mx,my,mz
-0.171429,-0.0531434,-0.23312
0.17143,0.0531471,0.233118
-0.171433,-0.0531408,-0.233117
0.17143,0.053147,0.233118
0.171429,0.0531468,0.233119
-0.171426,-0.0531442,-0.233122
0.171429,0.053146,0.233119
-0.171426,-0.0531458,-0.233121
-0.171433,-0.0531408,-0.233117
0.17143,0.0531469,0.233118
-0.171429,-0.0531434,-0.23312
0.17143,0.0531471,0.233118
0.171429,0.0531461,0.233119
-0.171426,-0.0531458,-0.233121
0.171429,0.0531468,0.233119
-0.171426,-0.0531442,-0.233122
