mx,my,mz
0.151939,-0.260814,-0.0336704
-0.151937,0.260815,0.0336721
0.151939,-0.260814,-0.0336728
-0.151937,0.260815,0.0336719
-0.151937,0.260815,0.0336763
0.151939,-0.260814,-0.0336752
-0.151936,0.260815,0.033674
0.15194,-0.260813,-0.0336758
0.151939,-0.260814,-0.0336728
-0.151937,0.260815,0.0336719
0.151939,-0.260814,-0.0336704
-0.151937,0.260815,0.0336721
-0.151936,0.260815,0.033674
0.15194,-0.260813,-0.0336758
-0.151937,0.260815,0.0336763
0.151939,-0.260814,-0.0336752
