mx,my,mz
0.0145401,0.0578243,0.265971
-0.0145373,-0.0578193,-0.265972
0.0145343,0.0578253,0.265971
-0.0145334,-0.0578257,-0.265971
-0.014525,-0.057824,-0.265972
0.0145341,0.0578348,0.265969
-0.0145236,-0.0578186,-0.265973
0.0145428,0.0578291,0.26597
0.0145338,0.0578262,0.265971
-0.0145329,-0.0578254,-0.265971
0.01454,0.0578237,0.265971
-0.0145372,-0.0578198,-0.265972
-0.0145236,-0.0578188,-0.265973
0.0145428,0.0578282,0.26597
-0.0145255,-0.0578227,-0.265972
0.0145345,0.0578347,0.265969
