mx,my,mz
0.202114,-0.0483207,0.182859
-0.202114,0.0483204,-0.182859
0.202112,-0.0483178,0.182861
-0.202113,0.0483218,-0.18286
-0.202115,0.0483226,-0.182858
0.202117,-0.0483194,0.182856
-0.202113,0.0483248,-0.182859
0.202116,-0.0483196,0.182857
0.202113,-0.0483178,0.182861
-0.202113,0.0483218,-0.18286
0.202114,-0.0483205,0.182859
-0.202114,0.0483202,-0.182859
-0.202113,0.0483249,-0.182859
0.202116,-0.0483196,0.182857
-0.202114,0.0483225,-0.182858
0.202117,-0.0483194,0.182856
