mx,my,mz
-0.0494805,0.0771032,-0.291605
0.0495089,-0.0770805,0.291606
-0.0494756,0.0770957,-0.291608
0.0495066,-0.0770663,0.29161
0.049492,-0.077083,0.291609
-0.0494766,0.0770915,-0.291609
0.0494897,-0.0770811,0.291609
-0.0494846,0.0770904,-0.291608
-0.0494758,0.0770953,-0.291608
0.0495067,-0.0770663,0.29161
-0.0494807,0.0771031,-0.291605
0.0495093,-0.07708,0.291606
0.0494896,-0.0770809,0.29161
-0.0494844,0.0770906,-0.291608
0.0494919,-0.0770831,0.291609
-0.0494766,0.0770912,-0.291609
