mx,my,mz
0.226307,-0.190676,0.0765152
-0.226305,0.190678,-0.0765159
0.226308,-0.190675,0.0765141
-0.226305,0.190678,-0.0765165
-0.226307,0.190678,-0.0765117
0.226308,-0.190677,0.0765115
-0.226305,0.19068,-0.0765113
0.226308,-0.190676,0.0765125
0.226308,-0.190675,0.0765141
-0.226305,0.190678,-0.0765165
0.226307,-0.190676,0.0765152
-0.226305,0.190678,-0.0765159
-0.226305,0.19068,-0.0765113
0.226308,-0.190676,0.0765125
-0.226307,0.190678,-0.0765117
0.226308,-0.190677,0.0765115
