mx,my,mz
0.135904,-0.17074,0.0931299
-0.135904,0.17074,-0.0931293
0.135904,-0.17074,0.0931294
-0.135904,0.17074,-0.0931297
-0.135903,0.170741,-0.0931282
0.135904,-0.170741,0.0931281
-0.135903,0.170741,-0.0931284
0.135904,-0.170741,0.0931283
0.135904,-0.17074,0.0931295
-0.135904,0.17074,-0.0931297
0.135904,-0.17074,0.0931299
-0.135904,0.17074,-0.0931293
-0.135904,0.170741,-0.0931284
0.135904,-0.170741,0.0931283
-0.135904,0.170741,-0.0931282
0.135904,-0.170741,0.0931281
