mx,my,mz
0.215921,-0.196975,-0.0894747
-0.215915,0.196981,0.0894762
0.215921,-0.196974,-0.0894762
-0.215917,0.196979,0.089476
-0.215918,0.196976,0.0894793
0.215918,-0.196977,-0.0894792
-0.215917,0.196977,0.0894795
0.215919,-0.196974,-0.0894804
0.215921,-0.196974,-0.0894763
-0.215917,0.196979,0.0894759
0.215921,-0.196975,-0.0894746
-0.215915,0.196981,0.0894763
-0.215917,0.196977,0.0894796
0.215919,-0.196974,-0.0894803
-0.215918,0.196976,0.0894793
0.215918,-0.196977,-0.0894793
