mx,my,mz
0.195801,-0.20603,0.0613594
-0.195798,0.206033,-0.0613589
0.1958,-0.206032,0.061357
-0.195798,0.206033,-0.0613572
-0.195799,0.206034,-0.0613535
0.195801,-0.206031,0.0613542
-0.195798,0.206034,-0.0613541
0.195801,-0.206031,0.061354
0.1958,-0.206032,0.061357
-0.195798,0.206033,-0.0613572
0.195801,-0.20603,0.0613594
-0.195798,0.206033,-0.0613589
-0.195798,0.206034,-0.0613542
0.195801,-0.206031,0.061354
-0.195799,0.206034,-0.0613535
0.195801,-0.206031,0.0613542
