mx,my,mz
0.254313,-0.144411,-0.0476883
-0.254312,0.144412,0.0476891
0.254313,-0.14441,-0.0476901
-0.254311,0.144414,0.0476889
-0.25431,0.144413,0.047694
0.254313,-0.144408,-0.0476929
-0.254311,0.144412,0.0476929
0.254313,-0.144408,-0.0476933
0.254313,-0.14441,-0.0476901
-0.254311,0.144414,0.0476889
0.254313,-0.144411,-0.0476883
-0.254312,0.144412,0.0476891
-0.254311,0.144412,0.0476929
0.254313,-0.144408,-0.0476933
-0.25431,0.144413,0.047694
0.254313,-0.144408,-0.0476929
