mx,my,mz
-0.154655,-0.0170989,0.040669
0.154655,0.0170989,-0.040669
-0.154655,-0.0170989,0.040669
0.154655,0.0170989,-0.040669
0.154655,0.0170989,-0.040669
-0.154655,-0.0170989,0.040669
0.154655,0.0170989,-0.040669
-0.154655,-0.0170989,0.040669
-0.154655,-0.0170989,0.040669
0.154655,0.0170989,-0.040669
-0.154655,-0.0170989,0.040669
0.154655,0.0170989,-0.040669
0.154655,0.0170989,-0.040669
-0.154655,-0.0170989,0.040669
0.154655,0.0170989,-0.040669
-0.154655,-0.0170989,0.040669
