mx,my,mz
-0.22061,0.148003,0.0264898
0.22061,-0.148003,-0.0264907
-0.22061,0.148003,0.0264912
0.220611,-0.148002,-0.02649
0.220612,-0.148,-0.026487
-0.22061,0.148004,0.0264871
0.220612,-0.148001,-0.0264861
-0.220611,0.148002,0.0264846
-0.22061,0.148003,0.0264912
0.220611,-0.148002,-0.0264901
-0.22061,0.148003,0.0264899
0.22061,-0.148003,-0.0264906
0.220612,-0.148002,-0.026486
-0.220611,0.148002,0.0264846
0.220612,-0.148,-0.0264871
-0.22061,0.148004,0.0264871
