mx,my,mz
-0.226655,0.159621,-0.0911285
0.226657,-0.159618,0.0911292
-0.226655,0.159621,-0.0911306
0.226657,-0.159618,0.091131
0.226656,-0.159617,0.0911338
-0.226655,0.159619,-0.0911333
0.226656,-0.159618,0.0911329
-0.226653,0.159621,-0.0911344
-0.226655,0.159621,-0.0911305
0.226657,-0.159618,0.091131
-0.226655,0.159621,-0.0911285
0.226657,-0.159618,0.0911291
0.226656,-0.159618,0.0911329
-0.226653,0.159621,-0.0911344
0.226656,-0.159617,0.0911337
-0.226655,0.159619,-0.0911333
