mx,my,mz
-0.236439,0.189967,-0.0378016
0.236442,-0.189963,0.0378013
-0.236439,0.189967,-0.0378032
0.236441,-0.189965,0.0378024
0.23644,-0.189964,0.0378051
-0.236439,0.189966,-0.0378059
0.236441,-0.189963,0.0378058
-0.236439,0.189966,-0.037807
-0.236439,0.189967,-0.0378032
0.236441,-0.189965,0.0378024
-0.236439,0.189967,-0.0378016
0.236442,-0.189963,0.0378013
0.236441,-0.189963,0.0378058
-0.236439,0.189966,-0.037807
0.23644,-0.189964,0.0378051
-0.236439,0.189966,-0.0378059
