mx,my,mz
0.199527,-0.0766591,0.187791
-0.199528,0.0766613,-0.18779
0.199528,-0.0766583,0.187791
-0.199525,0.0766595,-0.187793
-0.199527,0.0766617,-0.187791
0.19953,-0.0766576,0.187789
-0.199528,0.0766622,-0.18779
0.199529,-0.07666,0.187789
0.199528,-0.0766583,0.187791
-0.199525,0.0766593,-0.187793
0.199527,-0.0766589,0.187791
-0.199528,0.0766613,-0.18779
-0.199528,0.0766623,-0.18779
0.199529,-0.07666,0.187789
-0.199527,0.0766616,-0.187791
0.19953,-0.0766577,0.187789
