mx,my,mz
0.265618,-0.109833,-0.0905538
-0.265617,0.109837,0.0905535
0.265618,-0.109833,-0.0905548
-0.265617,0.109836,0.0905532
-0.265616,0.109835,0.0905585
0.265618,-0.109832,-0.0905572
-0.265616,0.109835,0.0905587
0.265618,-0.109832,-0.0905574
0.265618,-0.109833,-0.0905548
-0.265617,0.109836,0.0905532
0.265618,-0.109833,-0.0905539
-0.265617,0.109837,0.0905535
-0.265616,0.109835,0.0905587
0.265618,-0.109832,-0.0905573
-0.265616,0.109835,0.0905585
0.265618,-0.109832,-0.0905572
