mx,my,mz
0.0593994,-0.125395,-0.27235
-0.0593819,0.125399,0.272352
0.0593957,-0.125393,-0.272351
-0.0593804,0.125401,0.272351
-0.0593909,0.125399,0.27235
0.0593928,-0.125387,-0.272354
-0.0593882,0.125396,0.272351
0.059385,-0.125393,-0.272354
0.0593956,-0.125393,-0.272351
-0.0593803,0.125401,0.272351
0.0593996,-0.125395,-0.27235
-0.059382,0.125399,0.272352
-0.0593881,0.125397,0.272351
0.0593849,-0.125393,-0.272354
-0.0593911,0.125399,0.27235
0.0593929,-0.125387,-0.272354
