mx,my,mz
0.152151,-0.260828,-0.033849
-0.152149,0.260829,0.0338507
0.152151,-0.260828,-0.0338514
-0.152149,0.260829,0.0338505
-0.152149,0.260829,0.0338549
0.15215,-0.260828,-0.0338538
-0.152148,0.260829,0.0338525
0.152152,-0.260827,-0.0338544
0.152151,-0.260828,-0.0338514
-0.152149,0.260829,0.0338505
0.152151,-0.260828,-0.033849
-0.152149,0.260829,0.0338507
-0.152148,0.260829,0.0338526
0.152152,-0.260827,-0.0338544
-0.152149,0.260829,0.0338549
0.15215,-0.260828,-0.0338538
