mx,my,mz
0.19876,-0.175875,-0.0726272
-0.198759,0.175877,0.0726273
0.198761,-0.175874,-0.0726282
-0.198758,0.175878,0.0726281
-0.198757,0.175877,0.0726319
0.19876,-0.175874,-0.0726311
-0.198758,0.175876,0.0726312
0.198759,-0.175875,-0.0726327
0.198761,-0.175874,-0.0726282
-0.198758,0.175878,0.0726281
0.19876,-0.175876,-0.0726272
-0.198759,0.175877,0.0726274
-0.198758,0.175876,0.0726312
0.198759,-0.175875,-0.0726326
-0.198757,0.175877,0.0726319
0.19876,-0.175874,-0.0726312
