mx,my,mz
-0.212987,0.157759,-0.152234
0.212991,-0.157754,0.152235
-0.212989,0.157758,-0.152233
0.212991,-0.157755,0.152233
0.212989,-0.157753,0.152238
-0.212986,0.157756,-0.152239
0.21299,-0.157753,0.152237
-0.212986,0.157757,-0.152238
-0.212989,0.157758,-0.152233
0.212991,-0.157755,0.152233
-0.212987,0.157759,-0.152234
0.212991,-0.157754,0.152235
0.21299,-0.157753,0.152237
-0.212986,0.157757,-0.152238
0.212989,-0.157753,0.152238
-0.212986,0.157756,-0.152239
