mx,my,mz
0.0624882,-0.19381,0.0323714
-0.0624882,0.19381,-0.0323714
0.0624882,-0.19381,0.0323714
-0.0624882,0.19381,-0.0323714
-0.0624881,0.19381,-0.0323713
0.0624882,-0.19381,0.0323713
-0.0624882,0.19381,-0.0323713
0.0624882,-0.19381,0.0323713
0.0624882,-0.19381,0.0323714
-0.0624882,0.19381,-0.0323714
0.0624882,-0.19381,0.0323714
-0.0624882,0.19381,-0.0323714
-0.0624882,0.19381,-0.0323713
0.0624882,-0.19381,0.0323713
-0.0624881,0.19381,-0.0323713
0.0624882,-0.19381,0.0323713
