mx,my,mz
-0.225383,0.0801645,0.0337241
0.225382,-0.0801649,-0.0337243
-0.225382,0.0801645,0.0337249
0.225383,-0.0801631,-0.0337229
0.225383,-0.0801635,-0.0337218
-0.225383,0.0801646,0.033721
0.225383,-0.0801634,-0.033721
-0.225383,0.0801652,0.0337203
-0.225383,0.0801645,0.0337249
0.225383,-0.0801633,-0.0337229
-0.225383,0.0801647,0.033724
0.225382,-0.0801648,-0.0337242
0.225384,-0.0801633,-0.033721
-0.225383,0.0801653,0.0337203
0.225383,-0.0801636,-0.0337218
-0.225383,0.0801644,0.0337209
