mx,my,mz
-0.03062,0.116725,-0.27744
0.0306326,-0.116718,0.277442
-0.0306198,0.116725,-0.27744
0.0306326,-0.116718,0.277442
0.030624,-0.116721,0.277441
-0.0306228,0.116722,-0.277441
0.030623,-0.116714,0.277444
-0.0306219,0.116722,-0.277441
-0.0306198,0.116725,-0.27744
0.0306325,-0.116718,0.277442
-0.0306199,0.116725,-0.27744
0.0306326,-0.116718,0.277442
0.0306231,-0.116714,0.277444
-0.0306219,0.116722,-0.277441
0.0306238,-0.116721,0.277441
-0.0306228,0.116722,-0.277441
