mx,my,mz
-0.218973,0.192716,-0.0913144
0.218975,-0.192713,0.0913141
-0.218973,0.192717,-0.0913117
0.218975,-0.192713,0.0913133
0.218974,-0.192713,0.0913168
-0.218972,0.192715,-0.091317
0.218974,-0.192713,0.0913164
-0.218973,0.192715,-0.0913171
-0.218973,0.192717,-0.0913117
0.218975,-0.192713,0.0913133
-0.218973,0.192716,-0.0913145
0.218975,-0.192713,0.0913142
0.218974,-0.192713,0.0913164
-0.218973,0.192715,-0.0913171
0.218974,-0.192713,0.0913168
-0.218972,0.192715,-0.091317
