mx,my,mz
0.156617,-0.159404,0.208534
-0.156614,0.159406,-0.208534
0.156619,-0.159404,0.208533
-0.156615,0.159407,-0.208533
-0.156613,0.15941,-0.208533
0.156621,-0.159406,0.20853
-0.156617,0.159411,-0.208529
0.15662,-0.159405,0.20853
0.156619,-0.159404,0.208533
-0.156615,0.159407,-0.208533
0.156617,-0.159404,0.208534
-0.156614,0.159406,-0.208534
-0.156617,0.159411,-0.208529
0.15662,-0.159405,0.20853
-0.156613,0.15941,-0.208533
0.156621,-0.159406,0.20853
