mx,my,mz
0.175003,-0.228525,-0.0301709
-0.175,0.228527,0.0301704
0.175003,-0.228525,-0.0301708
-0.175,0.228527,0.0301718
-0.175,0.228526,0.0301746
0.175003,-0.228523,-0.0301765
-0.175,0.228526,0.0301767
0.175003,-0.228524,-0.0301757
0.175003,-0.228525,-0.0301707
-0.175,0.228527,0.0301717
0.175003,-0.228525,-0.0301709
-0.175,0.228527,0.0301704
-0.175,0.228526,0.0301767
0.175003,-0.228524,-0.0301757
-0.175,0.228526,0.0301746
0.175003,-0.228523,-0.0301765
