mx,my,mz
-0.154518,0.0543153,-0.0488508
0.154518,-0.0543153,0.0488508
-0.154518,0.0543153,-0.0488508
0.154518,-0.0543153,0.0488508
0.154518,-0.0543153,0.0488508
-0.154518,0.0543153,-0.0488508
0.154518,-0.0543153,0.0488508
-0.154518,0.0543153,-0.0488508
-0.154518,0.0543153,-0.0488508
0.154518,-0.0543153,0.0488508
-0.154518,0.0543153,-0.0488508
0.154518,-0.0543153,0.0488508
0.154518,-0.0543153,0.0488508
-0.154518,0.0543153,-0.0488508
0.154518,-0.0543153,0.0488508
-0.154518,0.0543153,-0.0488508
