mx,my,mz
0.202284,-0.048846,0.183142
-0.202284,0.0488457,-0.183142
0.202282,-0.0488431,0.183144
-0.202283,0.0488471,-0.183142
-0.202285,0.048848,-0.18314
0.202287,-0.0488447,0.183138
-0.202283,0.0488502,-0.183141
0.202286,-0.0488449,0.18314
0.202283,-0.0488431,0.183144
-0.202283,0.0488471,-0.183142
0.202284,-0.0488458,0.183142
-0.202284,0.0488455,-0.183142
-0.202283,0.0488502,-0.183141
0.202286,-0.048845,0.18314
-0.202284,0.0488479,-0.183141
0.202287,-0.0488447,0.183139
