mx,my,mz
0.241863,-0.141189,-0.0234889
-0.241861,0.141192,0.0234906
0.241862,-0.14119,-0.0234911
-0.24186,0.141194,0.0234891
-0.241861,0.141192,0.0234947
0.241862,-0.141189,-0.0234944
-0.24186,0.141193,0.0234947
0.241862,-0.141191,-0.0234937
0.241862,-0.141191,-0.0234911
-0.24186,0.141194,0.0234891
0.241863,-0.141189,-0.0234889
-0.241861,0.141193,0.0234907
-0.24186,0.141193,0.0234947
0.241862,-0.141191,-0.0234937
-0.241861,0.141192,0.0234947
0.241862,-0.14119,-0.0234945
