mx,my,mz
-0.185209,0.12011,-0.132446
0.185211,-0.120108,0.132445
-0.185209,0.12011,-0.132446
0.18521,-0.120107,0.132447
0.185209,-0.120107,0.132448
-0.185209,0.120107,-0.132449
0.185208,-0.120107,0.13245
-0.185207,0.120108,-0.132451
-0.185209,0.12011,-0.132446
0.18521,-0.120107,0.132447
-0.185209,0.12011,-0.132446
0.185211,-0.120108,0.132445
0.185208,-0.120107,0.13245
-0.185207,0.120108,-0.132451
0.18521,-0.120107,0.132448
-0.185209,0.120107,-0.132449
