mx,my,mz
0.184115,-0.235185,0.0409605
-0.184113,0.235187,-0.0409585
0.184115,-0.235185,0.0409591
-0.184111,0.235188,-0.0409612
-0.184113,0.235187,-0.0409564
0.184115,-0.235186,0.0409566
-0.184113,0.235187,-0.040957
0.184115,-0.235186,0.0409566
0.184115,-0.235185,0.040959
-0.184111,0.235188,-0.0409612
0.184115,-0.235185,0.0409604
-0.184113,0.235187,-0.0409585
-0.184113,0.235187,-0.040957
0.184115,-0.235186,0.0409566
-0.184113,0.235187,-0.0409564
0.184115,-0.235186,0.0409565
