mx,my,mz
0.0238806,-0.0568886,-0.102065
-0.0238806,0.0568886,0.102065
0.0238806,-0.0568886,-0.102065
-0.0238806,0.0568887,0.102065
-0.0238806,0.0568886,0.102065
0.0238806,-0.0568886,-0.102065
-0.0238806,0.0568886,0.102065
0.0238806,-0.0568886,-0.102065
0.0238806,-0.0568886,-0.102065
-0.0238806,0.0568887,0.102065
0.0238806,-0.0568886,-0.102065
-0.0238806,0.0568886,0.102065
-0.0238806,0.0568886,0.102065
0.0238806,-0.0568886,-0.102065
-0.0238806,0.0568886,0.102065
0.0238806,-0.0568886,-0.102065
