mx,my,mz
-0.166978,0.243854,0.0482526
0.166981,-0.243851,-0.0482566
-0.166978,0.243853,0.0482552
0.166981,-0.243851,-0.0482545
0.166982,-0.243851,-0.0482503
-0.166979,0.243854,0.0482492
0.166982,-0.243851,-0.0482483
-0.166978,0.243854,0.0482508
-0.166978,0.243853,0.0482552
0.166981,-0.243851,-0.0482546
-0.166978,0.243854,0.0482526
0.166981,-0.243851,-0.0482565
0.166983,-0.243851,-0.0482483
-0.166978,0.243854,0.0482509
0.166982,-0.243851,-0.0482503
-0.166979,0.243854,0.0482492
