mx,my,mz
0.063273,0.156143,0.113502
-0.063273,-0.156143,-0.113502
0.063273,0.156143,0.113502
-0.063273,-0.156143,-0.113502
-0.063273,-0.156143,-0.113502
0.063273,0.156143,0.113502
-0.063273,-0.156143,-0.113502
0.063273,0.156143,0.113502
0.063273,0.156143,0.113502
-0.063273,-0.156143,-0.113502
0.063273,0.156143,0.113502
-0.063273,-0.156143,-0.113502
-0.063273,-0.156143,-0.113502
0.063273,0.156143,0.113502
-0.063273,-0.156143,-0.113502
0.063273,0.156143,0.113502
