mx,my,mz
0.0131295,-0.0565617,0.192473
-0.0131295,0.0565617,-0.192473
0.0131295,-0.0565617,0.192473
-0.0131295,0.0565617,-0.192473
-0.0131295,0.0565617,-0.192473
0.0131295,-0.0565617,0.192473
-0.0131295,0.0565617,-0.192473
0.0131295,-0.0565617,0.192473
0.0131295,-0.0565617,0.192473
-0.0131295,0.0565617,-0.192473
0.0131295,-0.0565617,0.192473
-0.0131295,0.0565617,-0.192473
-0.0131295,0.0565617,-0.192473
0.0131295,-0.0565617,0.192473
-0.0131295,0.0565617,-0.192473
0.0131295,-0.0565617,0.192473
