mx,my,mz
-0.0120675,0.0351287,-0.302574
0.0121074,-0.0351124,0.302574
-0.0120678,0.0351307,-0.302573
0.0120923,-0.0350888,0.302577
0.0120921,-0.0351088,0.302575
-0.0120761,0.0351263,-0.302573
0.0120857,-0.0351163,0.302574
-0.012082,0.0351285,-0.302573
-0.0120676,0.0351308,-0.302573
0.0120925,-0.0350885,0.302577
-0.0120677,0.0351286,-0.302574
0.0121072,-0.0351126,0.302574
0.0120855,-0.0351165,0.302574
-0.0120822,0.0351283,-0.302573
0.0120923,-0.0351089,0.302575
-0.0120759,0.0351267,-0.302573
