mx,my,mz
0.221241,-0.0195534,0.188083
-0.221241,0.0195548,-0.188082
0.221241,-0.0195535,0.188082
-0.221239,0.0195528,-0.188085
-0.221241,0.0195569,-0.188082
0.221242,-0.0195532,0.188081
-0.221242,0.0195575,-0.188081
0.221242,-0.0195539,0.188081
0.221241,-0.0195534,0.188082
-0.221239,0.0195528,-0.188085
0.221241,-0.0195534,0.188083
-0.221241,0.0195548,-0.188082
-0.221242,0.0195574,-0.188081
0.221242,-0.0195538,0.188081
-0.221241,0.0195569,-0.188082
0.221242,-0.0195532,0.188081
