mx,my,mz
0.148878,-0.0804925,0.0618464
-0.148878,0.0804925,-0.0618464
0.148878,-0.0804925,0.0618464
-0.148878,0.0804925,-0.0618464
-0.148878,0.0804925,-0.0618464
0.148878,-0.0804926,0.0618464
-0.148878,0.0804925,-0.0618464
0.148878,-0.0804925,0.0618464
0.148878,-0.0804925,0.0618464
-0.148878,0.0804925,-0.0618464
0.148878,-0.0804925,0.0618464
-0.148878,0.0804925,-0.0618464
-0.148878,0.0804925,-0.0618464
0.148878,-0.0804925,0.0618464
-0.148878,0.0804925,-0.0618464
0.148878,-0.0804926,0.0618464
