mx,my,mz
-0.0406075,0.0240722,-0.30166
0.0406522,-0.024062,0.301655
-0.0406357,0.02409,-0.301655
0.0406521,-0.0240664,0.301655
0.0406387,-0.0240661,0.301657
-0.0406317,0.0240794,-0.301657
0.0406408,-0.0240658,0.301656
-0.0406314,0.0240818,-0.301656
-0.0406358,0.02409,-0.301655
0.0406518,-0.0240666,0.301655
-0.0406074,0.0240723,-0.30166
0.0406524,-0.024062,0.301655
0.040641,-0.0240656,0.301656
-0.0406313,0.0240817,-0.301656
0.0406387,-0.024066,0.301657
-0.040632,0.0240792,-0.301657
