mx,my,mz
0.0719617,-0.0927437,-0.271414
-0.0719573,0.0927625,0.271409
0.0719693,-0.0927499,-0.27141
-0.0719537,0.0927581,0.271411
-0.0719569,0.0927537,0.271412
0.0719562,-0.0927498,-0.271414
-0.0719605,0.0927563,0.27141
0.071961,-0.0927525,-0.271411
0.0719696,-0.0927502,-0.27141
-0.0719541,0.0927584,0.271411
0.071962,-0.0927436,-0.271414
-0.0719575,0.0927624,0.271409
-0.0719605,0.0927565,0.27141
0.0719611,-0.0927528,-0.271411
-0.071957,0.0927536,0.271412
0.0719562,-0.0927497,-0.271414
