mx,my,mz
-0.159613,0.0109351,-0.142102
0.159613,-0.0109351,0.142102
-0.159613,0.0109351,-0.142102
0.159613,-0.0109351,0.142102
0.159613,-0.0109351,0.142102
-0.159613,0.0109351,-0.142102
0.159613,-0.0109351,0.142102
-0.159613,0.0109351,-0.142102
-0.159613,0.0109351,-0.142102
0.159613,-0.0109351,0.142102
-0.159613,0.0109351,-0.142102
0.159613,-0.0109351,0.142102
0.159613,-0.0109351,0.142102
-0.159613,0.0109351,-0.142102
0.159613,-0.0109351,0.142102
-0.159613,0.0109351,-0.142102
