mx,my,mz
-0.153196,-0.0170898,0.0402201
0.153196,0.0170898,-0.0402201
-0.153196,-0.0170898,0.0402201
0.153196,0.0170898,-0.0402201
0.153196,0.0170898,-0.0402201
-0.153196,-0.0170898,0.0402201
0.153196,0.0170898,-0.0402201
-0.153196,-0.0170898,0.0402201
-0.153196,-0.0170898,0.0402201
0.153196,0.0170898,-0.0402201
-0.153196,-0.0170898,0.0402201
0.153196,0.0170898,-0.0402201
0.153196,0.0170898,-0.0402201
-0.153196,-0.0170898,0.0402201
0.153196,0.0170898,-0.0402201
-0.153196,-0.0170898,0.0402201
