mx,my,mz
0.213625,-0.206581,-0.0715226
-0.213622,0.206584,0.0715218
0.213625,-0.206581,-0.0715233
-0.213623,0.206583,0.0715232
-0.213623,0.206582,0.0715251
0.213624,-0.206581,-0.0715242
-0.21362,0.206585,0.0715266
0.213624,-0.20658,-0.0715271
0.213625,-0.206581,-0.0715234
-0.213623,0.206583,0.0715232
0.213625,-0.206581,-0.0715226
-0.213622,0.206584,0.0715218
-0.21362,0.206584,0.0715266
0.213624,-0.20658,-0.0715271
-0.213623,0.206582,0.0715251
0.213624,-0.206581,-0.0715242
