mx,my,mz
-0.135203,0.0776699,0.118155
0.135203,-0.0776699,-0.118155
-0.135203,0.0776699,0.118155
0.135203,-0.0776699,-0.118155
0.135203,-0.0776699,-0.118155
-0.135203,0.0776699,0.118155
0.135203,-0.0776699,-0.118155
-0.135203,0.0776699,0.118155
-0.135203,0.0776699,0.118155
0.135203,-0.0776699,-0.118155
-0.135203,0.0776699,0.118155
0.135203,-0.0776699,-0.118155
0.135203,-0.0776699,-0.118155
-0.135203,0.0776699,0.118155
0.135203,-0.0776699,-0.118155
-0.135203,0.0776699,0.118155
