mx,my,mz
-0.160847,0.0114247,-0.143474
0.160847,-0.0114247,0.143474
-0.160847,0.0114247,-0.143474
0.160847,-0.0114247,0.143474
0.160847,-0.0114247,0.143474
-0.160847,0.0114247,-0.143474
0.160847,-0.0114247,0.143474
-0.160847,0.0114247,-0.143474
-0.160847,0.0114247,-0.143474
0.160847,-0.0114247,0.143474
-0.160847,0.0114247,-0.143474
0.160847,-0.0114247,0.143474
0.160847,-0.0114247,0.143474
-0.160847,0.0114247,-0.143474
0.160847,-0.0114247,0.143474
-0.160847,0.0114247,-0.143474
