mx,my,mz
-0.126079,0.151939,0.233336
0.126082,-0.151934,-0.233337
-0.12608,0.15194,0.233335
0.126084,-0.151938,-0.233333
0.126087,-0.151936,-0.233333
-0.126081,0.151942,0.233332
0.126085,-0.151939,-0.233332
-0.126079,0.151942,0.233334
-0.12608,0.15194,0.233335
0.126084,-0.151938,-0.233333
-0.126079,0.151939,0.233336
0.126082,-0.151934,-0.233337
0.126085,-0.151939,-0.233332
-0.126079,0.151942,0.233334
0.126087,-0.151936,-0.233333
-0.126081,0.151942,0.233332
