mx,my,mz
0.0717316,-0.0928493,-0.270985
-0.0717272,0.092868,0.27098
0.0717392,-0.0928555,-0.270981
-0.0717237,0.0928636,0.270982
-0.0717269,0.0928592,0.270983
0.0717261,-0.0928554,-0.270984
-0.0717304,0.0928618,0.270981
0.0717309,-0.0928581,-0.270982
0.0717395,-0.0928557,-0.270981
-0.0717241,0.0928638,0.270982
0.0717319,-0.0928492,-0.270985
-0.0717274,0.0928679,0.27098
-0.0717305,0.092862,0.270981
0.071731,-0.0928583,-0.270982
-0.071727,0.0928591,0.270983
0.0717261,-0.0928552,-0.270984
