mx,my,mz
-0.230691,0.142816,0.136163
0.230693,-0.142814,-0.136163
-0.230691,0.142816,0.136164
0.230694,-0.142813,-0.136162
0.230695,-0.142814,-0.136159
-0.230691,0.142818,0.136161
0.230694,-0.142813,-0.136161
-0.230693,0.142818,0.136159
-0.230691,0.142816,0.136164
0.230694,-0.142813,-0.136162
-0.230691,0.142816,0.136163
0.230693,-0.142814,-0.136163
0.230694,-0.142813,-0.136161
-0.230693,0.142818,0.136159
0.230695,-0.142814,-0.136159
-0.230691,0.142818,0.136161
