mx,my,mz
0.0262925,-0.0341566,0.0238098
-0.0262923,0.0341567,-0.0238099
0.0262925,-0.0341566,0.0238098
-0.14425,0.187406,-0.130637
-0.0262923,0.0341567,-0.0238099
0.0262925,-0.0341566,0.0238098
-0.0262923,0.0341567,-0.0238099
0.144261,-0.187401,0.130632
0.0262925,-0.0341566,0.0238098
-0.14425,0.187406,-0.130637
0.0262925,-0.0341566,0.0238098
-0.0262923,0.0341567,-0.0238099
-0.0262923,0.0341567,-0.0238099
0.144261,-0.187401,0.130632
-0.0262923,0.0341567,-0.0238099
0.0262925,-0.0341566,0.0238098
