mx,my,mz
0.177058,-0.23081,0.0937128
-0.177042,0.23079,-0.0937048
0.177057,-0.23081,0.0937128
-0.177042,0.23079,-0.0937048
-0.177042,0.23079,-0.0937048
0.176941,-0.230659,0.0936513
-0.177042,0.23079,-0.0937048
0.177058,-0.23081,0.0937128
0.177057,-0.23081,0.0937128
-0.177042,0.23079,-0.0937048
0.177058,-0.23081,0.0937128
-0.177042,0.23079,-0.0937048
-0.177042,0.23079,-0.0937048
0.177058,-0.23081,0.0937128
-0.177042,0.23079,-0.0937048
0.176941,-0.230659,0.0936513
