mx,my,mz
-0.0585372,-0.0242875,-0.030505
0.203343,0.0843648,0.105958
-0.0585373,-0.0242875,-0.030505
0.0138619,0.00575173,0.0072235
0.203336,0.0843676,0.105969
-0.0585373,-0.0242876,-0.030505
0.203338,0.084365,0.105968
-0.240203,-0.0996646,-0.125173
-0.0585373,-0.0242876,-0.030505
0.0138619,0.00575181,0.00722347
-0.0585373,-0.0242876,-0.030505
0.203343,0.0843648,0.105958
0.203338,0.084365,0.105968
-0.240203,-0.0996646,-0.125173
0.203336,0.0843676,0.105969
-0.0585373,-0.0242875,-0.030505
