mx,my,mz
-0.0156149,0.197279,0.143271
0.0184426,-0.233004,-0.169216
-0.0156149,0.197279,0.143271
0.0044949,-0.0567886,-0.0412419
0.0044949,-0.0567886,-0.0412419
-0.0156149,0.197279,0.143271
0.0044949,-0.0567886,-0.0412419
-0.00106403,0.013443,0.00976278
-0.0156149,0.197279,0.143271
0.0044949,-0.0567886,-0.0412419
-0.0156149,0.197279,0.143271
0.0184426,-0.233004,-0.169216
0.0044949,-0.0567886,-0.0412419
-0.00106403,0.013443,0.00976278
0.0044949,-0.0567886,-0.0412419
-0.0156149,0.197279,0.143271
