mx,my,mz
0.120084,-0.160894,-0.230477
-0.12008,0.160897,0.230477
0.120084,-0.160894,-0.230478
-0.120082,0.160896,0.230477
-0.120082,0.160894,0.230478
0.120082,-0.160895,-0.230478
-0.120082,0.160895,0.230478
0.120083,-0.160894,-0.230478
0.120084,-0.160894,-0.230478
-0.120082,0.160896,0.230477
0.120084,-0.160894,-0.230477
-0.12008,0.160897,0.230477
-0.120082,0.160895,0.230478
0.120083,-0.160894,-0.230478
-0.120082,0.160894,0.230478
0.120082,-0.160895,-0.230478
