mx,my,mz
-0.26979,-0.068795,0.0394969
0.276383,0.0704763,-0.0404618
-0.26979,-0.0687951,0.0394967
0.276383,0.0704763,-0.0404618
0.276383,0.0704763,-0.0404617
-0.0563151,-0.0143601,0.00824436
0.276383,0.0704764,-0.0404617
-0.26979,-0.0687947,0.0394964
-0.26979,-0.0687951,0.0394967
0.276383,0.0704763,-0.0404618
-0.26979,-0.068795,0.0394969
0.276383,0.0704763,-0.0404618
0.276383,0.0704764,-0.0404617
-0.26979,-0.0687947,0.0394964
0.276383,0.0704763,-0.0404617
-0.0563151,-0.0143601,0.00824435
