mx,my,mz
0.0247771,-0.0337498,0.0235954
-0.0246857,0.0336253,-0.0235084
0.0247771,-0.0337498,0.0235954
-0.134487,0.18319,-0.128074
-0.0246857,0.0336253,-0.0235084
0.0247771,-0.0337498,0.0235954
-0.0246857,0.0336253,-0.0235084
0.137945,-0.187898,0.131365
0.0247771,-0.0337498,0.0235954
-0.134487,0.18319,-0.128074
0.0247771,-0.0337498,0.0235954
-0.0246857,0.0336253,-0.0235084
-0.0246857,0.0336253,-0.0235084
0.137945,-0.187898,0.131365
-0.0246857,0.0336253,-0.0235084
0.0247771,-0.0337498,0.0235954
