mx,my,mz
-0.0578628,-0.286934,0.0887225
0.051108,0.253415,-0.0783555
-0.0173216,-0.0858894,0.026557
0.0511083,0.253415,-0.0783556
0.051108,0.253415,-0.0783549
-0.0173216,-0.0858894,0.0265569
0.0511082,0.253415,-0.078355
-0.0173214,-0.0858894,0.0265569
-0.0173217,-0.0858894,0.0265569
0.0511084,0.253415,-0.0783556
-0.0578628,-0.286934,0.0887225
0.051108,0.253415,-0.0783555
0.0511083,0.253415,-0.078355
-0.0173218,-0.0858893,0.0265569
0.0511081,0.253415,-0.0783549
-0.0173217,-0.0858893,0.026557
